# Blender 4.0.1
# www.blender.org
mtllib collection4.mtl
o rock13hi
v -0.085724 0.724925 -4.186367
v 0.111684 0.723325 -4.059606
v -0.201442 0.630508 -4.148028
v -0.264446 0.517627 -4.178244
v -0.058073 0.422557 -3.740503
v -0.230262 0.442629 -4.008867
v 0.339068 0.292667 -3.410263
v -0.077031 0.166522 -3.627217
v -0.371114 0.162797 -3.943956
v -0.132696 0.797226 -4.209562
v -0.352466 0.654896 -4.332758
v -0.357248 0.591484 -4.367918
v -0.540344 0.515698 -4.384722
v 0.017947 0.637086 -3.938267
v 0.394186 0.793865 -3.816947
v -0.190865 0.530078 -4.015491
v -0.231821 0.325059 -3.866502
v -0.071348 0.376207 -3.803760
v 0.057977 0.264052 -3.572216
v -0.640753 0.255897 -4.249589
v -0.347596 0.535841 -4.262552
v -0.481096 0.287229 -4.133029
v -0.353828 0.464883 -4.202013
v -0.053133 0.796389 -4.295066
v -0.104784 0.305971 -3.733873
v 0.808659 0.052399 -6.136359
v 2.128272 0.413021 -5.894964
v 2.035196 0.364803 -6.044660
v 1.838414 0.192284 -6.167112
v 1.523977 0.077946 -6.259962
v 1.022116 0.199131 -6.043066
v 1.166937 0.253756 -5.950660
v 1.010939 0.113676 -6.199863
v 0.948146 0.094464 -6.106876
v 1.995293 0.495238 -5.894672
v 1.806249 0.378641 -5.957095
v 1.560693 0.247341 -6.083247
v 1.546542 0.127457 -6.138011
v 1.562097 0.074930 -6.169526
v 2.075476 0.309631 -6.091090
v 1.952640 0.229835 -6.127894
v 1.894413 0.312786 -6.088811
v 1.260352 0.493931 -5.631466
v 1.320949 0.549593 -5.580680
v 1.434742 0.370823 -5.906900
v 1.270527 0.362325 -5.802994
v 1.249124 0.230494 -5.919147
v 1.392857 0.296017 -5.887305
v 1.041610 0.048145 -6.110832
v 1.244712 0.120268 -6.272915
v 1.117100 0.094990 -6.095712
v 0.901233 0.018255 -6.203843
v 0.814694 0.057021 -6.073493
v 2.198164 0.296706 -5.904489
v 1.337905 0.197839 -6.030701
v 0.677021 -0.038953 -6.091486
v 3.936019 0.110004 -4.664825
v 0.573639 -0.017146 -3.190890
v -1.213236 -0.035360 -4.629498
v 3.127124 0.242095 -3.609385
v 2.511672 0.476426 -5.403748
v 1.004470 0.938906 -5.133001
v -0.837810 0.384089 -4.513545
v -0.824307 0.520081 -4.599535
v -0.724826 -0.053540 -4.220687
v 1.788852 0.840333 -5.368091
v 2.224338 0.099779 -6.291877
v 2.737260 0.592612 -4.130479
v 2.183698 0.806136 -5.532943
v 3.569972 -0.142254 -5.240449
v 2.461699 0.218177 -3.540539
v 1.646074 -0.077231 -3.177037
v 3.366956 -0.141723 -5.855696
v 3.945647 0.251464 -4.192404
v 1.643435 1.013511 -4.888736
v 2.073340 0.870268 -4.527962
v 1.448126 0.909647 -5.172396
v 1.691041 -0.064866 -3.231069
v 2.979521 0.467138 -4.055361
v 0.547371 0.068423 -3.220581
v 1.671157 0.920060 -5.236422
v 3.209719 -0.076368 -3.478871
v -0.817527 -0.057746 -5.616989
v 3.986970 0.219521 -4.260627
v -0.925889 -0.036044 -5.274593
v 1.554681 0.908035 -5.250040
v 0.576663 0.805680 -5.153502
v 1.749854 0.819275 -4.184159
v -0.730028 0.123247 -4.280456
v -0.836374 0.436925 -4.464271
v 1.587686 0.036903 -3.200129
v 3.638261 0.294034 -5.641763
v -0.853542 0.429188 -4.729512
v 1.782940 0.789989 -5.389619
v 1.707629 0.880315 -4.117063
v 3.333219 -0.159303 -5.944242
v 1.306205 -0.068106 -3.031546
v 1.401525 0.752353 -5.370272
v 2.517927 0.788819 -5.339998
v 3.434807 -0.156804 -5.465405
v 1.880274 0.833438 -4.243695
v 3.822564 -0.138154 -4.456744
v -0.205032 -0.054853 -3.469953
v -0.120191 -0.074732 -6.023960
v 3.850420 -0.090535 -3.865767
v 2.560198 0.156113 -5.900688
v 1.836737 0.898785 -4.922291
v 3.846579 0.485254 -4.150889
v 2.150599 0.676451 -5.556600
v 3.137221 0.729107 -5.316510
v 0.096948 -0.111321 -6.031839
v 2.310415 0.590457 -3.988919
v 1.398953 0.687988 -3.731985
v 3.891421 0.262209 -4.099465
v 2.223567 0.885179 -5.410646
v 4.001383 -0.023644 -4.071183
v -1.171510 0.001166 -4.654838
v -0.083109 0.949693 -4.953196
v 1.823609 0.820854 -5.444130
v 1.065333 0.867331 -5.201656
v 2.179674 0.856840 -4.856040
v 2.994273 -0.101083 -3.367313
v 1.236931 0.781534 -5.454605
v 2.645002 0.077911 -5.804990
v 2.943726 0.217095 -5.745909
v 2.647101 0.439777 -5.763217
v -0.942266 -0.072153 -5.443520
v 0.610226 0.969661 -4.643254
v 3.627365 0.065458 -5.544821
v 0.616565 -0.027170 -3.162528
v 2.928452 0.428076 -5.623404
v 1.933997 0.892542 -4.478731
v 4.034841 0.492814 -4.802733
v 1.570996 0.244705 -3.287499
v 1.618398 0.925724 -4.292840
v -0.067344 0.838357 -4.971338
v 1.713802 0.782536 -4.062338
v 3.627571 0.170736 -5.311069
v 2.957889 0.827082 -5.368373
v 1.832832 0.909113 -5.110190
v 3.890900 -0.013203 -4.714938
v 2.744817 0.545618 -4.053232
v 2.278158 -0.033286 -6.394784
v 2.889307 0.092068 -6.014832
v 0.688024 -0.089222 -6.194672
v 3.585819 -0.121408 -3.554537
v 3.424143 -0.142694 -5.344630
v -0.295537 0.418905 -5.344394
v 3.475695 0.493858 -4.102241
v 3.246550 0.855163 -4.627600
v -0.552439 -0.051710 -5.890720
v 2.082837 0.751428 -4.472232
v 3.359057 -0.005193 -3.553440
v 2.707147 -0.043503 -6.108077
v 2.133919 0.406174 -3.671579
v 3.949681 0.683557 -4.859899
v -1.227387 -0.073311 -5.177613
v 2.050071 0.386851 -3.558620
v 3.903406 0.413114 -4.166255
v -1.122552 -0.018469 -4.566281
v 2.331927 0.532191 -4.116142
v 3.532301 0.114302 -3.724499
v 1.447345 -0.053323 -3.027687
v 2.236573 0.832024 -4.985595
v 1.528394 0.046774 -3.191771
v 3.620394 -0.136771 -5.251844
v 3.856324 0.169416 -5.057419
v 2.872705 0.171925 -3.472202
v -0.601016 -0.054268 -4.067514
v 2.381491 0.297077 -3.528113
v 3.466149 -0.128407 -3.523802
v 0.871946 0.964663 -5.161490
v 2.700227 0.277421 -5.611873
v 2.557871 0.435316 -5.542196
v -0.168872 0.100339 -5.936675
v 1.694322 0.788284 -5.366652
v 1.088633 1.034813 -4.995405
v 2.733013 0.287585 -3.679677
v 3.754930 0.035311 -5.095587
v 2.817544 0.125752 -5.680093
v 2.642214 0.212891 -5.660770
v 1.555672 -0.114825 -6.485327
v 3.342418 -0.118033 -3.506284
v 1.327595 0.620090 -3.530022
v 3.895170 0.544165 -4.450059
v 1.097388 -0.121550 -6.525513
v 3.285827 0.165705 -3.637342
v 3.717154 0.839736 -4.841735
v 2.103496 0.821207 -5.520127
v 3.351222 0.450046 -5.716403
v 0.311160 -0.081968 -6.047991
v 1.587131 0.952747 -5.256163
v 3.960889 0.394079 -4.312070
v 1.139488 0.908947 -5.160851
v 3.816063 0.195611 -5.110423
v 3.854314 0.083422 -4.943627
v 2.598630 -0.041520 -3.415799
v 2.103858 0.714970 -5.539752
v 1.355898 -0.077888 -6.518777
v 2.769382 0.264298 -5.699768
v 3.797880 -0.104030 -3.820265
v 2.205712 0.637843 -5.492025
v -1.276958 -0.055665 -4.676648
v 4.021713 0.527811 -4.534745
v 3.408365 -0.117368 -5.483624
v 0.469730 0.367944 -3.345791
v 2.495343 0.768296 -4.491222
v 0.818691 0.014937 -3.088501
v 3.666547 0.444516 -5.553397
v 0.954511 -0.131766 -6.443330
v 2.237894 0.794820 -4.518682
v 1.898997 0.751842 -5.443016
v -0.589970 0.372683 -4.242441
v 2.586079 0.251775 -3.568969
v 2.868694 0.210194 -5.781541
v 3.599026 0.025930 -5.441907
v 1.930189 0.784190 -4.413609
v 0.518926 -0.025490 -3.220096
v 1.665018 0.113171 -3.290020
v 2.210481 0.759452 -5.479162
v 3.484609 -0.046250 -3.558473
v 2.065197 0.091383 -3.360261
v 0.193315 0.821161 -5.121576
v 0.354519 0.033324 -3.393074
v 2.631030 0.740653 -4.753238
v 3.321020 -0.146538 -6.005145
v 3.829372 0.365422 -5.106412
v 3.821668 0.586662 -5.129866
v 2.414942 0.604270 -5.825187
v 3.495208 -0.162867 -5.582596
v 3.154099 -0.126701 -6.156845
v -1.237543 -0.037764 -5.030471
v -0.622349 -0.035418 -5.814946
v -1.056223 -0.056049 -4.498592
v 1.916877 -0.087490 -3.157633
v 1.370821 -0.133214 -6.543256
v 0.924525 1.018219 -4.933414
v 3.617024 0.410869 -5.104666
v -1.117861 -0.063858 -5.256588
v 3.972409 0.499343 -4.418806
v 3.603441 0.250463 -5.214796
v 2.571864 0.214605 -5.852355
v 2.121951 -0.086106 -3.246100
v 3.138910 0.767457 -5.198525
v 3.585567 0.092461 -5.380688
v -0.027302 0.922163 -5.015399
v 2.750782 -0.027219 -5.977903
v -0.254168 0.154081 -5.744429
v 2.415590 0.247173 -6.012785
v 1.329813 1.015391 -5.147400
v -0.188665 0.940681 -4.885334
v -0.540534 0.079647 -5.618719
v 1.112585 0.965728 -5.035918
v 0.926479 0.835951 -5.140865
v 2.592211 0.024388 -6.173921
v 2.197997 -0.090467 -3.273346
v 2.552722 -0.020792 -6.090014
v -0.494740 -0.059397 -3.859892
v 3.669798 0.338008 -5.568614
v 2.629377 0.349883 -5.723173
v 3.584100 -0.002467 -5.238494
v 2.637156 0.348917 -3.734076
v 3.638897 0.469501 -5.356760
v 1.438243 1.123627 -5.021113
v -0.648360 0.064750 -5.334479
v 1.700169 0.961058 -5.039441
v 2.446398 0.487782 -5.455906
v 3.963531 0.253545 -4.627903
v 3.880791 0.566705 -4.366508
v -0.472046 0.745024 -4.611295
v 3.468111 0.122245 -5.634561
v -1.234950 -0.003268 -4.953341
v -1.278001 -0.043249 -4.778477
v 1.453609 0.651504 -3.645174
v 1.116624 0.583148 -3.513357
v 0.855380 0.681393 -3.564554
v 1.464311 0.584685 -3.668786
v 1.365521 0.619211 -3.594841
v 0.910547 0.694868 -3.631458
v 1.171321 0.767851 -3.681406
v 0.934207 0.753501 -3.716544
v 1.342050 0.527801 -3.552800
v 1.459391 0.464076 -3.575673
v 1.428404 0.456696 -3.503833
v 1.483111 0.440674 -3.396369
v 1.296779 0.816182 -3.986637
v 1.533123 0.657892 -3.626030
v 1.591512 0.646109 -3.673971
v 1.272250 0.460844 -3.473577
v 1.300605 0.542711 -3.508949
v 1.539965 0.360163 -3.483610
v 1.427643 0.478633 -3.437196
v 3.316468 0.206057 -3.678304
v 3.787986 0.331002 -4.005450
v 3.580993 0.523546 -4.133251
v 3.840720 0.412879 -4.092083
v 3.917397 0.549357 -4.237472
v 4.000980 0.117786 -4.120863
v 3.356602 0.136656 -3.654684
v 3.386771 0.079199 -3.614817
v 3.765226 0.308030 -3.902507
v 3.649936 0.370239 -3.962304
v 3.567658 0.225407 -3.825384
v 3.675394 0.585714 -4.319225
v 3.752725 0.575540 -4.222765
v 3.992876 0.530826 -4.339013
v 3.875718 0.639379 -4.393527
v 3.915424 0.264879 -4.442917
v 3.717865 0.132503 -3.790635
v 3.930615 0.501254 -4.450238
v 1.371375 0.703921 -5.434013
v 3.906615 -0.127003 -4.319403
v 2.559068 0.518570 -5.772721
v 3.615349 0.186136 -5.543737
v 3.987944 -0.040367 -4.180785
v 3.929932 0.424276 -4.461629
v 0.462463 0.792810 -5.061716
v 3.388070 0.108647 -5.733837
v 0.780787 0.813133 -5.150417
v -0.353383 -0.088769 -6.020743
v 3.760233 -0.088832 -3.786928
v 2.954039 -0.067224 -6.102202
v 2.470152 0.622052 -4.315490
v 2.783413 -0.070719 -6.144687
v 3.203484 0.421980 -5.763982
v 2.256507 0.400323 -5.912557
v -0.615489 0.058762 -5.519404
v 3.183647 -0.105261 -3.436375
v 2.510498 -0.040545 -6.178256
v 1.216076 0.803241 -5.190217
v 2.244394 0.246853 -3.487496
v 2.721116 0.767190 -4.657334
v 1.887757 -0.062824 -3.218888
v -1.297130 -0.067970 -4.894292
v 2.926351 -0.100367 -3.333267
v 2.461343 0.804546 -5.179352
v 1.749020 0.889719 -4.242686
v 3.422872 -0.146721 -5.734654
v 0.422076 0.785692 -5.132787
v -0.972336 0.030349 -4.526046
v -0.973263 -0.025300 -4.494367
v 2.978299 0.497503 -5.542295
v 0.441731 0.960007 -4.711696
v 0.862648 -0.106219 -6.244695
v 2.581736 0.061651 -6.063694
v 1.251362 0.976955 -5.191083
v -0.515929 0.059902 -5.705540
v 1.716985 0.967337 -4.718276
v -0.264899 0.135091 -5.802587
v 2.566015 -0.102132 -3.397083
v -0.555111 0.073261 -5.514187
v -0.416557 0.139780 -5.667643
v -0.717235 0.058644 -5.422340
v -0.273073 0.645416 -5.268345
v -0.428488 0.071370 -5.792877
v -0.176832 0.159047 -5.772985
v -0.272287 0.289335 -5.616771
v -0.489972 0.290615 -5.321661
v -0.358605 0.385647 -5.466918
v -0.800186 0.286106 -5.293891
v -0.412041 0.291845 -5.476121
v -0.540823 0.613548 -5.197628
v -0.387067 0.448872 -5.312248
v -0.538792 0.141233 -5.543769
v -0.037349 0.477399 -5.449179
v -0.273752 0.109830 -5.914828
v -0.840138 0.392026 -5.187302
v 0.128361 0.554537 -5.448052
v 0.185714 0.598465 -5.305358
v 0.253140 0.759554 -5.199378
v 0.465275 0.653310 -5.319394
v 0.375393 0.739420 -5.194529
v 0.536567 0.325656 -5.890030
v 0.002088 0.708582 -5.184032
v 0.500206 0.605376 -5.484227
v 0.685484 0.525414 -5.704864
v 0.420992 0.117326 -6.026540
v 0.158687 0.271139 -5.836137
v -0.088677 0.287997 -5.718698
v -0.885567 0.318044 -4.663806
v 0.349882 0.974042 -4.845686
v 1.075486 1.039244 -5.083552
v 1.610517 1.105330 -4.968969
v 2.568300 0.132119 -5.775232
v 2.718937 0.761520 -4.590580
v -0.790805 -0.050689 -5.680325
v -0.611135 0.014871 -5.711174
v 3.862256 -0.140085 -4.724450
v 0.869587 1.018818 -5.116393
v 2.174155 0.884669 -5.199167
v 2.954268 0.688977 -4.606398
v -0.894204 -0.068724 -5.353927
v 2.474485 0.545754 -3.927951
v -0.532124 -0.016217 -5.844644
v 3.286641 0.091207 -3.580729
v 2.903787 0.234231 -3.552145
v 3.207502 0.312626 -5.841446
v 0.060895 0.150989 -3.620728
v 2.601626 0.732087 -5.029648
v 3.469034 0.402676 -5.734824
v 2.044131 -0.088908 -3.208010
v 2.574263 0.055429 -3.469831
v 2.043664 0.187030 -3.377737
v 2.422112 -0.039306 -3.401699
v 3.130769 0.142736 -3.533113
v 3.098292 -0.102251 -3.394216
v 3.265646 -0.109410 -3.477604
v 2.855558 -0.097255 -3.309578
v 2.078620 0.007762 -3.330283
v 2.508447 -0.103748 -3.403694
v 2.466422 0.020366 -3.449988
v 2.556045 -0.076686 -3.436697
v 2.526450 0.200471 -3.532369
v 2.242719 -0.077976 -3.301429
v 2.380714 -0.084012 -3.386252
v 0.839584 0.768013 -3.643645
v 0.326436 0.365430 -3.399540
v 0.333443 0.661832 -3.675239
v -0.289931 -0.084559 -6.003561
v 0.516908 -0.104194 -6.100842
v 0.130471 0.107554 -5.964474
v 0.076197 -0.075932 -5.999411
v 1.196326 -0.131723 -6.582975
v 0.191210 -0.082239 -6.025301
v 0.453212 -0.091620 -6.079371
v -0.080673 0.054207 -5.959466
v -0.284636 0.018603 -6.016726
v 0.133325 -0.021016 -6.017733
v 1.102753 -0.020430 -6.479329
v -0.133596 0.137902 -5.833762
v 0.373533 -0.048529 -6.063918
v 0.082341 -0.047134 -3.527083
v 1.929782 0.847481 -5.465220
v -0.907215 0.364312 -4.629795
v 3.078169 0.741919 -4.667562
v 3.041193 0.498785 -4.217000
v 0.613944 0.715268 -5.286013
v -0.617383 0.728622 -4.627159
v -0.555228 0.714139 -4.700596
v 1.992715 -0.045251 -6.395825
v 2.280546 0.518836 -3.975499
v 0.447596 0.917390 -4.849650
v 1.696254 0.999732 -4.994145
v 3.763786 0.176142 -5.200960
v 1.607151 0.191027 -3.240045
v 1.886283 0.091885 -3.388590
v 1.616105 -0.004801 -3.115583
v 1.570939 -0.080631 -3.049730
v 1.080129 -0.059831 -3.042556
v 1.810942 -0.041061 -3.348220
v 1.682240 -0.012199 -3.197675
v 1.932697 0.209826 -3.457963
v 1.456467 0.044194 -3.153056
v 1.321349 0.256650 -3.259257
v 0.859223 0.047509 -3.102149
v 0.742051 0.026928 -3.076766
v 1.866477 -0.027737 -3.308613
v 2.269237 -0.068910 -3.345323
v 0.846187 -0.059171 -2.991752
v 0.658275 0.226241 -3.197274
v 1.859169 0.237842 -3.431700
v 2.895738 0.660474 -4.487068
v 2.517774 0.685117 -4.374918
v 2.867629 0.657954 -4.327935
v 2.766525 0.560438 -4.242089
v 2.458166 0.535999 -4.279608
v 2.343102 0.614843 -4.117714
v 2.661077 0.543003 -4.172096
v 2.538281 0.482270 -4.099411
v -0.724149 -0.004430 -5.614538
v 2.540828 0.457340 -3.763600
v 2.277608 0.831725 -5.411650
v 2.700687 0.234366 -3.608369
v 3.155799 0.717799 -5.037423
v 3.823018 -0.143258 -4.802047
v 1.484753 0.916702 -4.176785
v 1.043823 0.958601 -4.618129
v 3.692537 -0.145480 -5.176300
v 2.389887 0.330649 -3.691879
v 2.315898 0.429686 -3.941360
v 2.515475 0.548664 -4.001451
v 2.494586 0.423803 -3.755142
v 2.605241 0.183931 -3.561495
v 2.416007 0.313391 -3.601589
v 2.110222 0.343339 -3.576950
v 2.139670 0.288170 -3.584503
v 2.715450 0.387294 -3.798235
v 2.377050 0.513183 -3.997595
v 2.351878 0.379108 -3.720869
v -0.347404 0.812418 -4.831017
v -0.498510 0.760757 -4.905345
v -0.846947 0.360689 -4.408122
v -0.393453 0.829744 -4.750216
v -0.836557 0.468883 -4.614176
v -0.753525 0.574983 -4.599902
v -0.400555 0.839903 -4.630724
v -0.753079 0.565195 -4.651658
v -0.939687 0.291448 -4.793626
v -0.933028 0.316547 -4.524020
v -0.897012 0.389018 -4.807518
v -0.728620 0.528937 -4.495687
v -0.783051 0.465042 -4.526232
v 1.365853 0.545032 -5.610788
v 2.629896 0.326513 -5.540792
v 3.947065 -0.127644 -4.240139
v -0.881060 0.240828 -4.404968
v -0.865291 0.250265 -4.466552
v -0.861572 0.120096 -4.417799
v 3.990786 0.451285 -4.751778
v 4.018084 0.396118 -4.811862
v 0.645640 0.767255 -5.152804
v 2.527258 0.715391 -5.156604
v 3.485960 0.435687 -5.681647
v 2.614790 0.641132 -5.321856
v 1.189570 1.038890 -4.923977
v -0.623935 -0.061619 -5.861315
v -0.674412 -0.064823 -5.805704
v 3.007041 0.155915 -3.501076
v -0.756557 0.017501 -5.301885
v 3.824924 0.131647 -4.570562
v 3.994747 0.674686 -4.750672
v 3.421647 0.211872 -3.768537
v 3.409441 0.431788 -3.973017
v 3.237956 0.332409 -3.782339
v 3.350143 0.252741 -3.749450
v 2.373537 -0.008168 -6.218974
v 3.394195 -0.144796 -5.789199
v 3.157828 0.026353 -5.977964
v 2.951119 0.130752 -6.011866
v 3.409285 -0.070137 -5.691908
v 1.318527 -0.127230 -6.560453
v 1.450804 -0.115179 -6.524552
v 1.596106 -0.058743 -6.461429
v 1.707462 -0.104278 -6.434366
v 1.494211 0.822720 -5.302357
v 3.600493 -0.041151 -3.631672
v 2.067807 0.351566 -5.935779
v 1.618466 1.007891 -5.041512
v 3.464432 -0.140052 -5.283700
v -0.570115 -0.011159 -4.047834
v 3.914973 0.317423 -4.479443
v 2.844955 0.022490 -5.783393
v -1.249844 -0.042597 -5.121189
v -1.229936 -0.021850 -5.074290
v 3.766288 0.800142 -4.477859
v -0.687730 -0.038580 -5.735027
v 3.986627 0.267305 -4.810526
v 3.795542 0.818022 -4.592149
v 4.004869 0.558972 -4.763021
v 3.978144 0.572150 -4.692376
v 3.753198 0.765885 -4.833808
v 3.935823 0.545168 -5.099315
v 4.004689 0.496863 -4.635776
v 3.990870 0.661878 -4.693980
v 4.044766 0.622104 -4.569607
v 3.843274 0.755843 -4.748492
v 3.994600 0.610606 -4.981275
v 4.011148 0.551626 -4.868132
v 3.422934 -0.097731 -5.587551
v 3.381074 0.187318 -5.729760
v 3.589425 0.467947 -5.620720
v 3.492870 0.310121 -5.764705
v 3.375884 0.142012 -5.793390
v 3.640778 0.548469 -5.341548
v 3.597728 0.621102 -5.198351
v 3.557269 0.538064 -5.379190
v 1.358143 0.950749 -4.561368
v 1.518217 0.881706 -4.780169
v 1.480751 0.849448 -4.512685
v 1.309974 0.956591 -4.724461
v 1.520070 0.858126 -4.323374
v -1.165652 0.044968 -4.824427
v -0.468103 -0.052967 -5.961456
v -1.143630 0.132499 -4.830297
v 1.199368 0.962105 -5.030139
v 3.009984 -0.049854 -3.379814
v 3.950883 0.316389 -4.537782
v 2.922705 0.487225 -5.628576
v 3.097678 0.445740 -3.945724
v 2.671545 0.143080 -5.675425
v 2.663435 0.019286 -5.848491
v 2.610048 -0.023056 -6.055848
v 2.668481 0.284161 -5.573129
v 2.560604 0.015287 -5.928884
v 2.599957 0.136032 -5.844011
v 2.958559 0.175177 -5.926221
v 3.067755 0.191142 -5.837142
v 3.070223 0.278487 -5.794522
v 3.029970 0.348189 -5.761648
v 3.140495 0.348992 -5.809546
v 2.804882 0.329489 -5.632200
v 3.179628 0.179336 -5.842187
v 2.648184 0.240152 -5.613631
v 2.624670 0.321843 -5.594038
v 2.281989 0.284087 -5.914451
v 2.588133 0.133524 -5.980514
v 2.348752 0.067602 -6.218984
v 2.611831 0.279557 -5.820379
v 2.259836 0.291354 -6.113429
v 2.129228 0.223727 -6.124929
v 2.788699 0.801286 -5.355301
v 2.692394 0.765528 -4.972954
v 3.027063 0.800904 -5.192961
v 2.712756 0.777431 -5.258778
v 3.078533 0.794480 -5.227937
v 2.775126 0.794919 -5.242089
v 2.554021 0.769900 -4.985556
v 0.690293 0.316238 -3.291146
v 1.690475 0.981623 -5.114303
v 2.577741 0.770070 -4.691930
v -0.836565 -0.063648 -5.482183
v 1.949323 0.135962 -6.175999
v 0.755914 0.674479 -5.276943
v 2.195626 0.488319 -3.708354
v 2.238628 0.547532 -3.836891
v 1.923074 0.474803 -3.522014
v 2.843715 0.541325 -4.222855
v 3.000727 0.620782 -4.303194
v 3.047338 0.763517 -4.458408
v -0.968907 0.099424 -4.517876
v -1.117665 -0.055281 -4.526140
v -0.663108 0.048556 -4.144196
v -0.846234 0.159009 -4.361034
v -0.927457 -0.018579 -4.465922
v -1.029013 0.081855 -4.570990
v -0.978605 0.208511 -4.538171
v -0.779107 -0.033489 -4.299715
v -0.951360 0.234191 -4.661242
v 2.035895 0.894150 -5.355223
v 2.053214 0.917898 -5.227095
v 1.797214 0.906756 -5.185087
v 3.736474 -0.015661 -5.191838
v 1.101556 0.960420 -5.101426
v 2.333992 0.544108 -4.047825
v -1.308273 -0.073308 -4.834888
v 2.652596 0.529683 -3.937039
v 3.621541 -0.044712 -3.685083
v 3.710360 -0.049709 -3.733364
v 3.902471 -0.099290 -3.903866
v 3.685530 0.061442 -3.741814
v 3.654835 -0.124804 -3.730506
v 1.960492 0.910490 -4.931421
v 1.898518 0.878101 -4.977105
v 2.713932 0.480055 -5.584712
v 2.615258 0.439229 -5.509544
v 2.891518 0.525078 -5.586790
v 2.784403 0.496700 -5.575433
v 3.610687 0.152545 -5.162397
v 3.598891 -0.007910 -5.348911
v 3.607907 0.557149 -5.104245
v 3.343202 -0.096224 -5.865042
v 0.312459 0.031442 -3.424524
v 0.253285 0.033405 -3.476784
v -0.053415 -0.056807 -3.532643
v 0.130810 -0.008509 -3.518121
v -0.231530 0.015360 -3.539570
v -0.177919 0.005170 -3.521568
v -0.304438 -0.055831 -3.606637
v -0.351984 -0.058470 -3.679107
v 2.994538 0.644072 -5.387009
v 2.862536 0.814653 -5.419883
v 3.024718 0.776599 -5.344361
v 2.742575 0.635136 -5.500817
v 3.926932 0.031774 -3.974657
v 2.057704 0.046205 -6.400767
v 2.064242 -0.043582 -6.415667
v -0.835361 -0.014024 -5.449364
v 1.511660 0.986230 -5.168958
v 3.894567 0.123813 -4.633083
v 3.937545 0.040919 -4.722008
v 3.425159 0.691545 -5.065340
v 1.767438 0.970595 -4.938655
v 0.649207 0.986476 -4.920687
v 1.036502 1.025832 -4.870465
v 0.660553 -0.053697 -3.117745
v 0.461304 0.278919 -3.308847
v 0.364890 0.214502 -3.334124
v 2.964075 0.693763 -4.947576
v 3.131525 0.813045 -4.648303
v 3.012624 0.753238 -4.788173
v 3.259013 0.856757 -4.760541
v 2.924673 0.674111 -4.778434
v 2.560435 0.673132 -5.326289
v 3.200901 0.754960 -5.039862
v 3.009324 0.739555 -4.882301
v 3.457044 0.183368 -5.709188
v 3.447250 -0.002183 -5.696600
v 3.313070 0.083329 -5.819500
v 0.951326 0.728981 -5.193997
v 1.128869 0.795711 -5.179067
v 0.845176 0.790243 -5.206710
v -0.578013 -0.055078 -3.973652
v -0.524724 -0.026128 -3.939142
v 1.858256 0.779702 -4.214629
v 2.207445 0.737079 -4.459639
v -1.203025 0.024669 -4.773752
v -1.251010 -0.054621 -4.980000
v 1.091986 0.624437 -3.595740
v 0.987993 0.546548 -3.626287
v 3.623339 0.269206 -5.135221
v 3.993690 -0.123146 -4.038369
v -0.486579 -0.012256 -5.897687
v 2.752855 0.653529 -4.676117
v -1.195997 0.018845 -5.213407
v -1.188201 -0.055858 -5.212788
v 1.746945 -0.067989 -3.273556
v 1.738906 0.095026 -3.342563
v 1.796650 0.201810 -3.354953
v 1.773875 -0.003398 -3.325397
v 3.748239 -0.071129 -5.118463
v 2.921022 0.333704 -5.734848
v 1.522563 0.996451 -5.066369
v 3.931133 0.738559 -4.507950
v 3.684886 -0.100786 -5.218709
v 1.368002 0.778559 -5.412064
v 1.360223 0.817378 -5.324593
v 0.389692 -0.017039 -3.313856
v 2.817992 0.791162 -4.991787
v 2.211111 0.451036 -3.835494
v 2.402891 0.771788 -5.062572
v 2.465007 0.715132 -5.084235
v 2.552194 0.552323 -4.333751
v 3.621328 0.137856 -5.594319
v 1.332331 0.797650 -5.242393
v 2.244632 0.827472 -4.686893
v 2.580400 0.737702 -4.510769
v 2.564355 0.639605 -4.440354
v 2.616022 0.709345 -4.485932
v 3.668849 0.649350 -5.080908
v 3.689560 0.052216 -5.193263
v 3.796721 -0.137830 -4.685017
v 3.883351 0.281655 -4.401263
v 1.351569 1.026140 -5.079426
v 1.290596 1.088378 -4.957010
v 1.825665 0.542964 -5.859727
v 2.073240 0.627497 -5.781921
v 2.043123 0.634025 -5.778888
v 1.838090 0.621393 -5.737582
v 1.956540 0.633507 -5.768768
v 1.796373 0.745121 -5.478192
v 1.786482 0.543160 -5.850944
v 1.780453 0.618674 -5.722144
vn -0.4611 0.1959 -0.8654
vn -0.4811 0.8761 0.0301
vn -0.4761 0.8656 -0.1550
vn -0.5477 0.4753 0.6885
vn -0.7158 0.4415 0.5410
vn -0.6945 0.4378 0.5710
vn 0.2539 0.7040 0.6632
vn 0.7179 0.2066 0.6648
vn 0.6278 0.3596 0.6903
vn 0.0326 0.5947 0.8033
vn 0.0182 0.5842 0.8114
vn -0.0431 0.6607 0.7494
vn 0.7635 -0.1106 -0.6363
vn 0.4911 -0.4479 -0.7471
vn 0.5754 -0.0562 -0.8159
vn -0.2570 0.8630 -0.4350
vn 0.1081 0.8253 -0.5543
vn -0.1740 0.4403 -0.8808
vn -0.1942 0.1368 -0.9714
vn -0.1185 0.0107 -0.9929
vn -0.1335 0.2202 -0.9663
vn 0.9787 0.1985 -0.0531
vn 0.7363 0.3225 -0.5949
vn 0.6985 0.0361 -0.7147
vn 0.8379 0.5436 -0.0488
vn 0.8792 0.4748 -0.0407
vn 0.9788 0.1683 0.1164
vn 0.8961 0.0795 -0.4367
vn 0.8577 0.3434 -0.3826
vn 0.8194 0.3786 -0.4304
vn 0.5522 -0.1596 -0.8183
vn 0.7876 -0.4050 -0.4644
vn -0.0481 0.7219 -0.6903
vn -0.1315 0.9095 -0.3944
vn -0.0947 0.9830 -0.1574
vn -0.2527 0.9594 -0.1253
vn 0.8258 -0.0527 -0.5615
vn 0.4081 0.2054 -0.8895
vn 0.2996 0.4048 -0.8639
vn -0.3203 0.7012 -0.6370
vn -0.4174 0.5431 -0.7286
vn -0.1810 0.6176 -0.7654
vn -0.6988 0.3667 0.6143
vn -0.6964 0.5183 0.4964
vn -0.4481 0.6177 0.6462
vn 0.2883 0.4204 0.8603
vn 0.3718 0.1109 0.9217
vn 0.2970 0.3566 0.8858
vn -0.8011 0.5985 -0.0065
vn -0.7751 0.6240 0.0991
vn -0.8289 0.4864 0.2763
vn -0.8004 0.5650 0.2003
vn -0.8170 0.5410 0.1994
vn 0.4254 0.8590 -0.2850
vn 0.3369 0.9411 0.0281
vn 0.7357 0.6331 -0.2407
vn 0.9587 0.2843 0.0071
vn 0.9852 0.1239 -0.1181
vn 0.9063 -0.2485 0.3420
vn 0.9433 -0.3253 0.0659
vn 0.7897 -0.4227 0.4447
vn 0.5593 -0.4553 0.6928
vn 0.1013 0.6574 -0.7467
vn -0.0566 0.2879 -0.9560
vn -0.1081 0.7530 -0.6490
vn -0.0610 0.6440 -0.7626
vn -0.2131 0.6659 -0.7150
vn -0.0629 0.3008 -0.9516
vn -0.5010 0.5966 0.6270
vn -0.7024 0.4423 0.5576
vn -0.5812 0.5147 0.6303
vn 0.9840 -0.1565 -0.0848
vn 0.9395 -0.3012 -0.1632
vn 0.6481 0.1583 -0.7449
vn 0.1888 0.9459 -0.2637
vn 0.1741 0.7533 -0.6342
vn 0.3075 0.9105 0.2765
vn -0.1570 0.7235 0.6722
vn -0.0557 0.6631 0.7464
vn 0.0022 0.6460 0.7634
vn 0.5171 0.7736 -0.3663
vn 0.8515 -0.4293 -0.3010
vn 0.9843 -0.1561 0.0824
vn -0.6710 0.5552 -0.4915
vn -0.5380 0.7839 -0.3099
vn -0.4674 0.4042 -0.7863
vn 0.5602 0.6435 -0.5215
vn 0.7693 -0.0623 -0.6358
vn 0.4121 0.3566 -0.8385
vn 0.2523 0.9459 0.2038
vn -0.3288 0.9267 -0.1818
vn -0.1150 0.9763 -0.1832
vn 0.7844 0.5995 0.1591
vn 0.7392 0.6681 0.0850
vn 0.9983 -0.0574 -0.0022
vn 0.2429 0.9284 0.2813
vn 0.0029 0.6627 0.7489
vn 0.2067 0.7857 0.5830
vn -0.9521 0.0964 0.2901
vn -0.7114 -0.1991 0.6740
vn -0.7655 0.3951 0.5079
vn 0.3580 0.7826 0.5093
vn 0.6380 0.5747 0.5126
vn 0.5072 0.6965 0.5076
vn -0.2700 0.3621 -0.8922
vn 0.0192 0.9291 -0.3694
vn -0.3119 0.9285 -0.2015
vn 0.2188 0.0195 -0.9756
vn 0.3609 0.4947 -0.7906
vn 0.7835 -0.1760 -0.5960
vn 0.7272 0.4035 0.5553
vn 0.6578 0.6228 0.4236
vn 0.3919 0.8508 0.3501
vn -0.3199 0.6548 -0.6848
vn -0.3838 0.7073 -0.5936
vn -0.1881 0.3958 -0.8989
vn 0.8888 0.4504 0.0843
vn 0.5842 0.7668 -0.2661
vn 0.0191 0.4175 -0.9085
vn 0.1139 0.7987 0.5909
vn 0.7580 0.1620 0.6318
vn 0.8350 0.3983 0.3798
vn 0.2484 0.3560 0.9009
vn -0.0631 -0.1152 0.9913
vn -0.2015 0.5893 0.7824
vn -0.1393 0.6209 0.7714
vn -0.3857 0.4515 0.8046
vn 0.0443 -0.0853 -0.9954
vn 0.1885 -0.1184 -0.9749
vn 0.1799 0.3910 -0.9026
vn 0.0925 0.9356 -0.3408
vn -0.0827 0.9897 0.1172
vn 0.6920 0.0441 0.7206
vn 0.6530 0.1274 0.7466
vn 0.4781 0.3711 0.7961
vn 0.9147 0.4035 -0.0231
vn 0.8021 0.5478 -0.2378
vn -0.3815 0.6888 -0.6165
vn -0.3140 0.6972 -0.6445
vn -0.3139 0.7825 -0.5376
vn -0.4554 0.7582 -0.4667
vn 0.0465 0.9489 0.3120
vn 0.2485 0.1136 -0.9619
vn 0.8254 -0.0706 -0.5601
vn -0.5844 0.2494 -0.7722
vn -0.0184 0.5827 -0.8125
vn -0.3197 0.3489 -0.8809
vn -0.6345 -0.1668 -0.7547
vn -0.7043 0.4019 -0.5852
vn -0.8280 0.5359 -0.1652
vn 0.5038 0.7141 -0.4861
vn 0.1611 0.5139 0.8426
vn 0.0328 0.4033 0.9145
vn -0.0022 0.5707 0.8211
vn 0.5829 0.4127 0.6999
vn 0.5316 0.1232 0.8380
vn 0.5093 0.1245 0.8515
vn 0.3002 0.5362 0.7889
vn 0.1506 0.5977 0.7874
vn -0.3394 0.5301 0.7770
vn -0.3666 0.1830 0.9122
vn -0.6196 0.5296 0.5793
vn 0.6941 0.3808 0.6109
vn 0.6833 -0.1638 0.7115
vn 0.8281 -0.0712 0.5560
vn 0.2105 0.9742 0.0818
vn 0.1649 0.9737 -0.1571
vn 0.2179 0.9745 0.0528
vn -0.1315 0.9759 -0.1741
vn 0.2094 0.9184 -0.3358
vn 0.5049 0.8606 0.0668
vn 0.0188 0.8924 -0.4509
vn 0.2394 0.8403 -0.4864
vn 0.2409 0.9700 0.0318
vn -0.2644 0.7030 -0.6602
vn 0.6783 0.5368 -0.5017
vn 0.6273 -0.6187 -0.4729
vn -0.3387 0.7468 -0.5723
vn -0.4472 0.7973 -0.4053
vn 0.9926 0.0886 0.0825
vn 0.8867 0.2368 -0.3970
vn 0.8846 0.4261 -0.1895
vn 0.1607 0.9870 -0.0092
vn 0.1739 0.9129 0.3692
vn 0.2689 0.8859 0.3780
vn 0.7532 0.0986 -0.6503
vn 0.2091 0.6747 0.7078
vn -0.1639 0.6394 0.7512
vn 0.7537 0.4851 -0.4434
vn 0.3533 0.8339 -0.4241
vn 0.5487 0.8100 0.2069
vn 0.4476 0.8937 0.0319
vn 0.4459 0.8846 -0.1365
vn 0.0523 0.5637 0.8243
vn -0.2914 0.0001 0.9566
vn -0.1920 0.4574 0.8683
vn 0.8957 -0.1048 0.4322
vn 0.9658 0.2193 0.1385
vn 0.9078 0.0258 0.4186
vn -0.2594 0.9237 0.2819
vn 0.1528 0.7359 0.6596
vn -0.3414 0.9273 0.1533
vn 0.2992 0.8869 -0.3521
vn -0.2850 0.6802 -0.6753
vn 0.0171 0.9781 -0.2077
vn 0.8787 -0.3568 -0.3170
vn -0.4495 0.8185 -0.3577
vn -0.4228 0.8117 -0.4030
vn -0.4027 0.8473 -0.3462
vn -0.5177 0.2895 0.8051
vn 0.5288 0.5968 -0.6034
vn 0.0268 -0.0158 -0.9995
vn 0.6907 -0.0155 -0.7230
vn -0.5196 0.6228 0.5849
vn 0.1535 0.9005 0.4069
vn 0.1280 0.7886 0.6014
vn 0.2852 0.5638 -0.7751
vn 0.6150 0.7803 -0.1133
vn -0.3013 0.5807 -0.7563
vn 0.4096 -0.4630 -0.7860
vn -0.4427 0.4755 -0.7602
vn -0.6588 0.5874 -0.4701
vn 0.4729 0.8588 0.1972
vn 0.0732 0.6349 0.7691
vn 0.1775 0.9626 0.2046
vn -0.2428 0.1329 -0.9609
vn -0.2812 0.5467 -0.7887
vn -0.0927 0.4116 -0.9067
vn 0.6531 0.5962 0.4668
vn 0.3669 0.8904 0.2695
vn 0.6137 0.7545 -0.2327
vn 0.9230 -0.3831 -0.0362
vn 0.6923 -0.6693 -0.2697
vn -0.2404 0.9240 0.2975
vn -0.0605 0.9525 0.2984
vn -0.3045 0.8634 0.4023
vn -0.3945 0.9182 -0.0352
vn -0.4125 0.7807 -0.4695
vn -0.4554 0.7560 -0.4701
vn -0.4441 0.6188 -0.6480
vn 0.3958 0.8857 -0.2427
vn -0.1269 0.5380 -0.8333
vn 0.1296 0.7489 -0.6499
vn -0.2744 0.5790 -0.7678
vn -0.4407 0.5631 -0.6991
vn -0.0508 0.6018 -0.7970
vn -0.4987 0.6469 -0.5769
vn 0.4163 0.5617 -0.7150
vn 0.1879 0.6020 -0.7761
vn 0.8777 0.4669 -0.1078
vn -0.4950 0.3862 -0.7784
vn -0.5077 0.6174 -0.6009
vn -0.4340 0.2819 -0.8557
vn -0.0978 0.7826 -0.6148
vn 0.0408 0.8420 -0.5379
vn -0.0140 0.7053 -0.7087
vn -0.7329 0.3512 -0.5827
vn -0.3108 0.3123 -0.8977
vn -0.3320 0.0542 -0.9417
vn -0.0249 0.6545 0.7556
vn 0.2289 0.5851 0.7780
vn 0.0286 0.8004 0.5988
vn -0.4061 0.8181 -0.4072
vn 0.1416 0.9860 0.0877
vn 0.2524 0.9459 0.2039
vn 0.2923 0.9554 0.0415
vn 0.5976 -0.2793 -0.7516
vn 0.9127 0.3885 -0.1264
vn 0.9055 -0.3824 0.1842
vn 0.4767 0.2211 -0.8508
vn 0.6330 0.2440 -0.7347
vn -0.0843 0.9862 0.1428
vn 0.2023 0.8765 0.4368
vn 0.6337 0.3488 0.6905
vn 0.5303 0.7705 0.3536
vn 0.8769 0.4806 0.0026
vn 0.8198 0.2847 -0.4969
vn -0.6033 0.2717 0.7498
vn -0.5913 0.3273 0.7371
vn -0.4649 0.4382 0.7693
vn 0.0084 0.8375 -0.5464
vn 0.0064 0.8437 -0.5368
vn 0.4209 0.5576 0.7155
vn 0.6955 0.3589 0.6225
vn -0.8344 0.5459 0.0758
vn -0.8788 0.4755 0.0389
vn 0.9592 0.2774 0.0552
vn 0.9861 0.0127 0.1657
vn -0.8249 0.3256 -0.4621
vn -0.5883 0.7882 -0.1807
vn -0.5523 0.8091 -0.2007
vn 0.7842 0.0147 -0.6203
vn 0.6344 0.1339 -0.7613
vn 0.0321 0.2500 -0.9677
vn -0.5115 0.6505 0.5615
vn 0.0971 0.9353 0.3403
vn -0.0562 0.9742 0.2185
vn -0.2907 0.9457 0.1455
vn -0.1290 0.9916 -0.0010
vn -0.0202 0.9868 0.1604
vn 0.1348 0.9531 0.2710
vn 0.1658 0.6242 0.7635
vn 0.2980 0.6090 0.7351
vn 0.3300 0.5309 0.7806
vn 0.1643 0.6288 0.7600
vn 0.5832 0.5263 0.6187
vn 0.0227 0.9306 0.3653
vn 0.0767 0.8637 0.4981
vn 0.1016 0.9585 0.2663
vn -0.2683 0.8843 -0.3822
vn -0.2841 0.5861 -0.7588
vn -0.4834 0.8542 -0.1914
vn 0.6734 0.6456 -0.3602
vn 0.5325 0.0667 -0.8438
vn -0.1781 0.4333 -0.8835
vn 0.9384 -0.2652 0.2217
vn 0.9741 -0.2260 0.0057
vn 0.5657 0.2251 0.7933
vn 0.7765 -0.1427 0.6138
vn 0.5792 0.3496 0.7364
vn -0.7457 0.1991 0.6359
vn -0.9515 0.1344 0.2769
vn -0.8342 0.5419 0.1021
vn 0.9138 -0.3682 -0.1715
vn 0.7292 0.2829 -0.6231
vn 0.8648 -0.3242 0.3835
vn 0.3986 0.5955 0.6975
vn 0.3534 0.6540 0.6689
vn 0.4213 0.5940 0.6853
vn -0.1035 0.9544 -0.2801
vn -0.5704 0.6163 -0.5429
vn -0.0106 0.6464 -0.7630
vn 0.3131 0.9482 -0.0531
vn -0.7560 0.1515 0.6369
vn -0.7736 0.1824 0.6068
vn -0.7024 0.1639 0.6927
vn 0.5779 0.5238 0.6258
vn 0.3453 0.6443 0.6824
vn 0.4108 0.6927 -0.5928
vn 0.3911 0.5814 -0.7135
vn -0.3551 0.7740 -0.5243
vn -0.3640 0.4858 -0.7947
vn -0.4378 0.4639 -0.7701
vn 0.2670 0.9430 -0.1985
vn 0.5166 0.8459 -0.1324
vn 0.5873 0.7434 -0.3202
vn -0.7025 0.7095 -0.0553
vn -0.4763 0.8793 -0.0004
vn -0.5657 0.8201 0.0861
vn -0.6686 0.7237 0.1708
vn 0.1696 0.4731 -0.8645
vn 0.1155 0.6486 -0.7524
vn 0.2291 0.0944 -0.9688
vn 0.8641 -0.1155 -0.4898
vn 0.0729 0.9743 0.2132
vn 0.0349 0.9673 0.2512
vn 0.0776 0.1904 -0.9786
vn 0.2812 0.7349 -0.6172
vn 0.1692 0.7081 -0.6855
vn -0.9444 0.3215 -0.0683
vn -0.8230 0.5681 -0.0034
vn 0.8581 0.5132 0.0150
vn 0.6629 0.6556 -0.3617
vn 0.0602 0.8720 -0.4858
vn -0.2221 0.9436 -0.2456
vn -0.0654 0.9135 -0.4016
vn -0.1892 0.8780 -0.4397
vn 0.2036 0.9619 -0.1826
vn -0.6174 0.5344 -0.5773
vn -0.5959 0.4574 -0.6601
vn -0.5243 0.5085 -0.6830
vn 0.1144 0.9934 -0.0097
vn 0.1162 0.9768 0.1801
vn -0.0677 0.6033 -0.7947
vn -0.2065 0.8681 -0.4515
vn -0.1787 0.8191 -0.5451
vn 0.0001 0.7572 -0.6531
vn -0.1366 0.6301 -0.7644
vn -0.0947 0.7702 -0.6307
vn 0.0273 0.6911 -0.7222
vn -0.0953 0.3941 -0.9141
vn -0.3847 0.7149 -0.5839
vn -0.4456 0.8799 -0.1646
vn -0.5002 0.7897 -0.3552
vn -0.0488 0.7746 -0.6305
vn 0.1983 0.5168 -0.8328
vn 0.0074 0.8100 -0.5863
vn -0.5028 0.6232 0.5990
vn -0.6073 0.4977 0.6193
vn -0.8361 0.0231 0.5480
vn -0.8013 0.2510 0.5431
vn -0.6826 0.5936 0.4263
vn -0.4551 0.8259 0.3330
vn 0.5068 0.3151 0.8024
vn -0.2722 0.3936 0.8781
vn 0.0422 0.5869 0.8085
vn 0.9633 -0.1537 -0.2200
vn -0.4516 0.7394 -0.4994
vn -0.4268 0.8180 -0.3857
vn -0.2861 0.7170 -0.6357
vn -0.2071 0.5350 -0.8191
vn -0.0009 0.6247 -0.7809
vn -0.2384 0.1633 -0.9573
vn -0.2130 0.1755 -0.9612
vn -0.1345 0.6556 -0.7430
vn -0.0082 0.6195 -0.7850
vn -0.0991 0.4487 -0.8881
vn -0.2310 0.6970 -0.6788
vn -0.1626 0.1407 -0.9766
vn 0.0406 0.2832 -0.9582
vn -0.0844 0.8784 -0.4703
vn -0.1473 0.7616 -0.6311
vn -0.1982 -0.1185 -0.9730
vn -0.3054 0.2659 -0.9143
vn 0.9893 -0.1376 0.0489
vn 0.8992 -0.4374 -0.0104
vn 0.9951 -0.0983 0.0077
vn 0.6089 0.1060 -0.7861
vn 0.9999 0.0065 -0.0158
vn 0.9851 -0.1027 -0.1379
vn 0.8553 0.4595 -0.2393
vn 0.6601 0.7507 -0.0257
vn 0.5829 0.1499 0.7986
vn 0.0259 0.2770 0.9605
vn 0.1044 0.2959 0.9495
vn 0.2733 0.3422 -0.8990
vn -0.4795 0.8717 -0.1012
vn 0.9661 0.1285 -0.2241
vn 0.7167 0.5679 -0.4047
vn 0.8378 0.3718 -0.3999
vn 0.8553 0.3726 -0.3599
vn 0.3445 0.6105 0.7132
vn 0.2360 0.3678 0.8995
vn 0.4462 0.4752 0.7584
vn -0.8831 0.4019 -0.2421
vn -0.8121 0.5751 -0.0992
vn 0.0058 0.7117 -0.7025
vn -0.0139 0.5223 -0.8526
vn -0.0291 0.4130 -0.9103
vn 0.1886 0.7983 -0.5719
vn 0.5506 0.7422 -0.3821
vn 0.2328 0.6309 -0.7401
vn 0.6435 0.5575 -0.5245
vn -0.6736 0.6487 0.3542
vn -0.6664 0.5991 0.4438
vn -0.3153 0.6512 -0.6903
vn -0.7845 -0.0109 0.6201
vn -0.1129 0.7318 0.6721
vn -0.0559 0.9575 0.2831
vn -0.0341 0.7819 0.6224
vn 0.1600 0.8049 0.5715
vn 0.2195 0.8134 0.5388
vn 0.0306 0.8991 0.4367
vn 0.4941 0.6324 0.5966
vn 0.5786 0.6158 0.5348
vn -0.0659 0.8691 0.4901
vn 0.4998 0.4797 0.7211
vn 0.0715 0.9157 0.3954
vn 0.3242 0.5700 0.7550
vn 0.5138 0.7162 0.4722
vn 0.2280 0.7896 0.5696
vn -0.1033 0.7624 0.6388
vn 0.0448 0.8170 0.5749
vn 0.2385 0.7470 0.6206
vn 0.1312 0.9098 0.3938
vn 0.0700 0.6638 0.7447
vn 0.2447 0.7216 0.6476
vn 0.1493 0.4494 0.8807
vn 0.4818 0.5157 0.7084
vn 0.2690 0.4919 0.8281
vn -0.6087 0.6658 -0.4315
vn -0.7813 0.6078 0.1416
vn -0.7529 0.4331 0.4956
vn -0.8859 0.3972 -0.2396
vn -0.8953 0.4366 -0.0879
vn -0.6545 0.7560 -0.0125
vn -0.5651 0.7910 0.2347
vn -0.7260 0.6866 0.0375
vn -0.6664 0.7452 -0.0225
vn -0.7753 0.6155 -0.1419
vn 0.0981 0.4331 0.8960
vn -0.1694 0.7684 0.6171
vn 0.3095 0.4997 0.8090
vn 0.2060 0.3858 0.8993
vn 0.2916 0.0598 0.9547
vn -0.5692 0.5486 0.6124
vn -0.7543 0.4814 0.4464
vn -0.6578 0.5626 0.5008
vn -0.1717 0.5559 0.8133
vn -0.7136 0.5114 0.4788
vn 0.7145 0.2134 -0.6662
vn 0.8865 0.4323 -0.1654
vn 0.8013 0.4882 -0.3459
vn 0.2320 0.1772 0.9564
vn 0.4655 0.6006 0.6501
vn 0.4814 0.7726 0.4138
vn 0.4079 0.7316 0.5462
vn -0.4586 0.5100 -0.7278
vn -0.1340 0.7345 -0.6653
vn -0.3939 0.6094 -0.6882
vn -0.2348 0.6178 -0.7505
vn 0.2249 0.6111 -0.7589
vn 0.8535 0.5083 0.1146
vn -0.8586 0.3981 -0.3230
vn -0.1775 0.9682 0.1766
vn -0.2178 0.8316 -0.5108
vn 0.4301 0.7805 -0.4536
vn -0.0589 0.3933 -0.9175
vn 0.3746 0.7094 -0.5970
vn -0.8001 0.4881 -0.3486
vn 0.1207 0.8943 0.4309
vn -0.2818 0.6505 0.7052
vn 0.1267 0.2538 -0.9589
vn 0.2588 0.7697 -0.5835
vn 0.0523 0.4878 -0.8714
vn 0.3915 0.7422 -0.5440
vn -0.1029 0.7257 -0.6803
vn 0.8049 -0.0374 -0.5922
vn 0.2952 0.5753 0.7628
vn 0.1289 0.8798 0.4576
vn 0.6552 0.4934 0.5721
vn -0.0298 0.8429 -0.5372
vn -0.1661 0.4192 -0.8926
vn 0.5463 0.3880 0.7423
vn 0.4255 0.1656 0.8897
vn -0.0019 0.4920 0.8706
vn 0.7657 0.2385 0.5974
vn 0.0461 0.4576 -0.8880
vn -0.0620 0.9675 -0.2453
vn -0.0479 0.3130 -0.9485
vn -0.0349 0.7456 -0.6654
vn -0.2264 0.4284 -0.8747
vn 0.4651 0.4744 0.7474
vn 0.1650 0.9668 -0.1949
vn 0.0031 1.0000 -0.0044
vn 0.8028 0.4610 -0.3780
vn 0.2922 0.9554 0.0415
vn 0.7485 0.2267 0.6231
vn 0.4833 0.6048 0.6329
vn 0.1938 0.8816 0.4304
vn 0.4546 0.6819 0.5730
vn 0.4305 0.5937 -0.6798
vn 0.0179 0.9515 -0.3072
vn -0.2561 0.4589 -0.8508
vn 0.0519 0.5971 -0.8005
vn -0.2131 0.7276 -0.6521
vn 0.1015 0.8039 0.5860
vn -0.2148 0.7006 -0.6804
vn -0.1205 0.5854 -0.8017
vn -0.8901 0.2277 0.3948
vn 0.3057 0.7203 -0.6227
vn 0.4318 0.6058 -0.6682
vn -0.0239 0.7187 -0.6949
vn 0.0397 0.6772 -0.7347
vn 0.1065 0.3458 -0.9322
vn 0.2510 0.6038 0.7565
vn 0.8010 0.2716 0.5335
vn -0.5692 0.7963 0.2047
vn -0.5143 0.1506 0.8443
vn -0.1412 0.5443 0.8269
vn -0.5881 0.1753 0.7896
vn -0.7153 -0.0976 0.6920
vn -0.5840 0.1240 0.8022
vn -0.6738 0.1700 0.7191
vn -0.5361 0.1666 0.8276
vn -0.5097 0.1382 0.8492
vn -0.7239 0.1805 0.6659
vn -0.3850 0.4810 -0.7876
vn -0.1526 0.3173 -0.9360
vn -0.2942 0.4549 -0.8406
vn -0.4868 0.7815 0.3901
vn -0.5256 0.7556 0.3909
vn 0.6511 0.1901 0.7347
vn 0.5222 0.3201 0.7905
vn 0.6298 -0.0306 0.7762
vn 0.4657 0.7651 -0.4447
vn -0.4160 0.8452 -0.3357
vn 0.0941 0.8781 -0.4691
vn -0.5199 0.7656 -0.3788
vn 0.1164 0.9664 -0.2293
vn 0.1970 0.9594 -0.2020
vn -0.0121 0.9674 -0.2529
vn -0.0293 0.6483 -0.7608
vn 0.1889 -0.0188 -0.9818
vn 0.2185 0.4033 -0.8886
vn 0.3425 0.3348 0.8778
vn 0.1300 0.7498 0.6488
vn 0.9397 0.2377 0.2458
vn 0.9715 0.0403 0.2336
vn 0.8759 -0.1542 -0.4571
vn 0.7886 0.3673 0.4932
vn 0.9275 0.1676 0.3342
vn 0.6994 0.2342 0.6753
vn 0.9628 -0.0097 0.2702
vn 0.9919 -0.1045 -0.0716
vn -0.1247 0.9285 -0.3498
vn -0.1978 0.8790 -0.4339
vn 0.1610 0.8417 -0.5154
vn 0.2499 0.8016 -0.5431
vn 0.3522 0.8490 -0.3938
vn -0.4301 0.8284 -0.3588
vn 0.9959 0.0908 -0.0028
vn 0.0221 0.5079 0.8611
vn -0.6276 0.5143 0.5845
vn 0.7270 0.2276 0.6479
vn -0.3544 0.3862 0.8516
vn -0.2652 0.7167 0.6450
vn 0.2711 0.7164 0.6429
vn 0.2810 0.7094 0.6464
vn 0.2504 0.6950 0.6740
vn 0.3274 0.7973 0.5072
vn 0.0285 0.8637 0.5032
vn 0.1385 0.8255 0.5471
vn 0.4459 0.4365 0.7814
vn 0.6129 0.7080 0.3509
vn -0.6523 0.5054 0.5649
vn -0.6802 0.0325 0.7323
vn 0.5542 0.4350 0.7097
vn -0.2469 0.8804 0.4049
vn -0.4398 0.7672 0.4668
vn -0.4780 0.7208 0.5019
vn 0.0252 0.9750 0.2209
vn 0.7234 0.4822 0.4942
vn 0.4731 0.7193 0.5086
vn 0.7412 0.4866 0.4624
vn 0.6994 0.6064 0.3782
vn 0.1088 0.8670 0.4864
vn 0.3818 0.5283 0.7584
vn 0.1576 0.8506 0.5016
vn 0.1754 0.9543 -0.2419
vn 0.2561 0.9623 0.0920
vn -0.1015 0.9938 0.0451
vn 0.8218 0.5046 0.2646
vn -0.0490 0.9988 -0.0086
vn 0.8718 0.4488 0.1965
vn 0.2568 0.9630 0.0821
vn 0.0457 0.8921 0.4496
vn 0.1853 0.8654 0.4655
vn -0.0243 0.9897 0.1409
vn 0.2390 0.9705 0.0330
vn -0.1078 0.9633 0.2460
vn -0.0607 0.9800 0.1896
vn -0.1586 0.9873 -0.0019
vn 0.2256 0.8140 0.5353
vn 0.2848 0.9577 -0.0407
vn 0.0206 0.5347 -0.8448
vn 0.3045 0.8303 0.4669
vn 0.3542 0.7823 -0.5124
vn 0.5580 0.7176 -0.4168
vn -0.4533 0.3901 -0.8014
vn 0.0919 -0.1307 -0.9872
vn 0.9311 -0.3193 0.1766
vn 0.8903 -0.4089 0.2004
vn 0.8060 -0.3009 0.5098
vn 0.0356 0.6056 0.7949
vn 0.0212 0.6346 0.7726
vn 0.0232 0.7565 0.6536
vn 0.4676 0.4042 0.7861
vn 0.5312 0.6711 0.5172
vn -0.4908 0.2244 0.8419
vn -0.2646 0.5381 0.8003
vn -0.3502 0.7135 0.6068
vn 0.1475 0.3708 0.9169
vn 0.7270 0.6185 -0.2982
vn -0.1023 0.6753 -0.7305
vn -0.2576 0.7733 -0.5794
vn -0.1029 0.9023 -0.4187
vn -0.0834 0.8907 -0.4469
vn 0.0413 0.8343 -0.5498
vn -0.0903 0.8448 -0.5274
vn -0.1709 0.8723 -0.4582
vn 0.0582 0.8434 -0.5341
vn -0.0697 0.6930 -0.7176
vn 0.1509 0.8537 -0.4984
vn 0.1585 0.8126 -0.5609
vn 0.0480 0.9658 -0.2548
vn 0.9054 -0.2732 -0.3249
vn 0.8424 -0.1715 -0.5109
vn -0.4746 0.7469 -0.4657
vn 0.9313 0.3410 0.1282
vn -0.2935 0.4231 0.8572
vn 0.1599 0.4173 -0.8946
vn 0.5212 -0.4288 -0.7379
vn -0.3076 0.7786 -0.5469
vn -0.3263 0.8668 -0.3771
vn -0.3016 0.8857 -0.3529
vn -0.1630 0.9077 -0.3866
vn -0.5353 0.8423 -0.0630
vn -0.6857 0.6390 -0.3485
vn -0.3941 0.8906 -0.2269
vn -0.4056 0.8744 -0.2664
vn -0.3736 0.8130 -0.4466
vn -0.5042 0.7696 -0.3919
vn -0.1654 0.2796 -0.9458
vn 0.3930 0.5286 0.7524
vn 0.3523 0.4946 0.7945
vn 0.4783 0.7489 0.4586
vn 0.4282 0.8746 -0.2273
vn -0.1031 0.9105 0.4003
vn 0.4607 0.8773 -0.1345
vn 0.4312 0.9021 -0.0189
vn -0.7029 0.5238 0.4813
vn -0.7099 0.5187 0.4764
vn 0.8057 0.2208 0.5497
vn 0.2520 0.7954 -0.5512
vn -0.0967 0.7090 -0.6986
vn -0.4691 0.6013 -0.6468
vn -0.1973 0.2526 -0.9473
vn 0.9564 -0.1461 -0.2529
vn 0.9079 -0.1779 -0.3796
vn 0.9213 -0.1579 -0.3553
vn -0.1780 0.9829 0.0479
vn 0.3102 0.8346 -0.4552
vn 0.5212 0.4872 -0.7007
vn -0.0140 0.8522 0.5230
vn 0.3824 0.4181 0.8240
vn 0.9140 -0.2866 0.2873
vn 0.9062 -0.2604 -0.3333
vn -0.0088 0.7504 -0.6609
vn -0.4393 0.8634 -0.2482
vn -0.4568 0.8718 -0.1771
vn -0.4694 0.8795 -0.0780
vn -0.8667 0.3056 0.3941
vn 0.6195 0.7617 -0.1900
vn 0.1420 0.7764 -0.6140
vn -0.0799 0.9518 -0.2962
vn -0.3401 0.9401 -0.0246
vn -0.0030 0.9309 -0.3653
vn 0.2445 0.8399 -0.4846
vn 0.7914 -0.1858 0.5824
vn -0.7188 0.1912 0.6684
vn -0.5628 0.2465 0.7890
vn -0.7269 0.0550 0.6845
vn -0.3634 0.6641 0.6533
vn 0.1808 0.3497 0.9192
vn 0.2839 0.4891 0.8248
vn 0.2341 0.4329 0.8705
vn 0.4057 0.6114 0.6794
vn 0.3497 0.5062 0.7883
vn -0.0857 0.1570 -0.9839
vn -0.0590 0.6755 -0.7350
vn 0.3344 0.1551 -0.9296
vn -0.2752 0.6684 -0.6910
vn -0.2226 0.8546 -0.4691
vt 0.466214 0.954044
vt 0.460497 0.939436
vt 0.466624 0.935475
vt 0.344142 0.825075
vt 0.362384 0.825800
vt 0.350732 0.841304
vt 0.286311 0.836845
vt 0.280429 0.845118
vt 0.281920 0.836917
vt 0.018447 0.759976
vt 0.017526 0.763131
vt 0.009100 0.762348
vt 0.395977 0.868704
vt 0.388533 0.867179
vt 0.391831 0.861005
vt 0.244472 0.779944
vt 0.244442 0.773434
vt 0.253807 0.776376
vt 0.327671 0.973334
vt 0.327235 0.981063
vt 0.323099 0.983295
vt 0.407688 0.516437
vt 0.423950 0.507421
vt 0.424897 0.518331
vt 0.341465 0.942068
vt 0.338742 0.939352
vt 0.347062 0.935338
vt 0.127536 0.984897
vt 0.123542 0.977907
vt 0.127536 0.976233
vt 0.143787 0.851080
vt 0.141274 0.847232
vt 0.148830 0.847949
vt 0.329860 0.793594
vt 0.330878 0.800688
vt 0.323207 0.798949
vt 0.090115 0.940864
vt 0.078825 0.928521
vt 0.082164 0.924841
vt 0.285417 0.714481
vt 0.289498 0.715116
vt 0.288914 0.720975
vt 0.477601 0.753423
vt 0.473860 0.744619
vt 0.477601 0.731777
vt 0.436389 0.835536
vt 0.436181 0.840427
vt 0.432281 0.841754
vt 0.288688 0.601451
vt 0.281717 0.572430
vt 0.293784 0.604044
vt 0.463197 0.677871
vt 0.458872 0.674683
vt 0.463758 0.670494
vt 0.442466 0.796902
vt 0.449127 0.786111
vt 0.446829 0.800248
vt 0.094795 0.870986
vt 0.091324 0.873211
vt 0.088098 0.870075
vt 0.077909 0.894723
vt 0.080084 0.888659
vt 0.083384 0.886759
vt 0.472669 0.522726
vt 0.472669 0.530720
vt 0.467780 0.529168
vt 0.156118 0.954306
vt 0.162437 0.952781
vt 0.155679 0.961174
vt 0.228731 0.580100
vt 0.234944 0.577853
vt 0.230039 0.585393
vt 0.111913 0.881768
vt 0.112641 0.872443
vt 0.129417 0.896931
vt 0.485275 0.804469
vt 0.481572 0.796085
vt 0.485275 0.786111
vt 0.052486 0.735811
vt 0.061845 0.743773
vt 0.038158 0.770103
vt 0.492471 0.593166
vt 0.487465 0.593166
vt 0.489952 0.587854
vt 0.234736 0.812791
vt 0.241148 0.809767
vt 0.238684 0.816072
vt 0.008471 0.932477
vt 0.014302 0.937580
vt 0.011404 0.942434
vt 0.151000 0.563947
vt 0.138387 0.564827
vt 0.138499 0.561488
vt 0.486780 0.635700
vt 0.485757 0.645517
vt 0.483956 0.635350
vt 0.062436 0.616632
vt 0.050287 0.627165
vt 0.049534 0.613754
vt 0.347292 0.789474
vt 0.352709 0.793954
vt 0.339320 0.790699
vt 0.479517 0.965084
vt 0.479517 0.974624
vt 0.473473 0.970166
vt 0.414873 0.750827
vt 0.416691 0.740032
vt 0.435536 0.747479
vt 0.379373 0.872769
vt 0.375673 0.876035
vt 0.373713 0.859824
vt 0.067739 0.923044
vt 0.070621 0.936076
vt 0.062305 0.939731
vt 0.247824 0.722861
vt 0.254141 0.717549
vt 0.254543 0.731603
vt 0.353313 0.938373
vt 0.345622 0.945041
vt 0.463570 0.614910
vt 0.462533 0.605355
vt 0.470896 0.606636
vt 0.288411 0.868271
vt 0.282714 0.871517
vt 0.282732 0.858814
vt 0.495720 0.878730
vt 0.494051 0.871348
vt 0.495720 0.868264
vt 0.459647 0.918554
vt 0.459767 0.915631
vt 0.463147 0.916618
vt 0.443238 0.876907
vt 0.443504 0.855238
vt 0.448398 0.848082
vt 0.166417 0.751734
vt 0.162918 0.767532
vt 0.146552 0.758324
vt 0.243181 0.858128
vt 0.244246 0.861765
vt 0.226726 0.856540
vt 0.045017 0.950666
vt 0.054764 0.949076
vt 0.048868 0.957089
vt 0.223480 0.793102
vt 0.224267 0.778182
vt 0.236199 0.787242
vt 0.208724 0.947211
vt 0.201757 0.953615
vt 0.201089 0.949180
vt 0.087771 0.716313
vt 0.087348 0.684470
vt 0.092779 0.684259
vt 0.309562 0.945157
vt 0.314545 0.953296
vt 0.305213 0.953368
vt 0.481572 0.826840
vt 0.483654 0.811318
vt 0.485755 0.822281
vt 0.329042 0.633298
vt 0.326897 0.636867
vt 0.321849 0.637504
vt 0.020363 0.942434
vt 0.032550 0.676018
vt 0.026458 0.680297
vt 0.024958 0.668882
vt 0.284259 0.796607
vt 0.287886 0.801913
vt 0.281617 0.807990
vt 0.418894 0.643824
vt 0.414904 0.653067
vt 0.415029 0.634507
vt 0.462101 0.828424
vt 0.455976 0.828424
vt 0.460317 0.821213
vt 0.239901 0.841831
vt 0.246140 0.850326
vt 0.240177 0.846065
vt 0.165291 0.635283
vt 0.152678 0.658619
vt 0.148233 0.633502
vt 0.118903 0.561012
vt 0.118577 0.526069
vt 0.136527 0.544538
vt 0.491897 0.543185
vt 0.495142 0.537570
vt 0.495142 0.548988
vt 0.097746 0.977501
vt 0.097746 0.990631
vt 0.093790 0.989093
vt 0.316250 0.939842
vt 0.330944 0.773473
vt 0.331893 0.783445
vt 0.327299 0.783476
vt 0.468245 0.763161
vt 0.467915 0.774418
vt 0.458632 0.774743
vt 0.121592 0.612198
vt 0.108076 0.620976
vt 0.107953 0.614410
vt 0.140285 0.857297
vt 0.168705 0.991072
vt 0.166283 0.980250
vt 0.168705 0.979641
vt 0.200188 0.993734
vt 0.195462 0.992538
vt 0.200188 0.986813
vt 0.030745 0.953437
vt 0.034785 0.944239
vt 0.038168 0.948759
vt 0.400381 0.639285
vt 0.408054 0.657585
vt 0.399566 0.651552
vt 0.076385 0.856678
vt 0.071509 0.850669
vt 0.086224 0.852969
vt 0.089810 0.595591
vt 0.085753 0.586066
vt 0.101028 0.591381
vt 0.325212 0.890282
vt 0.305213 0.808152
vt 0.322916 0.837779
vt 0.124362 0.860416
vt 0.108917 0.857064
vt 0.244739 0.804201
vt 0.254211 0.798773
vt 0.249160 0.809477
vt 0.383978 0.742303
vt 0.393201 0.742845
vt 0.384693 0.750676
vt 0.372806 0.640384
vt 0.370226 0.643631
vt 0.366864 0.640951
vt 0.134793 0.882594
vt 0.134157 0.871148
vt 0.148830 0.880277
vt 0.371712 0.658066
vt 0.364930 0.653040
vt 0.371712 0.650480
vt 0.066147 0.712095
vt 0.066573 0.729642
vt 0.493470 0.685757
vt 0.493470 0.693661
vt 0.489501 0.690703
vt 0.082648 0.938464
vt 0.084717 0.943918
vt 0.217432 0.819894
vt 0.220921 0.807732
vt 0.045942 0.712822
vt 0.045843 0.724766
vt 0.041425 0.713787
vt 0.383549 0.904597
vt 0.381491 0.917828
vt 0.379711 0.906088
vt 0.288190 0.930792
vt 0.298364 0.933810
vt 0.289611 0.934878
vt 0.394263 0.837139
vt 0.408772 0.835536
vt 0.410555 0.840062
vt 0.065734 0.641377
vt 0.064328 0.629921
vt 0.070195 0.636162
vt 0.098422 0.580638
vt 0.109327 0.585477
vt 0.258235 0.797892
vt 0.254933 0.793567
vt 0.259344 0.789798
vt 0.178616 0.624755
vt 0.180002 0.628797
vt 0.021937 0.870928
vt 0.019223 0.863652
vt 0.035180 0.875870
vt 0.017115 0.881041
vt 0.011984 0.869200
vt 0.007468 0.886805
vt 0.011255 0.887027
vt 0.009089 0.890964
vt 0.014285 0.897970
vt 0.199830 0.915269
vt 0.199776 0.920858
vt 0.198017 0.923870
vt 0.275987 0.656552
vt 0.279490 0.654881
vt 0.279490 0.658420
vt 0.440727 0.608100
vt 0.435068 0.599839
vt 0.444693 0.600893
vt 0.321243 0.766624
vt 0.293813 0.741752
vt 0.319097 0.739849
vt 0.325618 0.629666
vt 0.327890 0.594569
vt 0.333531 0.629403
vt 0.020781 0.606364
vt 0.020898 0.596043
vt 0.027056 0.603039
vt 0.255774 0.805298
vt 0.054764 0.959419
vt 0.049538 0.965039
vt 0.152528 0.572307
vt 0.154304 0.568031
vt 0.399337 0.860078
vt 0.424358 0.819108
vt 0.414873 0.809856
vt 0.435617 0.814569
vt 0.485048 0.552516
vt 0.479475 0.547557
vt 0.485048 0.537570
vt 0.083523 0.604144
vt 0.080851 0.598688
vt 0.105285 0.612092
vt 0.112273 0.603122
vt 0.019699 0.887453
vt 0.078100 0.520171
vt 0.074135 0.512236
vt 0.079750 0.512656
vt 0.471932 0.850036
vt 0.471607 0.844165
vt 0.475244 0.835536
vt 0.468390 0.512756
vt 0.471986 0.503547
vt 0.325336 0.966485
vt 0.323099 0.950215
vt 0.325572 0.955278
vt 0.466624 0.964009
vt 0.463767 0.961072
vt 0.350259 0.927790
vt 0.356628 0.926847
vt 0.352839 0.933110
vt 0.117409 0.949060
vt 0.121202 0.951419
vt 0.109320 0.952452
vt 0.394365 0.873207
vt 0.400604 0.875114
vt 0.393162 0.889694
vt 0.462186 0.664415
vt 0.069891 0.608271
vt 0.076258 0.607825
vt 0.079574 0.612861
vt 0.160342 0.711810
vt 0.158272 0.723826
vt 0.143129 0.705536
vt 0.038099 0.550328
vt 0.029672 0.554217
vt 0.032307 0.539635
vt 0.016208 0.709343
vt 0.014300 0.715174
vt 0.008806 0.703851
vt 0.056074 0.583580
vt 0.077248 0.584150
vt 0.065875 0.590852
vt 0.138565 0.927821
vt 0.140266 0.915608
vt 0.146108 0.917477
vt 0.129347 0.577743
vt 0.038168 0.968223
vt 0.029914 0.965934
vt 0.392022 0.871815
vt 0.161950 0.958669
vt 0.162437 0.972792
vt 0.459178 0.840131
vt 0.464758 0.847655
vt 0.455478 0.851695
vt 0.294671 0.799353
vt 0.295297 0.788949
vt 0.297383 0.793435
vt 0.288503 0.629135
vt 0.284631 0.623340
vt 0.291061 0.618044
vt 0.217632 0.596690
vt 0.215392 0.618332
vt 0.387496 0.847365
vt 0.383487 0.852600
vt 0.009157 0.597312
vt 0.083155 0.871497
vt 0.373957 0.954644
vt 0.375253 0.943393
vt 0.378638 0.952773
vt 0.444693 0.578497
vt 0.431174 0.581490
vt 0.431572 0.567610
vt 0.360582 0.974821
vt 0.360582 0.987311
vt 0.355720 0.979429
vt 0.366089 0.801516
vt 0.366690 0.808627
vt 0.355259 0.804569
vt 0.226661 0.931389
vt 0.223898 0.943074
vt 0.219046 0.933720
vt 0.246971 0.960158
vt 0.238079 0.965819
vt 0.242383 0.952205
vt 0.473598 0.904806
vt 0.476501 0.907020
vt 0.477226 0.919814
vt 0.296857 0.531700
vt 0.302886 0.529161
vt 0.303128 0.536508
vt 0.149798 0.663932
vt 0.160961 0.672491
vt 0.158270 0.673414
vt 0.489501 0.669516
vt 0.492512 0.664415
vt 0.492512 0.678908
vt 0.464299 0.836814
vt 0.462890 0.954736
vt 0.063804 0.975718
vt 0.066486 0.984367
vt 0.062305 0.987144
vt 0.144013 0.860653
vt 0.140725 0.870881
vt 0.135984 0.858659
vt 0.140518 0.590443
vt 0.134029 0.580178
vt 0.407033 0.597644
vt 0.413934 0.594711
vt 0.415614 0.599798
vt 0.316843 0.638574
vt 0.318786 0.636428
vt 0.206698 0.928996
vt 0.212197 0.934043
vt 0.211532 0.940362
vt 0.181944 0.765529
vt 0.176359 0.763504
vt 0.181712 0.753846
vt 0.449237 0.649792
vt 0.452742 0.638346
vt 0.456456 0.647773
vt 0.166837 0.709609
vt 0.166786 0.718305
vt 0.261008 0.691162
vt 0.254573 0.706013
vt 0.244432 0.704511
vt 0.477107 0.627524
vt 0.477107 0.655832
vt 0.475684 0.646061
vt 0.169500 0.663331
vt 0.169365 0.643865
vt 0.449596 0.928626
vt 0.443552 0.911956
vt 0.452798 0.913427
vt 0.343493 0.513327
vt 0.338424 0.530047
vt 0.330568 0.515705
vt 0.323321 0.550460
vt 0.322404 0.535591
vt 0.327035 0.520425
vt 0.488103 0.605710
vt 0.491550 0.600226
vt 0.491550 0.614013
vt 0.342461 0.503547
vt 0.326194 0.512286
vt 0.257835 0.982281
vt 0.257835 0.993140
vt 0.253820 0.987074
vt 0.250129 0.658655
vt 0.229393 0.656897
vt 0.228185 0.637224
vt 0.238208 0.630425
vt 0.260867 0.636961
vt 0.318541 0.521666
vt 0.452798 0.896543
vt 0.269138 0.649532
vt 0.464892 0.868264
vt 0.464892 0.887548
vt 0.459026 0.873772
vt 0.390566 0.760121
vt 0.346469 0.810500
vt 0.340081 0.866074
vt 0.339605 0.852244
vt 0.338742 0.813174
vt 0.358772 0.815537
vt 0.365407 0.823271
vt 0.230838 0.593939
vt 0.225858 0.615349
vt 0.277640 0.834851
vt 0.017843 0.768958
vt 0.009725 0.744385
vt 0.405032 0.859087
vt 0.381460 0.852429
vt 0.236949 0.799940
vt 0.245435 0.794913
vt 0.447147 0.627524
vt 0.456456 0.636626
vt 0.235731 0.781637
vt 0.238414 0.776473
vt 0.022253 0.949283
vt 0.022253 0.976195
vt 0.020286 0.954275
vt 0.241007 0.756213
vt 0.247137 0.768224
vt 0.445932 0.642455
vt 0.251479 0.740317
vt 0.253858 0.735897
vt 0.254064 0.744849
vt 0.218897 0.736006
vt 0.225892 0.704230
vt 0.239046 0.715346
vt 0.238519 0.737632
vt 0.251270 0.754951
vt 0.225762 0.759315
vt 0.235810 0.706129
vt 0.262080 0.781159
vt 0.258289 0.768598
vt 0.363099 0.736688
vt 0.366864 0.741269
vt 0.354584 0.741512
vt 0.432960 0.990702
vt 0.426614 0.990702
vt 0.432006 0.983003
vt 0.353468 0.725117
vt 0.085789 0.957744
vt 0.078825 0.966733
vt 0.080622 0.950767
vt 0.482093 0.849304
vt 0.485542 0.835536
vt 0.485542 0.854261
vt 0.327671 0.988338
vt 0.400080 0.548299
vt 0.411800 0.544627
vt 0.408032 0.550195
vt 0.399527 0.539283
vt 0.396560 0.543375
vt 0.413746 0.538213
vt 0.414172 0.551818
vt 0.423906 0.538102
vt 0.421635 0.550321
vt 0.424027 0.529182
vt 0.420019 0.531304
vt 0.394377 0.528325
vt 0.394485 0.520244
vt 0.407841 0.510416
vt 0.417881 0.503547
vt 0.282007 0.815855
vt 0.291271 0.810099
vt 0.298364 0.800968
vt 0.229007 0.966946
vt 0.219046 0.966946
vt 0.227918 0.959857
vt 0.227552 0.953760
vt 0.159434 0.979641
vt 0.159434 0.992193
vt 0.155679 0.985781
vt 0.021660 0.867076
vt 0.393331 0.904936
vt 0.394243 0.896543
vt 0.366753 0.944281
vt 0.363477 0.931135
vt 0.366753 0.926847
vt 0.003547 0.884400
vt 0.122276 0.943090
vt 0.124152 0.970405
vt 0.125888 0.967412
vt 0.408677 0.868977
vt 0.423602 0.889612
vt 0.417404 0.885652
vt 0.423602 0.882974
vt 0.124456 0.974930
vt 0.460497 0.995318
vt 0.461323 0.991414
vt 0.464125 0.995318
vt 0.493961 0.510407
vt 0.494343 0.516532
vt 0.491805 0.506649
vt 0.314428 0.641195
vt 0.311067 0.638238
vt 0.361711 0.687193
vt 0.346978 0.679796
vt 0.353684 0.677577
vt 0.366864 0.665504
vt 0.348602 0.669329
vt 0.090115 0.917792
vt 0.477095 0.702895
vt 0.477095 0.723785
vt 0.472374 0.712455
vt 0.009490 0.908887
vt 0.009569 0.904819
vt 0.023065 0.916773
vt 0.022288 0.910540
vt 0.003547 0.914534
vt 0.021896 0.935662
vt 0.250514 0.917856
vt 0.248648 0.921886
vt 0.246519 0.913246
vt 0.208270 0.990950
vt 0.212021 0.989392
vt 0.212021 0.994162
vt 0.062305 0.957383
vt 0.071875 0.955393
vt 0.063814 0.965461
vt 0.071875 0.968868
vt 0.356394 0.790338
vt 0.476053 0.878414
vt 0.477216 0.888080
vt 0.471741 0.881418
vt 0.053789 0.560175
vt 0.049005 0.542512
vt 0.063179 0.553590
vt 0.042283 0.534756
vt 0.049782 0.531709
vt 0.064474 0.545416
vt 0.056536 0.526707
vt 0.069463 0.531565
vt 0.061748 0.525535
vt 0.068012 0.519186
vt 0.040787 0.575333
vt 0.045358 0.620372
vt 0.039294 0.613979
vt 0.045265 0.639191
vt 0.040138 0.659085
vt 0.033015 0.641985
vt 0.038127 0.638461
vt 0.031148 0.652623
vt 0.028407 0.585779
vt 0.030070 0.631154
vt 0.032671 0.626293
vt 0.031757 0.635840
vt 0.226728 0.943998
vt 0.231230 0.946911
vt 0.292517 0.562863
vt 0.316316 0.593092
vt 0.280886 0.600952
vt 0.300402 0.629179
vt 0.280195 0.615663
vt 0.284653 0.609622
vt 0.484168 0.939967
vt 0.487865 0.935475
vt 0.487865 0.950763
vt 0.305213 0.925503
vt 0.305832 0.917841
vt 0.310565 0.926483
vt 0.477892 0.617215
vt 0.481254 0.606532
vt 0.481254 0.619729
vt 0.204089 0.979964
vt 0.195462 0.974232
vt 0.204089 0.968881
vt 0.309102 0.645950
vt 0.305737 0.648032
vt 0.022861 0.628362
vt 0.033790 0.617287
vt 0.030922 0.624932
vt 0.467764 0.639353
vt 0.463305 0.636812
vt 0.468835 0.627524
vt 0.276931 0.971247
vt 0.276931 0.981544
vt 0.272345 0.977201
vt 0.030611 0.931268
vt 0.034044 0.922865
vt 0.050773 0.928111
vt 0.050773 0.904819
vt 0.036617 0.934817
vt 0.022334 0.636571
vt 0.268929 0.971527
vt 0.495291 0.786111
vt 0.495291 0.797165
vt 0.492124 0.796008
vt 0.418706 0.650963
vt 0.418894 0.657316
vt 0.238079 0.925963
vt 0.391473 0.657585
vt 0.396320 0.637867
vt 0.360441 0.863208
vt 0.096964 0.939572
vt 0.101334 0.914144
vt 0.101334 0.946064
vt 0.250514 0.928338
vt 0.401859 0.634507
vt 0.249840 0.945356
vt 0.361414 0.856890
vt 0.434779 0.962816
vt 0.434299 0.968313
vt 0.431441 0.963976
vt 0.426614 0.971067
vt 0.284963 0.876308
vt 0.489560 0.965084
vt 0.489560 0.980240
vt 0.486366 0.975373
vt 0.037203 0.710212
vt 0.041657 0.704787
vt 0.050856 0.709575
vt 0.341459 0.726163
vt 0.334198 0.734878
vt 0.337330 0.721088
vt 0.351836 0.709459
vt 0.176585 0.956808
vt 0.179590 0.953544
vt 0.180731 0.957898
vt 0.085647 0.856350
vt 0.289105 0.610331
vt 0.496173 0.642977
vt 0.496173 0.651887
vt 0.493629 0.645897
vt 0.456725 0.786111
vt 0.464066 0.790817
vt 0.461360 0.796066
vt 0.455976 0.797675
vt 0.431850 0.769365
vt 0.435536 0.779262
vt 0.426768 0.775650
vt 0.426684 0.770477
vt 0.377612 0.995322
vt 0.373713 0.993139
vt 0.377612 0.986349
vt 0.469685 0.601307
vt 0.452248 0.655949
vt 0.289697 0.554383
vt 0.277344 0.568657
vt 0.283305 0.557391
vt 0.101334 0.970652
vt 0.093790 0.956526
vt 0.101334 0.952913
vt 0.059369 0.736554
vt 0.218434 0.574412
vt 0.410095 0.605257
vt 0.414776 0.609923
vt 0.408298 0.614665
vt 0.391473 0.586680
vt 0.394479 0.574501
vt 0.419554 0.627658
vt 0.259678 0.952205
vt 0.259678 0.975432
vt 0.253820 0.956844
vt 0.397504 0.567610
vt 0.407595 0.570124
vt 0.412166 0.573109
vt 0.008285 0.974504
vt 0.008285 0.987599
vt 0.003547 0.977603
vt 0.209732 0.921865
vt 0.431746 0.537513
vt 0.444763 0.503547
vt 0.444763 0.541113
vt 0.072016 0.746676
vt 0.068164 0.754654
vt 0.065322 0.749526
vt 0.433833 0.543718
vt 0.432983 0.551337
vt 0.003547 0.967655
vt 0.006815 0.949283
vt 0.010693 0.955603
vt 0.330223 0.949092
vt 0.327349 0.945530
vt 0.331473 0.939842
vt 0.326107 0.962478
vt 0.331473 0.962076
vt 0.213570 0.865443
vt 0.233865 0.876674
vt 0.314348 0.566584
vt 0.353809 0.686786
vt 0.341722 0.682656
vt 0.358005 0.692113
vt 0.347098 0.689561
vt 0.474723 0.786111
vt 0.474723 0.813111
vt 0.470915 0.792438
vt 0.361691 0.710816
vt 0.494343 0.503547
vt 0.289551 0.709648
vt 0.285607 0.819346
vt 0.164704 0.774842
vt 0.153583 0.769845
vt 0.356628 0.945341
vt 0.121846 0.899692
vt 0.111428 0.888339
vt 0.134460 0.989522
vt 0.138670 0.979929
vt 0.138670 0.991606
vt 0.246971 0.967987
vt 0.240620 0.969784
vt 0.290544 0.912646
vt 0.287179 0.901352
vt 0.293552 0.903475
vt 0.291993 0.896287
vt 0.440219 0.714652
vt 0.447027 0.711963
vt 0.450346 0.724928
vt 0.079262 0.914144
vt 0.486780 0.627524
vt 0.331865 0.806127
vt 0.069168 0.625909
vt 0.358081 0.650480
vt 0.358081 0.658524
vt 0.350342 0.657437
vt 0.274119 0.739945
vt 0.268929 0.734709
vt 0.277006 0.730715
vt 0.274304 0.727537
vt 0.284292 0.745874
vt 0.284654 0.733785
vt 0.059719 0.650552
vt 0.048197 0.658422
vt 0.048548 0.641642
vt 0.475561 0.979580
vt 0.432424 0.731777
vt 0.296688 0.964291
vt 0.286532 0.964291
vt 0.288391 0.960988
vt 0.290795 0.941727
vt 0.294762 0.948029
vt 0.296068 0.959642
vt 0.470896 0.620017
vt 0.457195 0.680212
vt 0.459010 0.689201
vt 0.463011 0.687689
vt 0.467011 0.756312
vt 0.458632 0.749032
vt 0.467011 0.739351
vt 0.134460 0.931807
vt 0.148827 0.928538
vt 0.148827 0.939497
vt 0.410555 0.887362
vt 0.401912 0.886010
vt 0.460867 0.731777
vt 0.268929 0.830494
vt 0.276562 0.852019
vt 0.275987 0.559722
vt 0.392005 0.695330
vt 0.403517 0.691619
vt 0.397964 0.713907
vt 0.387527 0.686713
vt 0.387250 0.681654
vt 0.383031 0.706409
vt 0.385660 0.694792
vt 0.387232 0.690610
vt 0.383790 0.713045
vt 0.382591 0.716763
vt 0.380952 0.722455
vt 0.042164 0.886842
vt 0.030866 0.886897
vt 0.028547 0.879280
vt 0.039354 0.880125
vt 0.383249 0.969760
vt 0.383249 0.979500
vt 0.373713 0.972489
vt 0.047808 0.884846
vt 0.043184 0.873676
vt 0.048394 0.874929
vt 0.310743 0.914992
vt 0.313592 0.917580
vt 0.477745 0.609922
vt 0.243129 0.866758
vt 0.232089 0.852181
vt 0.240332 0.852705
vt 0.296564 0.992177
vt 0.298302 0.989068
vt 0.298302 0.995663
vt 0.463272 0.600226
vt 0.168440 0.715945
vt 0.173263 0.715877
vt 0.176356 0.712243
vt 0.290921 0.538713
vt 0.492707 0.706546
vt 0.495758 0.700820
vt 0.495758 0.709386
vt 0.457865 0.881204
vt 0.484075 0.906915
vt 0.487415 0.896543
vt 0.487415 0.912660
vt 0.213609 0.804198
vt 0.425422 0.917577
vt 0.423686 0.929464
vt 0.419095 0.925187
vt 0.275440 0.724758
vt 0.280904 0.700387
vt 0.186745 0.657848
vt 0.181954 0.661449
vt 0.187266 0.649740
vt 0.188613 0.636154
vt 0.178555 0.643409
vt 0.188284 0.630047
vt 0.479567 0.761088
vt 0.479567 0.778450
vt 0.475094 0.772999
vt 0.148163 0.979929
vt 0.146872 0.988927
vt 0.145519 0.992790
vt 0.045146 0.944239
vt 0.492391 0.856983
vt 0.494112 0.854081
vt 0.494112 0.861389
vt 0.316250 0.962603
vt 0.305213 0.991795
vt 0.308949 0.987924
vt 0.308949 0.995541
vt 0.114316 0.993067
vt 0.108917 0.988029
vt 0.114316 0.987290
vt 0.485755 0.828367
vt 0.227385 0.888875
vt 0.237918 0.885818
vt 0.425890 0.788842
vt 0.211923 0.872869
vt 0.216881 0.883029
vt 0.220005 0.897111
vt 0.217645 0.891107
vt 0.243671 0.871273
vt 0.245358 0.883482
vt 0.342553 0.927323
vt 0.174396 0.698437
vt 0.169330 0.697749
vt 0.173177 0.684695
vt 0.165732 0.685273
vt 0.162838 0.678530
vt 0.166811 0.672217
vt 0.254455 0.812936
vt 0.341799 0.933286
vt 0.494183 0.835536
vt 0.494183 0.847232
vt 0.492391 0.843310
vt 0.053512 0.971888
vt 0.053512 0.981504
vt 0.047999 0.974909
vt 0.005406 0.609629
vt 0.017255 0.627221
vt 0.466749 0.896543
vt 0.466749 0.923323
vt 0.017562 0.864650
vt 0.398742 0.791297
vt 0.388457 0.802471
vt 0.390076 0.793640
vt 0.045017 0.981623
vt 0.453648 0.961950
vt 0.443551 0.956296
vt 0.453648 0.953037
vt 0.448652 0.946708
vt 0.448599 0.935475
vt 0.475244 0.860120
vt 0.468835 0.656544
vt 0.464209 0.642905
vt 0.022492 0.697978
vt 0.015901 0.704844
vt 0.013797 0.697859
vt 0.290659 0.788252
vt 0.041905 0.786755
vt 0.030494 0.773666
vt 0.124909 0.920835
vt 0.127611 0.936241
vt 0.119977 0.936006
vt 0.114298 0.921267
vt 0.118165 0.916033
vt 0.121127 0.910750
vt 0.123941 0.907882
vt 0.108917 0.930013
vt 0.127611 0.906541
vt 0.037694 0.907477
vt 0.044728 0.906669
vt 0.473862 0.664415
vt 0.473862 0.694897
vt 0.470607 0.668735
vt 0.090967 0.527294
vt 0.081152 0.520233
vt 0.090132 0.514672
vt 0.091420 0.849692
vt 0.088559 0.844889
vt 0.077477 0.840236
vt 0.140802 0.971766
vt 0.134460 0.973080
vt 0.139170 0.961648
vt 0.296258 0.611615
vt 0.134573 0.965774
vt 0.324323 0.913275
vt 0.329003 0.909930
vt 0.329070 0.922405
vt 0.329070 0.932993
vt 0.314292 0.932429
vt 0.140802 0.946346
vt 0.366690 0.780877
vt 0.366284 0.784809
vt 0.358365 0.779415
vt 0.317762 0.911061
vt 0.245855 0.836396
vt 0.086920 0.785247
vt 0.119023 0.815695
vt 0.098425 0.811305
vt 0.107224 0.802812
vt 0.127495 0.811878
vt 0.451542 0.595546
vt 0.455684 0.567610
vt 0.455684 0.616730
vt 0.138914 0.726624
vt 0.157005 0.833068
vt 0.122340 0.818902
vt 0.174140 0.814069
vt 0.058619 0.709197
vt 0.056282 0.703585
vt 0.058833 0.698620
vt 0.041061 0.676050
vt 0.051219 0.653427
vt 0.060822 0.648566
vt 0.096476 0.671754
vt 0.071524 0.641253
vt 0.080790 0.637128
vt 0.093588 0.625094
vt 0.109100 0.642645
vt 0.098169 0.620822
vt 0.165442 0.830933
vt 0.177815 0.805367
vt 0.113803 0.639643
vt 0.143211 0.610011
vt 0.126384 0.636911
vt 0.124932 0.607419
vt 0.164195 0.731247
vt 0.178201 0.732851
vt 0.117170 0.602069
vt 0.116516 0.599395
vt 0.092859 0.618742
vt 0.089926 0.626402
vt 0.079656 0.637918
vt 0.075044 0.622865
vt 0.074839 0.638690
vt 0.069930 0.643591
vt 0.173418 0.718096
vt 0.130581 0.704162
vt 0.143399 0.689355
vt 0.151503 0.678739
vt 0.137520 0.675561
vt 0.109888 0.695330
vt 0.101489 0.679522
vt 0.124019 0.695689
vt 0.112896 0.575540
vt 0.121990 0.585345
vt 0.122665 0.578771
vt 0.111805 0.571905
vt 0.109395 0.563715
vt 0.099133 0.523612
vt 0.107342 0.688523
vt 0.100536 0.699946
vt 0.140429 0.599955
vt 0.135071 0.530425
vt 0.142936 0.529958
vt 0.096237 0.680198
vt 0.158975 0.614280
vt 0.169674 0.607935
vt 0.150800 0.620143
vt 0.111843 0.651690
vt 0.110042 0.663775
vt 0.175058 0.671963
vt 0.139922 0.639460
vt 0.485932 0.919509
vt 0.490148 0.927926
vt 0.484075 0.927926
vt 0.133882 0.526299
vt 0.062983 0.948544
vt 0.071976 0.946076
vt 0.060996 0.754489
vt 0.496192 0.896543
vt 0.496192 0.905577
vt 0.494264 0.901843
vt 0.138132 0.906541
vt 0.252645 0.680075
vt 0.241289 0.712440
vt 0.260940 0.679256
vt 0.262080 0.671207
vt 0.236457 0.697736
vt 0.085789 0.969157
vt 0.084824 0.973956
vt 0.491995 0.992914
vt 0.486366 0.987418
vt 0.491995 0.987090
vt 0.416703 0.900503
vt 0.421717 0.904003
vt 0.417087 0.906155
vt 0.084296 0.907295
vt 0.081250 0.898154
vt 0.089786 0.884509
vt 0.089244 0.905905
vt 0.026767 0.723875
vt 0.005859 0.727827
vt 0.003945 0.717463
vt 0.003547 0.708019
vt 0.025391 0.705047
vt 0.020718 0.702976
vt 0.051626 0.718593
vt 0.026736 0.687444
vt 0.059251 0.708044
vt 0.051468 0.795560
vt 0.045732 0.785697
vt 0.075566 0.791545
vt 0.403226 0.708822
vt 0.406526 0.696030
vt 0.408024 0.711997
vt 0.049803 0.630672
vt 0.036889 0.955737
vt 0.469365 0.587217
vt 0.468276 0.593377
vt 0.462534 0.585087
vt 0.469365 0.567610
vt 0.221046 0.622557
vt 0.480711 0.674333
vt 0.482652 0.664415
vt 0.482652 0.688067
vt 0.491267 0.567610
vt 0.491267 0.581005
vt 0.487465 0.577157
vt 0.013437 0.967655
vt 0.163632 0.661707
vt 0.429552 0.665504
vt 0.430326 0.685278
vt 0.420344 0.671865
vt 0.422266 0.682370
vt 0.337941 0.698609
vt 0.327602 0.688275
vt 0.323564 0.697764
vt 0.439083 0.614949
vt 0.439083 0.655949
vt 0.426403 0.630837
vt 0.366252 0.709897
vt 0.331272 0.868806
vt 0.331893 0.899083
vt 0.314774 0.733796
vt 0.188052 0.840997
vt 0.184122 0.849637
vt 0.182073 0.841847
vt 0.297682 0.737458
vt 0.175664 0.868348
vt 0.160327 0.859632
vt 0.176589 0.864760
vt 0.161461 0.853188
vt 0.164446 0.844483
vt 0.155679 0.887418
vt 0.160059 0.861902
vt 0.292024 0.737491
vt 0.313410 0.737467
vt 0.347228 0.734136
vt 0.345585 0.907760
vt 0.347372 0.914278
vt 0.338742 0.919998
vt 0.341000 0.896403
vt 0.329868 0.839951
vt 0.319401 0.816944
vt 0.086491 0.862127
vt 0.463758 0.696046
vt 0.112506 0.849086
vt 0.113478 0.840236
vt 0.118879 0.841038
vt 0.066941 0.895081
vt 0.110293 0.854001
vt 0.129328 0.869060
vt 0.338742 0.961398
vt 0.348870 0.952190
vt 0.348870 0.969456
vt 0.188052 0.896745
vt 0.178201 0.899847
vt 0.184341 0.891617
vt 0.160074 0.898744
vt 0.186382 0.768118
vt 0.188613 0.777097
vt 0.184616 0.782602
vt 0.181213 0.800392
vt 0.427002 0.589607
vt 0.444156 0.589750
vt 0.495916 0.716235
vt 0.495916 0.724318
vt 0.492707 0.721431
vt 0.419765 0.978839
vt 0.413069 0.972142
vt 0.418694 0.970895
vt 0.419765 0.962816
vt 0.376656 0.730224
vt 0.373713 0.732473
vt 0.108917 0.977426
vt 0.116693 0.967412
vt 0.116693 0.980441
vt 0.451612 0.544737
vt 0.461091 0.540332
vt 0.461091 0.560190
vt 0.138308 0.897619
vt 0.484450 0.739190
vt 0.487515 0.731777
vt 0.487515 0.748323
vt 0.494675 0.530080
vt 0.491805 0.527238
vt 0.494675 0.523381
vt 0.289715 0.989068
vt 0.289715 0.996453
vt 0.286532 0.994251
vt 0.195462 0.931941
vt 0.198229 0.930342
vt 0.195774 0.940362
vt 0.466204 0.970858
vt 0.466204 0.984565
vt 0.460497 0.977761
vt 0.384624 0.503547
vt 0.380731 0.517628
vt 0.372294 0.512802
vt 0.380012 0.553139
vt 0.371585 0.536592
vt 0.377562 0.573879
vt 0.370220 0.548744
vt 0.378825 0.584863
vt 0.365971 0.576378
vt 0.379713 0.595668
vt 0.384624 0.610271
vt 0.363996 0.631039
vt 0.384391 0.623371
vt 0.383258 0.629863
vt 0.379208 0.638507
vt 0.472626 0.560191
vt 0.467940 0.553280
vt 0.472626 0.537570
vt 0.239008 0.829547
vt 0.350342 0.590165
vt 0.496411 0.636128
vt 0.493629 0.631155
vt 0.496411 0.627524
vt 0.240581 0.819149
vt 0.219397 0.978964
vt 0.219046 0.973795
vt 0.225328 0.976549
vt 0.225328 0.985460
vt 0.249043 0.820691
vt 0.258940 0.803299
vt 0.258153 0.808888
vt 0.331668 0.565541
vt 0.054657 0.959540
vt 0.385445 0.962911
vt 0.377351 0.957490
vt 0.373713 0.962911
vt 0.162750 0.944126
vt 0.168805 0.924263
vt 0.168805 0.945931
vt 0.035688 0.561867
vt 0.035812 0.567433
vt 0.287635 0.919302
vt 0.285047 0.908452
vt 0.108980 0.517947
vt 0.101773 0.507711
vt 0.106017 0.506673
vt 0.114658 0.508543
vt 0.091482 0.505371
vt 0.406547 0.852721
vt 0.409047 0.847997
vt 0.391782 0.842583
vt 0.488740 0.778305
vt 0.486416 0.771395
vt 0.488740 0.761088
vt 0.424897 0.560761
vt 0.113291 0.933086
vt 0.431859 0.701662
vt 0.433370 0.723050
vt 0.424516 0.711438
vt 0.427667 0.724928
vt 0.432796 0.695374
vt 0.417192 0.699219
vt 0.356477 0.952190
vt 0.366490 0.967972
vt 0.355720 0.967972
vt 0.029914 0.982784
vt 0.034451 0.975072
vt 0.034451 0.987613
vt 0.268929 0.994933
vt 0.271417 0.988393
vt 0.273490 0.994933
vt 0.390623 0.782487
vt 0.396339 0.782539
vt 0.419554 0.569394
vt 0.201350 0.913246
vt 0.445804 0.774948
vt 0.442385 0.766013
vt 0.451783 0.767082
vt 0.445164 0.755690
vt 0.446087 0.745262
vt 0.449962 0.742248
vt 0.205622 0.887663
vt 0.195462 0.892667
vt 0.200375 0.884362
vt 0.012423 0.840236
vt 0.043138 0.866344
vt 0.010212 0.850824
vt 0.071976 0.920632
vt 0.117688 0.651725
vt 0.055456 0.897970
vt 0.364839 0.872923
vt 0.198003 0.735286
vt 0.078825 0.986564
vt 0.082250 0.980805
vt 0.082250 0.993448
vt 0.364839 0.916495
vt 0.353918 0.916301
vt 0.195462 0.777492
vt 0.202817 0.787111
vt 0.186081 0.967012
vt 0.175654 0.967012
vt 0.336972 0.562045
vt 0.336667 0.578770
vt 0.343493 0.598219
vt 0.341147 0.606658
vt 0.175654 0.934161
vt 0.180342 0.922465
vt 0.187478 0.946695
vt 0.187478 0.911100
vt 0.180704 0.872869
vt 0.415477 0.789884
vt 0.420910 0.786111
vt 0.435617 0.792712
vt 0.246140 0.894387
vt 0.239375 0.892229
vt 0.424820 0.823876
vt 0.102068 0.901931
vt 0.313268 0.981075
vt 0.305213 0.981075
vt 0.306961 0.969452
vt 0.178049 0.703620
vt 0.148198 0.871857
vt 0.159297 0.590254
vt 0.166531 0.575081
vt 0.163204 0.570432
vt 0.054099 0.860394
vt 0.077617 0.535990
vt 0.102068 0.845875
vt 0.280720 0.884918
vt 0.283608 0.878463
vt 0.286227 0.881957
vt 0.391473 0.532240
vt 0.049194 0.722252
vt 0.435860 0.846318
vt 0.435757 0.852429
vt 0.062305 0.871277
vt 0.071541 0.860645
vt 0.078419 0.877800
vt 0.066158 0.880336
vt 0.384259 0.657199
vt 0.378561 0.651396
vt 0.384259 0.650480
vt 0.445050 0.994621
vt 0.443551 0.988542
vt 0.447799 0.992077
vt 0.447799 0.985802
vt 0.414873 0.724928
vt 0.460492 0.812091
vt 0.464066 0.814364
vt 0.468950 0.828377
vt 0.471160 0.821213
vt 0.474054 0.828377
vt 0.069762 0.914144
vt 0.099056 0.669775
vt 0.477433 0.567610
vt 0.480616 0.569640
vt 0.476214 0.582641
vt 0.480616 0.586138
vt 0.396181 0.925278
vt 0.373713 0.932572
vt 0.380933 0.934251
vt 0.406220 0.936544
vt 0.389977 0.936544
vt 0.402603 0.911450
vt 0.276481 0.862799
vt 0.278529 0.875548
vt 0.175654 0.977051
vt 0.181658 0.973861
vt 0.181658 0.985916
vt 0.393782 0.961241
vt 0.392294 0.950977
vt 0.402020 0.957864
vt 0.402020 0.949189
vt 0.399898 0.965512
vt 0.108917 0.959750
vt 0.122276 0.960562
vt 0.195462 0.962031
vt 0.208724 0.960803
vt 0.082604 0.515323
vt 0.083658 0.517972
vt 0.167445 0.911100
vt 0.162424 0.918333
vt 0.155679 0.930188
vt 0.157740 0.922290
vt 0.394174 0.808549
vt 0.388733 0.808960
vt 0.048885 0.988472
vt 0.048885 0.995190
vt 0.045017 0.993958
vt 0.051463 0.720029
vt 0.055660 0.716357
vt 0.212021 0.968881
vt 0.212021 0.982543
vt 0.210938 0.975508
vt 0.178049 0.677928
vt 0.147651 0.956572
vt 0.148374 0.946346
vt 0.148374 0.961672
vt 0.029914 0.937389
vt 0.159045 0.562463
vt 0.151743 0.524807
vt 0.155418 0.530464
vt 0.171540 0.524801
vt 0.181341 0.541100
vt 0.494722 0.821753
vt 0.492604 0.816228
vt 0.494722 0.811318
vt 0.477226 0.896543
vt 0.186326 0.551356
vt 0.047214 0.859893
vt 0.487202 0.868264
vt 0.487202 0.884922
vt 0.484065 0.882316
vt 0.150762 0.615225
vt 0.145257 0.605877
vt 0.155206 0.609656
vt 0.167427 0.587737
vt 0.161076 0.594625
vt 0.171339 0.581425
vt 0.436702 0.931202
vt 0.159051 0.680157
vt 0.162119 0.703938
vt 0.165342 0.692195
vt 0.019852 0.550320
vt 0.028183 0.542630
vt 0.228600 0.844882
vt 0.152903 0.668880
vt 0.116247 0.662694
vt 0.149010 0.654676
vt 0.413069 0.909531
vt 0.422331 0.906819
vt 0.436702 0.907288
vt 0.413509 0.919187
vt 0.443551 0.976517
vt 0.453128 0.968799
vt 0.453128 0.978953
vt 0.471802 0.853916
vt 0.451783 0.731777
vt 0.134557 0.514311
vt 0.449126 0.825701
vt 0.116490 0.523463
vt 0.121853 0.503547
vt 0.130264 0.506260
vt 0.413069 0.941223
vt 0.429653 0.938051
vt 0.429653 0.955967
vt 0.483473 0.530649
vt 0.479518 0.526255
vt 0.483473 0.525445
vt 0.465525 0.702895
vt 0.465525 0.724589
vt 0.457195 0.713953
vt 0.294114 0.783760
vt 0.208387 0.584674
vt 0.197024 0.605545
vt 0.211970 0.585083
vt 0.195462 0.600557
vt 0.205376 0.607584
vt 0.232894 0.552115
vt 0.240327 0.540442
vt 0.243776 0.546014
vt 0.249979 0.525839
vt 0.235029 0.564053
vt 0.269138 0.503547
vt 0.268310 0.510526
vt 0.391190 0.665504
vt 0.394110 0.677069
vt 0.400708 0.720506
vt 0.398254 0.760417
vt 0.116420 0.824692
vt 0.105246 0.825621
vt 0.082038 0.819427
vt 0.293385 0.976172
vt 0.294422 0.982219
vt 0.286532 0.975111
vt 0.199845 0.616334
vt 0.205038 0.616128
vt 0.294422 0.971140
vt 0.287659 0.971323
vt 0.348074 0.787111
vt 0.339894 0.785656
vt 0.343571 0.780204
vt 0.350889 0.777416
vt 0.344110 0.976305
vt 0.344110 0.987396
vt 0.338742 0.983018
vt 0.132142 0.833387
vt 0.396803 0.828687
vt 0.477216 0.868264
vt 0.231363 0.617076
vt 0.408024 0.793932
vt 0.359835 0.773473
vt 0.323205 0.905932
vt 0.318472 0.907635
vt 0.479372 0.600226
vt 0.436389 0.869377
vt 0.435394 0.876125
vt 0.430166 0.872161
vt 0.436100 0.863270
vt 0.427588 0.866713
vt 0.421168 0.871558
vt 0.420658 0.865347
vt 0.433499 0.856116
vt 0.417404 0.855962
vt 0.021422 0.586465
vt 0.477319 0.935475
vt 0.477319 0.958235
vt 0.473473 0.956191
vt 0.006158 0.604080
vt 0.468245 0.778450
vt 0.493816 0.555837
vt 0.495271 0.560004
vt 0.491897 0.560004
vt 0.434779 0.976154
vt 0.030430 0.570843
vt 0.022117 0.574277
vt 0.015980 0.559858
vt 0.027213 0.568148
vt 0.379518 0.946018
vt 0.023115 0.566415
vt 0.017832 0.569228
vt 0.013314 0.552384
vt 0.396246 0.943393
vt 0.426403 0.582998
vt 0.435651 0.889340
vt 0.430452 0.889340
vt 0.435636 0.882974
vt 0.151758 0.524688
vt 0.165316 0.519991
vt 0.022253 0.994451
vt 0.018616 0.986067
vt 0.022253 0.983044
vt 0.398045 0.972361
vt 0.398045 0.985690
vt 0.392294 0.976609
vt 0.278081 0.949468
vt 0.269730 0.944295
vt 0.279683 0.941727
vt 0.433203 0.925280
vt 0.180302 0.904251
vt 0.464758 0.861415
vt 0.199297 0.906397
vt 0.196753 0.902151
vt 0.207074 0.899227
vt 0.460628 0.835536
vt 0.483944 0.718160
vt 0.485858 0.700820
vt 0.485858 0.723785
vt 0.481488 0.503547
vt 0.484956 0.518596
vt 0.479518 0.518596
vt 0.477154 0.994847
vt 0.473473 0.989546
vt 0.477154 0.986429
vt 0.259574 0.665925
vt 0.443515 0.698126
vt 0.448629 0.883325
vt 0.446181 0.843543
vt 0.448629 0.835536
vt 0.066486 0.988795
vt 0.450346 0.664415
vt 0.261136 0.836396
vt 0.261136 0.894042
vt 0.252990 0.859767
vt 0.254526 0.665504
vt 0.148163 0.993427
vt 0.258063 0.919954
vt 0.261136 0.900891
vt 0.261136 0.938054
vt 0.426447 0.896543
vt 0.436672 0.900623
vt 0.136242 0.852047
vt 0.393032 0.762940
vt 0.405960 0.722372
vt 0.460931 0.533483
vt 0.451612 0.524463
vt 0.460931 0.503547
vt 0.287086 0.781226
vt 0.289958 0.773473
vt 0.417057 0.995333
vt 0.413069 0.991935
vt 0.417057 0.985688
vt 0.205736 0.880439
vt 0.227186 0.927293
vt 0.221459 0.914679
vt 0.231230 0.913246
vt 0.455478 0.874149
vt 0.238079 0.982358
vt 0.244856 0.976633
vt 0.244856 0.985851
vt 0.279683 0.961712
vt 0.268929 0.956043
vt 0.270412 0.964398
vt 0.323298 0.700268
vt 0.313746 0.700639
vt 0.314080 0.687399
vt 0.314549 0.685809
vt 0.313916 0.692532
vt 0.316949 0.666050
vt 0.313450 0.704514
vt 0.295797 0.711514
vt 0.165875 0.840236
s 1
usemtl material_atlas_00001_1
f 497/1/1 438/2/2 439/3/3
f 22/4/4 540/5/5 9/6/6
f 486/7/7 155/8/8 485/9/9
f 455/10/10 208/11/11 459/12/12
f 318/13/13 686/14/14 271/15/15
f 366/16/16 175/17/17 427/18/18
f 191/19/19 424/20/20 428/21/21
f 263/22/22 650/23/23 238/24/24
f 521/25/25 554/26/26 549/27/27
f 530/28/28 527/29/29 651/30/30
f 714/31/31 478/32/32 166/33/33
f 34/34/34 49/35/35 33/36/36
f 255/37/37 526/38/38 597/39/39
f 66/40/40 94/41/41 176/42/42
f 20/43/43 213/44/44 13/45/45
f 335/46/46 122/47/47 576/48/48
f 93/49/49 439/50/3 500/51/50
f 63/52/51 90/53/52 502/54/53
f 188/55/54 548/56/55 551/57/56
f 732/58/57 308/59/58 541/60/59
f 670/61/60 57/62/61 669/63/62
f 691/64/63 254/65/64 689/66/65
f 194/67/66 330/68/67 120/69/68
f 23/70/69 4/71/70 21/72/71
f 510/73/72 547/74/73 552/75/74
f 571/76/75 135/77/76 337/78/77
f 275/79/78 699/80/79 608/81/80
f 582/82/81 257/83/82 345/84/83
f 364/85/84 252/86/85 351/87/86
f 472/88/87 220/89/88 69/90/89
f 244/91/90 474/92/91 684/93/92
f 100/94/93 230/95/94 205/96/95
f 636/97/96 471/98/97 487/99/98
f 506/100/99 623/101/100 492/102/101
f 137/103/102 88/104/103 95/105/104
f 87/106/105 317/107/106 673/108/107
f 562/109/108 400/110/109 92/111/110
f 101/112/111 217/113/112 132/114/113
f 56/115/114 145/116/115 420/117/116
f 558/118/117 156/119/118 549/27/27
f 254/120/64 62/121/119 120/122/68
f 480/123/120 441/124/121 719/125/122
f 404/126/123 410/127/124 350/128/125
f 412/129/126 350/130/125 197/131/127
f 440/132/128 534/133/129 533/134/130
f 673/135/107 442/136/131 128/137/132
f 321/138/133 201/139/134 309/140/135
f 596/141/136 584/142/137 345/143/83
f 357/144/138 379/145/139 248/146/140
f 252/147/85 327/148/141 351/149/86
f 286/150/142 137/151/102 95/152/104
f 70/153/143 261/154/144 714/155/31
f 119/156/145 198/157/146 212/158/147
f 705/159/148 157/160/149 543/161/150
f 220/89/88 109/162/151 69/90/89
f 452/163/152 446/164/153 403/165/154
f 219/166/155 707/167/156 708/168/157
f 458/169/158 404/170/123 409/171/159
f 234/172/160 341/173/161 625/174/162
f 536/175/163 641/176/164 637/177/165
f 390/178/166 643/179/167 164/180/168
f 681/181/169 188/182/54 671/183/170
f 716/184/171 724/185/172 98/186/173
f 512/187/174 514/188/175 683/189/176
f 70/153/143 539/190/177 261/154/144
f 56/191/114 53/192/178 26/193/179
f 260/194/180 181/195/181 384/196/182
f 610/197/183 207/198/184 726/199/185
f 714/31/31 632/200/186 478/32/32
f 262/201/187 471/202/97 482/203/188
f 564/204/189 263/205/22 566/206/190
f 336/207/191 720/208/192 721/209/193
f 657/210/194 398/211/195 8/212/196
f 204/213/197 555/214/198 185/215/199
f 464/216/200 618/217/201 462/218/202
f 67/219/203 429/220/204 30/221/205
f 196/222/206 547/74/73 57/223/61
f 347/224/207 394/225/208 387/226/209
f 398/227/195 19/228/210 8/229/196
f 716/230/171 98/231/173 715/232/211
f 227/233/212 195/234/213 238/235/24
f 234/236/160 625/237/162 160/238/214
f 113/239/215 286/150/142 280/240/216
f 504/241/217 174/242/218 645/243/219
f 329/244/220 255/37/37 257/245/82
f 364/85/84 358/246/221 361/247/222
f 284/248/223 289/249/224 292/250/225
f 644/251/226 663/252/227 647/253/228
f 385/254/229 703/255/230 332/256/231
f 649/257/232 539/258/177 147/259/233
f 480/260/120 393/261/234 488/262/235
f 619/263/236 391/264/237 462/218/202
f 151/265/238 394/225/208 702/266/239
f 151/265/238 702/266/239 573/267/240
f 390/178/166 472/268/87 115/269/241
f 131/270/242 342/271/243 589/272/244
f 131/270/242 591/273/245 647/274/228
f 583/275/246 173/276/247 593/277/248
f 173/276/247 580/278/249 593/277/248
f 580/279/249 181/280/181 593/281/248
f 594/282/250 504/283/217 583/284/246
f 200/285/251 215/286/252 180/287/253
f 376/288/254 123/289/255 43/290/256
f 704/291/257 360/292/258 239/293/259
f 168/294/260 518/295/261 396/296/262
f 394/225/208 233/297/263 387/226/209
f 345/143/83 257/298/82 255/299/37
f 603/300/264 244/91/265 605/301/266
f 271/15/15 687/302/267 318/13/13
f 308/303/58 84/304/268 520/305/269
f 195/306/213 444/307/270 700/308/271
f 618/217/201 465/309/272 617/310/273
f 726/199/185 728/311/274 385/312/229
f 173/276/247 591/273/245 200/313/251
f 269/314/275 306/315/276 240/316/277
f 652/317/278 653/318/279 655/319/280
f 613/320/281 437/321/282 691/64/63
f 113/322/215 184/323/283 278/324/284
f 494/325/285 64/326/286 497/1/1
f 509/327/287 510/328/72 133/329/288
f 611/330/289 667/331/290 83/332/291
f 563/333/292 688/334/293 397/335/294
f 502/54/53 90/53/52 501/336/295
f 142/337/296 68/338/297 468/339/298
f 515/340/299 674/341/300 570/342/301
f 303/343/302 162/344/303 309/345/135
f 165/346/304 453/347/305 447/348/306
f 579/349/307 436/350/308 79/351/309
f 586/352/310 215/353/252 125/354/311
f 684/93/92 685/355/312 681/181/169
f 683/356/176 99/357/313 336/207/191
f 686/14/14 560/358/314 562/109/108
f 120/69/68 690/359/315 689/360/65
f 316/361/316 193/362/317 732/363/57
f 709/364/318 78/365/319 706/366/320
f 620/367/321 626/368/322 628/369/323
f 13/370/45 21/72/71 438/371/2
f 129/372/324 687/302/267 723/373/325
f 576/374/48 518/295/261 168/294/260
f 541/60/59 669/63/62 577/375/326
f 299/376/327 522/377/328 293/378/329
f 247/379/330 144/380/331 322/381/332
f 703/382/230 225/383/333 332/384/231
f 627/385/334 65/386/335 89/387/336
f 445/388/337 91/389/338 219/390/155
f 561/391/339 92/392/110 513/393/340
f 400/394/109 513/395/340 92/396/110
f 118/397/341 246/398/342 136/399/343
f 107/400/344 266/401/345 443/402/346
f 435/403/347 679/404/348 680/405/349
f 193/362/317 316/361/316 240/406/277
f 64/326/286 495/407/350 497/1/1
f 533/408/130 532/409/351 199/410/352
f 730/411/353 444/412/270 179/413/354
f 718/414/355 678/415/356 474/92/91
f 326/416/357 595/417/358 54/418/359
f 543/161/150 232/419/360 544/420/361
f 239/293/259 157/160/149 705/159/148
f 260/421/180 126/422/362 313/423/363
f 339/424/364 317/425/106 87/426/105
f 175/427/17 349/428/365 430/429/366
f 515/340/299 575/430/367 177/431/368
f 210/432/369 344/433/370 52/434/371
f 439/435/3 494/436/285 497/437/1
f 497/1/1 495/407/350 438/2/2
f 631/438/372 390/178/166 630/439/373
f 691/440/63 437/441/282 511/442/374
f 371/443/375 369/444/376 372/445/377
f 369/444/376 354/446/378 374/447/379
f 369/444/376 370/448/380 372/445/377
f 319/449/381 691/450/63 511/451/374
f 437/452/282 371/443/375 339/453/364
f 319/454/381 254/455/64 691/456/63
f 354/457/378 362/458/382 491/459/383
f 490/460/384 136/461/343 491/459/383
f 491/459/383 136/461/343 354/457/378
f 136/399/343 223/462/385 374/447/379
f 372/445/377 339/453/364 371/443/375
f 339/463/364 511/442/374 437/441/282
f 354/457/378 136/461/343 374/464/379
f 374/447/379 370/448/380 369/444/376
f 223/462/385 370/448/380 374/447/379
f 647/465/228 660/466/386 646/467/387
f 8/229/196 19/228/210 25/468/388
f 20/469/43 623/101/100 89/387/336
f 25/470/388 17/471/389 9/6/6
f 540/5/5 213/472/44 622/473/390
f 213/472/44 20/469/43 622/473/390
f 20/469/43 89/387/336 622/473/390
f 17/471/389 22/4/4 9/6/6
f 89/387/336 169/474/391 622/473/390
f 622/473/390 169/474/391 540/5/5
f 12/475/392 270/476/393 438/371/2
f 438/371/2 21/72/71 12/475/392
f 155/8/8 158/477/394 485/9/9
f 456/478/395 459/12/12 208/11/11
f 455/10/10 459/12/12 449/479/396
f 688/334/293 563/333/292 318/13/13
f 687/302/267 530/480/28 318/13/13
f 530/480/28 688/334/293 318/13/13
f 92/111/110 314/481/397 271/15/15
f 562/109/108 92/111/110 686/14/14
f 92/111/110 271/15/15 686/14/14
f 352/482/398 248/146/140 355/483/399
f 355/484/399 248/485/140 349/428/365
f 248/146/140 356/486/400 430/487/366
f 356/488/400 421/489/401 430/490/366
f 421/491/401 426/492/402 430/487/366
f 430/429/366 349/428/365 248/485/140
f 427/18/18 355/483/399 366/16/16
f 366/493/16 355/484/399 349/428/365
f 431/494/403 425/495/404 191/496/19
f 373/497/405 31/498/406 53/499/178
f 373/497/405 53/499/178 56/115/114
f 421/491/401 377/500/407 428/501/21
f 377/500/407 378/502/408 373/497/405
f 377/500/407 373/497/405 56/115/114
f 31/498/406 34/503/34 53/499/178
f 426/492/402 421/491/401 428/501/21
f 573/267/240 427/18/18 320/504/409
f 426/492/402 428/501/21 104/505/410
f 377/500/407 431/494/403 191/496/19
f 51/506/411 49/507/35 31/508/406
f 49/509/35 34/510/34 31/511/406
f 31/508/406 55/512/412 51/506/411
f 104/513/410 427/514/18 426/515/402
f 422/516/413 104/517/410 428/518/21
f 56/115/114 420/117/116 377/500/407
f 420/117/116 425/495/404 377/500/407
f 428/501/21 377/500/407 191/496/19
f 377/500/407 425/495/404 431/494/403
f 424/20/20 111/519/414 428/21/21
f 129/520/324 245/521/415 216/522/416
f 245/521/415 129/520/324 314/523/397
f 129/520/324 723/524/325 314/523/397
f 314/523/397 138/525/417 245/521/415
f 216/522/416 245/521/415 649/526/232
f 245/521/415 138/525/417 648/527/418
f 261/528/144 649/526/232 245/521/415
f 648/527/418 261/528/144 245/521/415
f 700/529/271 648/527/418 241/530/419
f 241/530/419 648/527/418 138/525/417
f 238/24/24 700/529/271 241/530/419
f 241/530/419 314/523/397 259/531/420
f 259/531/420 209/532/421 263/22/22
f 241/530/419 259/531/420 263/22/22
f 263/22/22 238/24/24 241/530/419
f 564/533/189 565/534/422 650/23/23
f 263/22/22 564/533/189 650/23/23
f 461/535/423 709/364/318 446/536/153
f 709/364/318 450/537/424 446/536/153
f 403/538/154 446/539/153 222/540/425
f 409/541/159 222/540/425 446/539/153
f 549/542/27 156/543/118 521/544/25
f 578/545/426 131/270/242 647/274/228
f 645/546/219 644/251/226 504/547/217
f 504/548/217 644/549/226 647/550/228
f 647/274/228 591/273/245 504/551/217
f 127/552/427 667/331/290 611/330/289
f 96/553/428 226/554/429 651/30/30
f 651/555/30 688/334/293 530/480/28
f 530/556/28 230/557/94 338/558/430
f 73/559/431 96/553/428 651/30/30
f 527/29/29 73/559/431 651/30/30
f 338/560/430 527/561/29 530/562/28
f 407/563/432 183/564/433 82/565/434
f 232/419/360 697/566/435 272/567/436
f 612/568/437 40/569/438 600/570/439
f 612/568/437 600/570/439 597/571/39
f 597/571/39 600/570/439 599/572/440
f 40/569/438 599/572/440 600/570/439
f 599/573/440 255/37/37 597/39/39
f 255/37/37 329/244/220 526/38/38
f 462/574/202 465/575/272 464/576/200
f 683/577/176 514/578/175 267/579/441
f 514/578/175 61/580/442 267/579/441
f 472/88/87 99/581/313 267/579/441
f 99/581/313 683/577/176 267/579/441
f 220/89/88 472/88/87 202/582/443
f 202/582/443 472/88/87 267/579/441
f 692/583/444 693/584/445 540/585/5
f 540/586/5 169/587/391 692/588/444
f 194/589/66 346/590/446 330/591/67
f 346/590/446 724/592/172 330/591/67
f 508/593/447 89/387/336 623/101/100
f 1/594/448 24/595/449 10/596/450
f 523/597/451 302/598/452 149/599/453
f 302/598/452 301/600/454 294/601/455
f 294/601/455 149/599/453 302/598/452
f 295/602/456 294/601/455 296/603/457
f 295/602/456 296/603/457 305/604/458
f 108/605/459 297/606/460 305/604/458
f 296/603/457 108/605/459 305/604/458
f 579/349/307 487/99/98 396/296/262
f 579/349/307 396/296/262 524/607/461
f 523/597/451 579/349/307 524/607/461
f 487/99/98 262/608/187 178/609/462
f 479/610/463 486/611/7 170/612/464
f 479/610/463 170/612/464 484/613/465
f 262/608/187 479/610/463 484/613/465
f 486/611/7 452/163/152 403/165/154
f 295/602/456 305/604/458 149/599/453
f 149/599/453 579/349/307 523/597/451
f 331/614/466 170/612/464 486/611/7
f 403/165/154 331/614/466 486/611/7
f 60/615/467 524/607/461 396/296/262
f 396/296/262 487/99/98 178/609/462
f 413/616/468 214/617/469 71/618/470
f 484/613/465 71/618/470 214/617/469
f 262/608/187 484/613/465 214/617/469
f 165/619/304 91/389/338 445/388/337
f 453/620/305 165/619/304 445/388/337
f 704/291/257 543/161/150 544/420/361
f 544/420/361 232/419/360 272/567/436
f 491/621/383 367/622/471 500/51/50
f 367/622/471 704/291/257 500/51/50
f 494/623/285 439/50/3 93/49/49
f 439/50/3 491/621/383 500/51/50
f 704/291/257 544/420/361 574/624/472
f 574/624/472 544/420/361 272/567/436
f 499/625/473 494/623/285 434/626/474
f 434/626/474 494/623/285 93/49/49
f 434/626/474 626/368/322 499/625/473
f 574/624/472 500/51/50 704/291/257
f 572/627/475 574/628/472 272/629/436
f 273/630/476 203/631/477 696/632/478
f 273/633/476 572/634/475 635/635/479
f 635/636/479 572/637/475 272/638/436
f 272/567/436 334/639/480 635/640/479
f 402/641/481 473/642/482 483/643/483
f 483/644/483 413/645/468 402/646/481
f 412/647/126 402/648/481 411/649/484
f 170/650/464 331/651/466 411/652/484
f 331/651/466 409/653/159 411/652/484
f 71/654/470 170/650/464 411/652/484
f 413/616/468 71/618/470 411/655/484
f 413/616/468 411/655/484 402/641/481
f 411/649/484 404/656/123 412/647/126
f 404/657/123 350/658/125 412/659/126
f 415/660/485 410/661/124 404/170/123
f 9/662/6 540/585/5 693/584/445
f 8/212/196 25/663/388 656/664/486
f 25/470/388 9/6/6 658/665/487
f 656/666/486 25/667/388 658/668/487
f 692/583/444 258/669/488 693/584/445
f 103/670/489 657/210/194 656/664/486
f 9/662/6 693/584/445 258/669/488
f 9/662/6 258/669/488 659/671/490
f 658/665/487 9/6/6 659/672/490
f 242/673/491 585/674/492 106/675/493
f 584/676/137 106/675/493 585/674/492
f 488/677/235 441/124/121 480/123/120
f 277/678/494 284/679/223 283/680/495
f 285/681/496 291/682/497 284/248/223
f 291/682/497 283/683/495 284/248/223
f 48/684/498 46/685/499 45/686/500
f 45/686/500 37/687/501 48/684/498
f 715/688/211 98/689/173 311/690/502
f 310/691/503 204/213/197 185/215/199
f 380/692/504 628/369/323 434/626/474
f 730/693/353 179/694/354 632/695/186
f 682/696/505 680/697/349 685/698/312
f 678/699/356 682/696/505 685/698/312
f 389/700/506 382/701/507 62/702/119
f 172/703/508 389/700/506 62/702/119
f 382/704/507 633/705/509 62/706/119
f 62/121/119 194/707/66 120/122/68
f 426/492/402 427/18/18 175/17/17
f 175/427/17 430/429/366 426/708/402
f 490/709/384 270/710/393 493/711/510
f 281/712/511 699/713/79 698/714/512
f 699/80/79 275/79/78 698/715/512
f 21/72/71 22/716/4 23/70/69
f 27/717/513 54/418/359 537/718/514
f 27/717/513 537/718/514 35/719/515
f 229/720/516 313/721/363 326/416/357
f 537/718/514 36/722/517 35/719/515
f 35/719/515 229/720/516 27/717/513
f 27/723/513 229/724/516 326/725/357
f 313/721/363 126/726/362 598/727/518
f 313/721/363 598/727/518 595/417/358
f 326/416/357 313/721/363 595/417/358
f 595/417/358 598/727/518 242/728/491
f 106/729/493 595/730/358 242/731/491
f 598/732/518 126/422/362 260/421/180
f 276/733/519 608/734/80 699/735/79
f 281/736/511 416/737/520 279/738/521
f 279/739/521 276/733/519 699/735/79
f 279/739/521 699/735/79 281/740/511
f 346/741/446 668/742/522 77/743/523
f 278/324/284 184/323/283 282/744/524
f 290/745/525 289/746/224 282/744/524
f 290/745/525 282/744/524 184/323/283
f 274/747/526 278/324/284 277/748/494
f 282/744/524 277/748/494 278/324/284
f 301/749/454 309/140/135 664/750/527
f 367/622/471 491/621/383 362/751/382
f 40/569/438 612/568/437 41/752/528
f 28/753/529 599/572/440 40/569/438
f 41/752/528 29/754/530 42/755/531
f 41/752/528 42/755/531 40/569/438
f 612/756/437 38/757/532 29/758/530
f 29/754/530 41/752/528 612/568/437
f 37/687/501 29/754/530 38/759/532
f 82/565/434 328/760/533 407/563/432
f 119/761/145 94/41/41 66/40/40
f 452/762/152 486/7/7 485/9/9
f 381/763/534 343/764/535 442/136/131
f 195/234/213 552/75/74 547/74/73
f 557/765/536 558/118/117 133/329/288
f 552/75/74 557/766/536 133/767/288
f 133/767/288 510/73/72 552/75/74
f 184/768/283 275/769/78 290/770/525
f 244/91/90 605/301/537 474/92/91
f 92/392/110 209/771/421 259/772/420
f 727/773/538 323/774/539 722/775/540
f 722/775/540 703/255/230 727/773/538
f 722/775/540 323/774/539 466/776/541
f 143/777/542 67/778/203 526/779/38
f 67/780/203 597/39/39 526/38/38
f 205/96/95 147/781/233 100/94/93
f 49/35/35 51/782/411 33/36/36
f 636/97/96 481/783/543 393/261/234
f 393/261/234 471/98/97 636/97/96
f 142/337/296 636/97/96 487/99/98
f 471/784/97 262/785/187 487/786/98
f 487/99/98 79/351/309 142/337/296
f 79/351/309 617/310/273 142/337/296
f 617/310/273 68/338/297 142/337/296
f 77/787/523 668/788/522 86/789/544
f 668/788/522 192/790/545 86/789/544
f 724/791/172 77/787/523 86/789/544
f 535/792/546 724/791/172 86/789/544
f 535/792/546 66/40/40 176/42/42
f 719/793/122 155/794/8 489/795/547
f 489/795/547 480/260/120 719/793/122
f 88/104/103 337/796/77 95/105/104
f 172/703/508 87/106/105 673/108/107
f 172/703/508 673/108/107 389/700/506
f 442/797/131 673/108/107 317/107/106
f 69/798/89 109/799/151 198/800/146
f 198/800/146 119/801/145 433/802/548
f 189/803/549 69/798/89 198/800/146
f 433/802/548 189/803/549 198/800/146
f 156/119/118 558/118/117 557/765/536
f 133/329/288 558/118/117 549/27/27
f 689/804/65 254/120/64 120/122/68
f 492/805/101 90/53/52 63/52/51
f 506/806/99 492/805/101 507/807/550
f 63/52/51 507/807/550 492/805/101
f 231/808/551 528/809/552 226/810/429
f 529/811/553 587/812/554 528/813/552
f 528/814/552 592/815/555 688/334/293
f 688/334/293 651/555/30 528/814/552
f 651/816/30 226/810/429 528/809/552
f 616/817/556 708/168/157 461/535/423
f 616/817/556 461/535/423 158/477/394
f 614/818/557 616/817/556 158/477/394
f 270/710/393 496/819/558 493/711/510
f 80/820/559 460/821/560 677/822/561
f 130/823/562 675/824/563 80/820/559
f 717/825/564 218/826/565 80/820/559
f 218/826/565 58/827/566 80/820/559
f 224/828/567 717/825/564 677/822/561
f 652/829/278 224/828/567 677/822/561
f 653/830/279 652/829/278 398/227/195
f 717/825/564 80/820/559 677/822/561
f 398/227/195 652/829/278 677/822/561
f 19/228/210 398/227/195 677/822/561
f 275/79/78 608/81/80 289/249/224
f 587/831/554 125/832/311 711/833/568
f 588/834/569 587/831/554 589/272/244
f 587/831/554 711/833/568 589/272/244
f 125/832/311 200/313/251 711/833/568
f 180/835/253 580/836/249 200/837/251
f 592/838/555 587/831/554 588/834/569
f 588/834/569 590/839/570 592/838/555
f 590/839/570 397/840/294 592/838/555
f 589/272/244 590/839/570 588/834/569
f 59/841/571 117/842/572 203/631/477
f 273/633/476 696/843/478 572/634/475
f 704/291/257 705/159/148 543/161/150
f 201/139/134 105/844/573 309/140/135
f 664/750/527 309/140/135 105/844/573
f 640/845/574 638/846/575 321/138/133
f 208/847/11 455/848/10 456/849/395
f 485/9/9 158/477/394 452/762/152
f 158/477/394 461/535/423 452/762/152
f 194/707/66 62/121/119 633/850/509
f 253/851/576 575/430/367 633/852/509
f 575/430/367 194/853/66 633/852/509
f 493/711/510 251/854/577 490/709/384
f 192/855/545 81/856/578 86/857/544
f 342/858/243 646/467/387 660/466/386
f 435/859/347 391/860/237 679/861/348
f 377/500/407 421/491/401 378/502/408
f 421/491/401 356/486/400 379/145/139
f 356/486/400 248/146/140 379/145/139
f 421/491/401 379/145/139 378/502/408
f 361/247/222 359/862/579 357/144/138
f 248/146/140 352/482/398 357/144/138
f 247/863/330 324/864/580 154/865/581
f 86/789/544 81/866/578 535/792/546
f 81/866/578 629/867/582 66/40/40
f 119/868/145 66/869/40 433/870/548
f 189/871/549 433/870/548 629/872/582
f 66/40/40 535/792/546 81/866/578
f 433/870/548 66/869/40 629/872/582
f 629/872/582 115/269/241 189/871/549
f 115/269/241 69/873/89 189/871/549
f 560/874/314 400/875/109 562/876/108
f 423/877/583 531/878/584 236/879/585
f 106/880/493 584/142/137 596/141/136
f 461/535/423 446/536/153 452/762/152
f 166/881/33 70/882/143 714/883/31
f 730/411/353 632/200/186 714/31/31
f 261/154/144 648/884/418 714/155/31
f 274/885/526 277/886/494 287/887/586
f 277/888/494 288/889/587 287/890/586
f 212/158/147 94/891/41 119/156/145
f 118/397/341 490/709/384 251/854/577
f 309/140/135 640/845/574 321/138/133
f 298/892/588 664/750/527 116/893/589
f 312/894/590 520/305/269 84/304/268
f 294/895/455 301/749/454 664/750/527
f 114/896/591 294/895/455 298/892/588
f 294/895/455 664/750/527 298/892/588
f 298/892/588 84/897/268 114/896/591
f 84/897/268 74/898/592 114/896/591
f 639/899/593 701/900/594 664/750/527
f 664/750/527 701/900/594 116/893/589
f 553/901/595 509/327/287 549/27/27
f 220/89/88 202/582/443 109/162/151
f 250/902/596 733/903/597 668/904/522
f 733/903/597 712/905/598 668/904/522
f 712/905/598 538/906/599 609/907/600
f 609/907/600 668/904/522 712/905/598
f 233/297/263 546/908/601 387/226/209
f 93/49/49 380/692/504 434/626/474
f 553/901/595 549/27/27 550/909/602
f 553/910/595 510/911/72 509/912/287
f 554/913/26 555/914/198 550/915/602
f 168/294/260 396/296/262 473/642/482
f 396/296/262 178/609/462 473/642/482
f 408/916/603 168/294/260 197/917/127
f 350/130/125 408/918/603 197/131/127
f 412/129/126 197/131/127 402/919/481
f 168/294/260 473/642/482 197/917/127
f 578/545/426 647/274/228 646/920/387
f 3/921/604 21/922/71 4/923/70
f 553/924/595 550/915/602 555/914/198
f 700/925/271 444/926/270 648/927/418
f 444/926/270 730/928/353 648/927/418
f 714/929/31 648/927/418 730/928/353
f 655/319/280 717/930/564 652/317/278
f 483/644/483 262/931/187 214/932/469
f 219/933/155 91/934/338 451/935/605
f 451/935/605 91/934/338 447/348/306
f 707/167/156 219/166/155 709/364/318
f 451/936/605 709/364/318 219/166/155
f 608/81/80 676/937/606 460/938/560
f 409/939/159 446/940/153 457/941/607
f 401/942/608 243/943/609 409/939/159
f 243/943/609 256/944/610 409/939/159
f 256/944/610 414/945/611 409/939/159
f 235/946/612 401/942/608 409/939/159
f 414/945/611 458/947/158 409/939/159
f 458/169/158 415/660/485 404/170/123
f 403/948/154 222/949/425 331/651/466
f 409/653/159 331/651/466 222/949/425
f 411/950/484 409/951/159 404/952/123
f 545/953/613 307/954/614 713/955/615
f 269/956/275 555/214/198 307/957/614
f 555/214/198 713/958/615 307/957/614
f 380/959/504 93/960/49 498/961/616
f 628/369/323 380/692/504 498/962/616
f 93/960/49 500/963/50 498/961/616
f 625/964/162 620/965/321 628/966/323
f 628/966/323 498/967/616 574/968/472
f 498/961/616 500/963/50 574/969/472
f 625/964/162 628/966/323 574/968/472
f 341/970/161 624/971/617 620/972/321
f 203/631/477 117/842/572 696/632/478
f 117/842/572 160/973/214 574/968/472
f 160/973/214 625/964/162 574/968/472
f 59/841/571 160/973/214 117/842/572
f 574/968/472 696/632/478 117/842/572
f 536/175/163 146/974/618 641/176/164
f 15/975/619 416/737/520 281/736/511
f 1/976/448 14/977/620 2/978/621
f 15/975/619 281/736/511 128/137/132
f 281/736/511 280/240/216 286/150/142
f 1/976/448 2/978/621 24/979/449
f 2/980/621 15/981/619 24/982/449
f 128/137/132 281/736/511 477/983/622
f 496/984/558 10/985/450 24/979/449
f 24/979/449 15/975/619 343/764/535
f 496/984/558 24/979/449 251/986/577
f 15/975/619 128/137/132 343/764/535
f 251/986/577 24/979/449 343/764/535
f 113/239/215 274/987/526 287/988/586
f 113/239/215 287/988/586 288/989/587
f 288/989/587 616/990/556 614/991/557
f 113/239/215 288/989/587 137/151/102
f 614/991/557 615/992/623 694/993/624
f 615/992/623 112/994/625 694/993/624
f 288/989/587 614/991/557 137/151/102
f 137/151/102 614/991/557 694/993/624
f 113/239/215 137/151/102 286/150/142
f 467/995/626 323/996/539 695/997/627
f 694/993/624 112/994/625 467/995/626
f 463/998/628 728/311/274 726/199/185
f 493/999/510 496/984/558 251/986/577
f 251/986/577 343/764/535 118/1000/341
f 343/764/535 381/763/534 118/1000/341
f 442/136/131 343/764/535 128/137/132
f 211/1001/629 207/198/184 610/197/183
f 610/197/183 726/199/185 385/312/229
f 323/996/539 463/998/628 207/198/184
f 477/983/622 281/736/511 286/150/142
f 610/197/183 607/1002/630 725/1003/631
f 610/197/183 725/1003/631 211/1001/629
f 610/197/183 225/1004/333 607/1002/630
f 237/1005/632 389/1006/506 673/135/107
f 128/137/132 477/983/622 674/341/300
f 673/135/107 128/137/132 237/1005/632
f 610/197/183 385/312/229 332/1007/231
f 610/197/183 332/1007/231 225/1004/333
f 703/1008/230 722/1009/540 462/218/202
f 466/1010/541 161/1011/633 469/1012/634
f 161/1011/633 634/1013/635 488/262/235
f 634/1013/635 441/1014/121 488/262/235
f 488/262/235 469/1012/634 161/1011/633
f 722/1009/540 465/309/272 462/218/202
f 722/1009/540 466/1010/541 468/339/298
f 466/1010/541 469/1012/634 468/339/298
f 469/1012/634 142/337/296 468/339/298
f 722/1009/540 468/339/298 465/309/272
f 237/1005/632 177/431/368 382/1015/507
f 382/1015/507 389/1006/506 237/1005/632
f 570/342/301 477/983/622 567/1016/636
f 568/1017/637 570/342/301 567/1016/636
f 75/1018/638 568/1017/637 348/1019/639
f 571/1020/75 337/1021/77 569/1022/640
f 337/1021/77 348/1019/639 569/1022/640
f 348/1019/639 568/1017/637 569/1022/640
f 674/341/300 177/431/368 237/1005/632
f 703/1008/230 462/218/202 391/264/237
f 391/264/237 435/1023/347 682/1024/505
f 435/1023/347 680/1025/349 682/1024/505
f 703/1008/230 391/264/237 682/1024/505
f 679/1026/348 619/263/236 150/1027/641
f 150/1027/641 545/953/613 548/1028/55
f 679/1026/348 150/1027/641 681/181/169
f 545/953/613 713/955/615 548/1028/55
f 548/1028/55 188/182/54 150/1027/641
f 188/182/54 681/181/169 150/1027/641
f 674/341/300 237/1005/632 128/137/132
f 681/181/169 685/355/312 680/1025/349
f 567/1016/636 569/1022/640 568/1017/637
f 135/1029/76 476/1030/642 95/152/104
f 476/1030/642 567/1016/636 286/150/142
f 682/1024/505 678/415/356 718/414/355
f 718/414/355 474/92/91 603/300/264
f 603/300/264 474/92/91 605/301/537
f 703/1008/230 682/1024/505 225/1004/333
f 567/1016/636 477/983/622 286/150/142
f 337/1021/77 135/1029/76 95/152/104
f 286/150/142 95/152/104 476/1030/642
f 682/1024/505 718/414/355 225/1004/333
f 225/1004/333 718/414/355 602/1031/643
f 671/183/170 650/1032/23 565/1033/422
f 565/1033/422 605/301/266 244/91/90
f 244/91/90 684/93/92 671/183/170
f 225/1004/333 602/1031/643 607/1002/630
f 88/1034/103 137/151/102 694/993/624
f 336/1035/191 99/1036/313 472/268/87
f 164/180/168 720/1037/192 336/1035/191
f 694/993/624 467/995/626 695/997/627
f 695/997/627 152/1038/644 694/993/624
f 152/1038/644 217/1039/112 694/993/624
f 164/180/168 336/1035/191 390/178/166
f 336/1035/191 472/268/87 390/178/166
f 390/178/166 115/269/241 629/872/582
f 323/996/539 207/198/184 695/997/627
f 390/178/166 629/872/582 630/439/373
f 211/1001/629 695/997/627 207/198/184
f 629/872/582 81/1040/578 631/438/372
f 164/180/168 725/1003/631 607/1002/630
f 643/179/167 121/1041/645 164/180/168
f 629/872/582 631/438/372 630/439/373
f 390/178/166 631/438/372 643/179/167
f 617/310/273 465/309/272 68/338/297
f 465/1042/272 468/1043/298 68/1044/297
f 684/93/92 681/181/169 671/183/170
f 188/182/54 729/1045/646 671/183/170
f 76/1046/647 217/113/112 152/1047/644
f 416/737/520 276/1048/519 279/738/521
f 581/1049/648 585/1050/492 124/1051/649
f 215/353/252 200/1052/251 125/354/311
f 210/432/369 52/434/371 429/1053/204
f 52/434/371 344/433/370 26/1054/179
f 186/1055/650 210/432/369 429/1053/204
f 344/433/370 145/116/115 26/1054/179
f 423/1056/583 186/1055/650 429/1053/204
f 26/1054/179 33/1057/36 52/434/371
f 145/116/115 56/115/114 26/1054/179
f 427/514/18 104/513/410 419/1058/651
f 419/1058/651 320/1059/409 427/514/18
f 242/1060/491 384/1061/182 585/1062/492
f 384/1063/182 124/1064/649 585/1065/492
f 388/1066/652 141/1067/653 520/1068/269
f 670/61/60 669/63/62 520/1068/269
f 141/1067/653 670/61/60 520/1068/269
f 388/1066/652 520/1068/269 731/1069/654
f 460/938/560 456/478/395 455/10/10
f 460/938/560 455/10/10 608/81/80
f 455/10/10 449/479/396 454/1070/655
f 455/10/10 454/1070/655 608/81/80
f 449/479/396 97/1071/656 454/1070/655
f 97/1071/656 453/347/305 454/1070/655
f 97/1071/656 163/1072/657 453/347/305
f 163/1072/657 448/1073/658 447/348/306
f 447/348/306 453/347/305 163/1072/657
f 454/1070/655 134/1074/659 285/681/496
f 445/1075/337 134/1074/659 454/1070/655
f 453/347/305 445/1075/337 454/1070/655
f 285/681/496 292/250/225 454/1070/655
f 454/1070/655 292/250/225 289/249/224
f 289/249/224 284/248/223 282/1076/524
f 291/682/497 219/933/155 708/1077/157
f 277/1078/494 616/990/556 288/989/587
f 283/683/495 291/682/497 277/1078/494
f 277/1078/494 291/682/497 616/990/556
f 708/1077/157 616/990/556 291/682/497
f 277/1078/494 282/1076/524 284/248/223
f 416/737/520 15/975/619 276/1048/519
f 276/1048/519 417/1079/660 206/1080/661
f 15/975/619 418/1081/662 276/1048/519
f 276/1048/519 206/1080/661 608/81/80
f 676/1082/606 608/1083/80 206/1084/661
f 608/81/80 454/1070/655 289/249/224
f 482/1085/188 479/610/463 262/608/187
f 178/609/462 483/643/483 473/642/482
f 721/209/193 512/1086/174 336/207/191
f 657/1087/194 103/1088/489 654/1089/663
f 654/1089/663 398/1090/195 657/1087/194
f 8/212/196 656/664/486 657/210/194
f 491/459/383 439/1091/3 490/460/384
f 439/1091/3 438/371/2 270/476/393
f 270/476/393 490/460/384 439/1091/3
f 709/364/318 461/535/423 707/167/156
f 609/1092/600 140/1093/664 668/1094/522
f 668/1095/522 346/1096/446 250/1097/596
f 346/741/446 77/743/523 724/1098/172
f 140/1099/664 609/907/600 266/401/345
f 609/907/600 538/906/599 266/401/345
f 266/401/345 107/400/344 643/179/167
f 140/1099/664 266/401/345 643/179/167
f 36/1100/517 537/1101/514 42/1102/531
f 537/1101/514 28/1103/529 42/1102/531
f 28/753/529 40/569/438 42/755/531
f 42/755/531 29/754/530 37/687/501
f 36/1104/517 42/755/531 37/687/501
f 36/1104/517 37/687/501 45/686/500
f 35/1105/515 36/1104/517 735/1106/665
f 503/1107/666 36/1108/517 45/1109/500
f 38/759/532 612/568/437 39/1110/667
f 612/1111/437 597/1112/39 67/219/203
f 612/1111/437 67/219/203 30/221/205
f 37/687/501 38/759/532 55/512/412
f 429/1053/204 52/434/371 33/1057/36
f 26/193/179 53/192/178 34/34/34
f 26/193/179 34/34/34 33/36/36
f 176/42/42 94/41/41 503/1113/666
f 94/1114/41 212/1115/147 740/1116/668
f 535/792/546 176/42/42 311/1117/502
f 176/42/42 503/1113/666 311/1117/502
f 109/1118/151 737/1119/669 198/1120/146
f 198/1120/146 739/1121/670 212/1115/147
f 212/1115/147 739/1121/670 738/1122/671
f 109/1118/151 229/1123/516 736/1124/672
f 98/1125/173 724/791/172 535/792/546
f 311/1117/502 98/1125/173 535/792/546
f 44/1126/673 311/1117/502 503/1113/666
f 43/290/256 44/1126/673 503/1113/666
f 48/684/498 37/687/501 55/512/412
f 47/1127/674 48/684/498 55/512/412
f 32/1128/675 47/1129/674 55/1130/412
f 55/1130/412 31/1131/406 32/1128/675
f 39/1110/667 51/506/411 55/512/412
f 39/1110/667 55/512/412 38/759/532
f 48/684/498 47/1127/674 46/685/499
f 43/290/256 503/1113/666 46/685/499
f 46/685/499 503/1113/666 45/686/500
f 30/221/205 39/1132/667 612/1111/437
f 429/220/204 33/36/36 50/1133/676
f 429/220/204 50/1133/676 30/221/205
f 316/1134/316 541/60/59 204/213/197
f 204/213/197 310/691/503 316/1134/316
f 623/101/100 506/100/99 508/593/447
f 506/806/99 507/807/550 508/1135/447
f 175/427/17 366/493/16 349/428/365
f 141/1136/653 388/1137/652 475/1138/677
f 57/62/61 670/61/60 196/1139/206
f 670/1140/60 141/1136/653 196/222/206
f 475/1138/677 196/222/206 141/1136/653
f 195/234/213 547/74/73 167/1141/678
f 167/1141/678 547/74/73 196/222/206
f 322/1142/332 528/1143/552 231/1144/551
f 61/1145/442 174/1146/218 267/1147/441
f 174/1146/218 313/1148/363 267/1147/441
f 109/1118/151 267/1147/441 229/1123/516
f 313/1148/363 229/1123/516 267/1147/441
f 372/1149/377 370/1150/380 223/1151/385
f 223/1151/385 246/1152/342 381/763/534
f 246/1152/342 118/1000/341 381/763/534
f 372/1149/377 223/1151/385 339/424/364
f 381/763/534 442/136/131 317/425/106
f 381/763/534 317/425/106 339/424/364
f 223/1151/385 381/763/534 339/424/364
f 215/286/252 586/1153/310 542/1154/679
f 542/1154/679 180/287/253 215/286/252
f 177/1155/368 575/1156/367 253/1157/576
f 205/1158/95 230/1159/94 559/1160/680
f 230/1159/94 530/1161/28 559/1160/680
f 655/1162/280 432/1163/681 717/825/564
f 650/1164/23 671/1165/170 729/1166/646
f 729/1167/646 228/1168/682 238/1169/24
f 228/1170/682 227/233/212 238/235/24
f 650/1171/23 729/1172/646 238/1173/24
f 624/1174/617 341/1175/161 340/1176/683
f 428/1177/21 111/1178/414 422/1179/413
f 504/1180/217 594/1181/250 174/1182/218
f 105/844/573 639/899/593 664/750/527
f 636/97/96 469/1012/634 481/783/543
f 469/1183/634 488/1184/235 481/1185/543
f 142/337/296 469/1012/634 636/97/96
f 358/1186/221 148/1187/684 359/1188/579
f 148/1187/684 369/1189/376 365/1190/685
f 369/1189/376 371/1191/375 368/1192/686
f 365/1190/685 369/1189/376 368/1192/686
f 371/1191/375 437/1193/282 375/1194/687
f 613/1195/281 689/1196/65 123/1197/255
f 690/1198/315 330/1199/67 123/1197/255
f 330/1199/67 724/1200/172 716/230/171
f 330/1199/67 716/230/171 123/1197/255
f 689/1196/65 690/1198/315 123/1197/255
f 437/1193/282 613/1195/281 375/1194/687
f 353/1201/688 265/1202/689 358/1203/221
f 358/246/221 359/862/579 361/247/222
f 368/1192/686 371/1191/375 375/1194/687
f 353/1204/688 358/246/221 364/85/84
f 148/1187/684 365/1190/685 359/1188/579
f 375/1194/687 376/1205/254 368/1192/686
f 123/1197/255 375/1194/687 613/1195/281
f 364/1206/84 351/1207/86 327/1208/141
f 364/85/84 327/1209/141 353/1204/688
f 386/1210/690 83/1211/291 470/1212/691
f 386/1210/690 470/1212/691 546/1213/601
f 546/908/601 470/1214/691 387/226/209
f 516/1215/692 517/1216/693 233/297/263
f 517/1216/693 546/908/601 233/297/263
f 151/265/238 516/1215/692 233/297/263
f 427/18/18 573/267/240 702/266/239
f 355/483/399 427/18/18 702/266/239
f 470/1214/691 252/86/85 347/224/207
f 387/226/209 470/1214/691 347/224/207
f 394/225/208 355/483/399 702/266/239
f 233/297/263 394/225/208 151/265/238
f 355/483/399 347/224/207 352/482/398
f 352/482/398 347/224/207 252/86/85
f 357/144/138 352/482/398 361/247/222
f 352/482/398 252/86/85 364/85/84
f 361/247/222 352/482/398 364/85/84
f 509/327/287 133/329/288 549/27/27
f 354/446/378 360/292/258 362/751/382
f 367/622/471 362/751/382 360/292/258
f 360/292/258 704/291/257 367/622/471
f 369/444/376 363/1217/694 354/446/378
f 582/1218/81 345/143/83 584/142/137
f 293/378/329 60/1219/467 187/1220/695
f 60/1219/467 395/1221/696 187/1220/695
f 187/1220/695 299/376/327 293/378/329
f 299/376/327 187/1220/695 395/1221/696
f 663/1222/227 660/1223/386 647/1224/228
f 522/1225/328 524/607/461 525/1226/697
f 728/1227/274 463/1228/628 727/773/538
f 463/1228/628 323/774/539 727/773/538
f 727/773/538 703/255/230 728/1227/274
f 703/255/230 385/254/229 728/1227/274
f 556/1229/698 554/1230/26 521/1231/25
f 556/1229/698 521/1231/25 156/1232/118
f 554/1230/26 713/955/615 555/1233/198
f 638/846/575 641/176/164 321/138/133
f 559/1234/680 530/480/28 687/302/267
f 687/302/267 129/372/324 205/1235/95
f 129/372/324 216/1236/416 205/1235/95
f 216/1236/416 649/257/232 147/259/233
f 205/1237/95 559/1238/680 687/1239/267
f 147/259/233 205/1235/95 216/1236/416
f 261/528/144 539/1240/177 649/526/232
f 235/946/612 409/939/159 333/1241/699
f 409/939/159 457/941/607 333/1241/699
f 462/218/202 618/217/201 619/263/236
f 619/263/236 679/1026/348 391/264/237
f 595/1242/358 106/1243/493 249/1244/700
f 596/1245/136 249/1244/700 106/1243/493
f 54/1246/359 595/1242/358 599/1247/440
f 249/1244/700 599/1247/440 595/1242/358
f 599/1247/440 28/1103/529 54/1246/359
f 537/1101/514 54/1246/359 28/1103/529
f 528/1248/552 322/1249/332 529/1250/553
f 69/873/89 115/269/241 472/268/87
f 281/736/511 698/715/512 280/240/216
f 656/1251/486 658/1252/487 103/1253/489
f 571/1020/75 567/1016/636 476/1030/642
f 571/1020/75 569/1022/640 567/1016/636
f 295/602/456 149/599/453 294/601/455
f 383/1254/701 443/1255/346 538/1256/599
f 260/421/180 313/423/363 174/1182/218
f 174/1182/218 594/1181/250 260/421/180
f 6/1257/702 16/1258/703 4/923/70
f 242/728/491 598/727/518 384/1259/182
f 598/732/518 260/421/180 384/1260/182
f 50/1133/676 33/36/36 51/782/411
f 51/782/411 39/1132/667 50/1133/676
f 39/1132/667 30/221/205 50/1133/676
f 62/1261/119 254/1262/64 172/1263/508
f 254/1262/64 319/1264/381 172/1263/508
f 319/1264/381 511/1265/374 87/1266/105
f 87/1266/105 172/1263/508 319/1264/381
f 159/1267/704 297/1268/460 108/1269/459
f 110/1270/705 325/1271/706 342/271/243
f 325/1271/706 590/839/570 342/271/243
f 590/839/570 589/272/244 342/271/243
f 342/271/243 660/1272/386 110/1270/705
f 589/272/244 711/833/568 131/270/242
f 481/783/543 488/262/235 393/261/234
f 91/934/338 165/346/304 447/348/306
f 694/1273/624 217/113/112 101/112/111
f 164/180/168 121/1041/645 725/1003/631
f 121/1041/645 76/1274/647 725/1003/631
f 76/1274/647 211/1001/629 725/1003/631
f 489/795/547 482/1085/188 480/260/120
f 592/838/555 528/1275/552 587/831/554
f 181/280/181 260/421/180 594/1181/250
f 32/1128/675 31/1131/406 376/1276/254
f 31/498/406 373/497/405 376/1277/254
f 47/1278/674 32/1279/675 46/1280/499
f 32/1128/675 376/1276/254 43/1281/256
f 46/1282/499 32/1128/675 43/1281/256
f 373/497/405 378/502/408 368/1283/686
f 376/1277/254 373/497/405 368/1283/686
f 378/502/408 379/145/139 368/1283/686
f 357/144/138 359/862/579 365/1284/685
f 379/145/139 357/144/138 365/1284/685
f 311/690/502 44/1285/673 123/1286/255
f 44/1126/673 43/290/256 123/289/255
f 365/1284/685 368/1283/686 379/145/139
f 715/688/211 311/690/502 123/1286/255
f 123/1197/255 716/230/171 715/232/211
f 375/1194/687 123/1197/255 376/1205/254
f 369/444/376 148/1287/684 363/1217/694
f 148/1287/684 358/1288/221 363/1217/694
f 360/292/258 354/446/378 363/1217/694
f 358/1288/221 265/1289/689 360/292/258
f 363/1217/694 358/1288/221 360/292/258
f 265/1289/689 519/1290/707 360/292/258
f 519/1291/707 85/1292/708 360/1293/258
f 85/1292/708 239/1294/259 360/1293/258
f 704/291/257 239/293/259 705/159/148
f 202/1295/443 267/1147/441 109/1118/151
f 60/615/467 396/296/262 518/295/261
f 355/483/399 394/225/208 347/224/207
f 315/1296/709 505/1297/710 84/304/268
f 312/894/590 102/1298/711 520/305/269
f 701/900/594 505/1299/710 315/1300/709
f 701/900/594 315/1300/709 116/893/589
f 84/304/268 505/1297/710 312/894/590
f 84/897/268 116/893/589 315/1300/709
f 541/1301/59 308/303/58 520/305/269
f 731/1069/654 520/1068/269 102/1302/711
f 135/1303/76 571/1304/75 476/1305/642
f 575/430/367 733/903/597 250/902/596
f 346/1306/446 194/853/66 575/430/367
f 346/1306/446 575/430/367 250/902/596
f 238/235/24 195/234/213 700/1307/271
f 606/1308/712 605/301/266 139/1309/713
f 139/1309/713 605/301/266 662/1310/714
f 400/1311/109 397/840/294 325/1271/706
f 325/1271/706 397/840/294 590/839/570
f 436/350/308 304/1312/715 619/263/236
f 618/217/201 436/350/308 619/263/236
f 304/1313/715 269/956/275 307/957/614
f 545/953/613 150/1027/641 304/1312/715
f 304/1312/715 307/954/614 545/953/613
f 617/310/273 436/350/308 618/217/201
f 464/216/200 465/309/272 618/217/201
f 150/1027/641 619/263/236 304/1312/715
f 467/1314/626 634/1315/635 161/1316/633
f 92/1317/110 259/531/420 314/523/397
f 489/795/547 155/794/8 486/611/7
f 479/610/463 489/795/547 486/611/7
f 289/249/224 290/1318/525 275/79/78
f 406/1319/716 328/1320/533 576/48/48
f 510/1321/72 553/1322/595 268/1323/717
f 268/1323/717 57/62/61 547/1324/73
f 268/1323/717 547/1324/73 510/1321/72
f 179/1325/354 710/1326/718 632/1327/186
f 633/1328/509 382/1329/507 253/1330/576
f 382/1329/507 177/1331/368 253/1330/576
f 262/608/187 483/643/483 178/609/462
f 116/893/589 84/897/268 298/892/588
f 255/1332/37 599/1247/440 249/1244/700
f 596/1245/136 255/1332/37 249/1244/700
f 474/1333/91 678/699/356 684/1334/92
f 457/1335/607 446/1336/153 450/1337/424
f 88/1338/103 694/1273/624 101/112/111
f 337/1021/77 88/1034/103 101/1339/111
f 591/273/245 131/270/242 711/833/568
f 583/275/246 504/551/217 591/273/245
f 583/275/246 591/273/245 173/276/247
f 711/833/568 200/313/251 591/273/245
f 580/278/249 173/276/247 200/313/251
f 161/1316/633 466/776/541 467/1314/626
f 466/776/541 323/774/539 467/1314/626
f 308/1340/58 732/1341/57 84/1342/268
f 84/1342/268 732/1341/57 74/1343/592
f 645/546/219 514/1344/175 644/251/226
f 661/1345/719 663/252/227 601/1346/720
f 663/252/227 644/251/226 514/1344/175
f 663/252/227 514/1344/175 601/1346/720
f 514/1344/175 512/1347/174 604/1348/721
f 604/1348/721 601/1346/720 514/1344/175
f 61/1349/442 514/1344/175 645/546/219
f 614/818/557 158/477/394 155/8/8
f 155/8/8 719/125/122 614/818/557
f 719/125/122 441/124/121 615/1350/623
f 614/818/557 719/125/122 615/1350/623
f 634/1315/635 467/1314/626 112/1351/625
f 112/1351/625 615/1350/623 441/124/121
f 441/124/121 634/1315/635 112/1351/625
f 392/1352/722 85/1353/708 519/1354/707
f 392/1355/722 519/1356/707 667/1357/290
f 519/1356/707 353/1358/688 667/1357/290
f 667/1357/290 127/1359/427 392/1355/722
f 470/1360/691 83/332/291 667/331/290
f 470/1360/691 667/331/290 353/1361/688
f 353/1362/688 327/148/141 470/1363/691
f 314/523/397 241/530/419 138/525/417
f 240/316/277 310/1364/503 269/314/275
f 310/1364/503 185/1365/199 269/314/275
f 110/1366/705 660/1223/386 662/1367/714
f 661/1368/719 139/1369/713 660/1223/386
f 139/1369/713 662/1367/714 660/1223/386
f 660/1223/386 663/1222/227 661/1368/719
f 21/922/71 11/1370/723 12/1371/392
f 689/66/65 613/320/281 691/64/63
f 342/1372/243 131/1373/242 578/1374/426
f 641/176/164 638/846/575 637/177/165
f 638/846/575 640/845/574 637/177/165
f 113/239/215 698/715/512 184/1375/283
f 698/715/512 275/79/78 184/1375/283
f 278/1376/284 274/987/526 113/239/215
f 107/1377/344 443/1378/346 672/1379/724
f 76/1274/647 152/1038/644 211/1001/629
f 152/1038/644 695/997/627 211/1001/629
f 132/114/113 217/113/112 76/1046/647
f 668/904/522 140/1099/664 81/1040/578
f 81/1040/578 140/1099/664 631/438/372
f 81/1040/578 192/1380/545 668/904/522
f 140/1381/664 643/1382/167 631/1383/372
f 484/1384/465 170/650/464 71/654/470
f 605/301/266 565/1033/422 110/1385/705
f 565/1033/422 564/1386/189 566/1387/190
f 110/1385/705 565/1033/422 566/1387/190
f 662/1310/714 605/301/266 110/1385/705
f 566/1387/190 561/1388/339 190/1389/725
f 561/1390/339 513/1391/340 190/1392/725
f 513/395/340 400/394/109 190/1393/725
f 110/1385/705 566/1387/190 190/1389/725
f 325/1394/706 110/1385/705 190/1389/725
f 400/1311/109 325/1271/706 190/1395/725
f 397/1396/294 560/1397/314 563/1398/292
f 718/414/355 603/300/264 606/1308/712
f 603/300/264 605/301/266 606/1308/712
f 718/414/355 606/1308/712 602/1031/643
f 721/1399/193 399/1400/726 512/1401/174
f 399/1400/726 602/1031/643 606/1308/712
f 601/1402/720 604/1403/721 606/1308/712
f 399/1400/726 606/1308/712 512/1401/174
f 139/1309/713 661/1404/719 601/1402/720
f 604/1403/721 512/1401/174 606/1308/712
f 139/1309/713 601/1402/720 606/1308/712
f 247/863/330 322/1405/332 324/864/580
f 515/340/299 177/431/368 674/341/300
f 674/341/300 477/983/622 570/342/301
f 570/342/301 383/1406/701 734/1407/727
f 515/340/299 570/342/301 734/1407/727
f 383/1406/701 264/1408/728 734/1407/727
f 523/597/451 303/343/302 302/598/452
f 162/344/303 536/1409/163 640/1410/574
f 309/345/135 301/600/454 303/343/302
f 301/600/454 302/598/452 303/343/302
f 640/845/574 309/140/135 162/1411/303
f 107/400/344 672/1412/724 348/1019/639
f 672/1412/724 443/402/346 75/1018/638
f 75/1018/638 348/1019/639 672/1412/724
f 348/1019/639 337/1021/77 132/1413/113
f 101/1339/111 132/1413/113 337/1021/77
f 132/1413/113 76/1274/647 642/1414/729
f 76/1274/647 121/1041/645 642/1414/729
f 642/1414/729 643/179/167 107/400/344
f 107/400/344 348/1019/639 642/1414/729
f 132/1413/113 642/1414/729 348/1019/639
f 584/1415/137 247/863/330 154/865/581
f 581/1416/648 542/1417/679 247/863/330
f 584/1415/137 154/865/581 582/1418/81
f 581/1416/648 247/863/330 584/1415/137
f 432/1163/681 655/1162/280 398/227/195
f 398/1419/195 654/1420/663 432/1421/681
f 653/830/279 398/227/195 655/1162/280
f 224/1422/567 652/317/278 717/930/564
f 511/1265/374 339/1423/364 87/1266/105
f 305/604/458 297/606/460 269/314/275
f 149/599/453 305/604/458 304/1312/715
f 297/606/460 306/315/276 269/314/275
f 304/1312/715 305/604/458 269/314/275
f 304/1312/715 436/350/308 149/599/453
f 436/350/308 617/310/273 79/351/309
f 79/351/309 487/99/98 579/349/307
f 579/349/307 149/599/453 436/350/308
f 228/1424/682 729/1045/646 188/182/54
f 188/55/54 551/57/56 228/1425/682
f 551/1426/56 548/1028/55 556/1229/698
f 713/955/615 554/1230/26 556/1229/698
f 228/1424/682 551/1426/56 556/1229/698
f 557/1427/536 228/1424/682 156/1232/118
f 557/1427/536 552/1428/74 228/1424/682
f 548/1028/55 713/955/615 556/1229/698
f 556/1229/698 156/1232/118 228/1424/682
f 587/812/554 529/811/553 586/352/310
f 125/354/311 587/812/554 586/352/310
f 680/1025/349 679/1026/348 681/181/169
f 684/1334/92 678/699/356 685/698/312
f 336/207/191 512/1086/174 683/356/176
f 686/14/14 318/13/13 560/358/314
f 397/335/294 688/334/293 592/815/555
f 400/1429/109 560/1430/314 397/1431/294
f 560/1432/314 318/1433/13 563/1434/292
f 120/69/68 330/68/67 690/359/315
f 698/1435/512 113/1436/215 280/1437/216
f 185/215/199 555/214/198 269/956/275
f 399/1400/726 720/1037/192 607/1002/630
f 720/1037/192 164/180/168 607/1002/630
f 607/1002/630 602/1031/643 399/1400/726
f 709/364/318 451/936/605 78/365/319
f 451/936/605 72/1438/730 78/365/319
f 626/368/322 434/626/474 628/369/323
f 20/1439/43 13/370/45 90/1440/52
f 13/370/45 213/1441/44 21/72/71
f 213/472/44 540/5/5 22/4/4
f 623/101/100 20/469/43 492/102/101
f 492/1442/101 20/1439/43 90/1440/52
f 90/1440/52 13/370/45 501/1443/295
f 17/1444/389 25/1445/388 18/1446/731
f 25/1445/388 19/1447/210 18/1446/731
f 17/1444/389 18/1446/731 6/1448/702
f 19/1447/210 677/1449/561 7/1450/732
f 18/1446/731 19/1447/210 7/1450/732
f 677/822/561 460/821/560 676/1082/606
f 130/823/562 80/820/559 58/827/566
f 675/824/563 459/1451/12 456/1452/395
f 675/824/563 456/1452/395 80/820/559
f 206/1084/661 7/1453/732 677/822/561
f 676/1082/606 206/1084/661 677/822/561
f 460/821/560 80/820/559 456/1452/395
f 6/1448/702 4/71/70 22/716/4
f 4/71/70 23/70/69 22/716/4
f 6/1448/702 22/716/4 17/1444/389
f 11/1370/723 21/922/71 3/921/604
f 3/921/604 4/923/70 16/1258/703
f 16/1258/703 6/1257/702 5/1454/733
f 3/1455/604 16/1456/703 14/977/620
f 16/1456/703 5/1457/733 14/977/620
f 5/1457/733 417/1079/660 418/1081/662
f 417/1079/660 276/1048/519 418/1081/662
f 5/1457/733 418/1081/662 14/977/620
f 213/1441/44 22/716/4 21/72/71
f 502/1458/53 501/1459/295 64/1460/286
f 64/1461/286 501/1443/295 495/1462/350
f 63/1463/51 502/1458/53 494/1464/285
f 507/1465/550 63/1466/51 499/1467/473
f 15/975/619 2/978/621 418/1081/662
f 2/978/621 14/977/620 418/1081/662
f 89/387/336 508/593/447 627/385/334
f 624/971/617 508/593/447 620/972/321
f 624/971/617 627/385/334 508/593/447
f 499/1467/473 626/1468/322 507/1465/550
f 626/1468/322 620/972/321 508/593/447
f 508/593/447 507/1465/550 626/1468/322
f 494/1469/285 499/1470/473 63/1471/51
f 64/1460/286 494/1464/285 502/1458/53
f 438/371/2 495/1462/350 501/1443/295
f 10/985/450 496/984/558 11/1472/723
f 11/1370/723 496/1473/558 12/1371/392
f 1/594/448 10/596/450 3/1474/604
f 496/1475/558 270/476/393 12/475/392
f 14/977/620 1/976/448 3/1455/604
f 10/1476/450 11/1370/723 3/921/604
f 501/1443/295 13/370/45 438/371/2
f 553/1322/595 555/214/198 204/213/197
f 204/213/197 577/375/326 553/1322/595
f 268/1323/717 553/1322/595 577/375/326
f 341/970/161 620/972/321 625/1477/162
f 234/1478/160 160/973/214 621/1479/734
f 207/198/184 463/998/628 726/199/185
f 572/634/475 696/843/478 574/1480/472
f 171/1481/735 146/1482/618 221/1483/736
f 183/1484/433 171/1481/735 153/1485/737
f 171/1481/735 221/1483/736 153/1485/737
f 153/1485/737 300/1486/738 395/1487/696
f 153/1485/737 395/1487/696 82/1488/434
f 576/48/48 328/1320/533 405/1489/739
f 405/1489/739 328/1320/533 82/1488/434
f 518/295/261 576/374/48 405/1490/739
f 183/1484/433 153/1485/737 82/1488/434
f 395/1487/696 405/1489/739 82/1488/434
f 406/1319/716 576/48/48 122/47/47
f 405/1490/739 60/615/467 518/295/261
f 168/1491/260 408/1492/603 335/1493/46
f 335/1494/46 576/374/48 168/294/260
f 580/1495/249 384/196/182 181/195/181
f 181/280/181 594/1181/250 593/281/248
f 594/1496/250 583/1497/246 593/1498/248
f 585/674/492 581/1499/648 584/676/137
f 669/63/62 57/62/61 268/1323/717
f 669/63/62 268/1323/717 577/375/326
f 541/60/59 520/1068/269 669/63/62
f 316/1134/316 732/58/57 541/60/59
f 204/213/197 541/60/59 577/375/326
f 525/1226/697 524/607/461 293/1500/329
f 524/607/461 60/615/467 293/1500/329
f 405/1490/739 395/1501/696 60/615/467
f 303/343/302 523/597/451 522/1225/328
f 523/597/451 524/607/461 522/1225/328
f 162/344/303 303/343/302 522/1225/328
f 536/1409/163 162/344/303 221/1502/736
f 637/177/165 640/845/574 536/175/163
f 162/344/303 299/1503/327 221/1502/736
f 162/344/303 522/1225/328 299/1503/327
f 522/377/328 525/1504/697 293/378/329
f 300/1505/738 153/1506/737 221/1502/736
f 221/1502/736 146/1507/618 536/1409/163
f 300/1505/738 221/1502/736 299/1503/327
f 299/1503/327 395/1501/696 300/1505/738
f 353/1358/688 519/1356/707 265/1508/689
f 252/147/85 470/1363/691 327/148/141
f 144/380/331 529/1509/553 322/381/332
f 721/1510/193 720/1511/192 399/1512/726
f 566/1387/190 263/1513/22 209/1514/421
f 561/1388/339 566/1387/190 209/1514/421
f 169/474/391 89/387/336 65/386/335
f 707/167/156 461/535/423 708/168/157
f 413/645/468 483/644/483 214/932/469
f 255/299/37 596/141/136 345/143/83
f 561/391/339 209/771/421 92/392/110
f 383/1515/701 538/1516/599 712/1517/598
f 264/1518/728 383/1519/701 712/1520/598
f 538/906/599 443/402/346 266/401/345
f 733/1521/597 264/1522/728 712/1523/598
f 246/398/342 223/462/385 136/399/343
f 490/709/384 118/397/341 136/399/343
f 542/1154/679 586/1153/310 144/380/331
f 586/1153/310 529/1509/553 144/380/331
f 144/1524/331 247/863/330 542/1417/679
f 284/248/223 292/250/225 285/681/496
f 174/1146/218 61/1145/442 645/1525/219
f 549/27/27 554/26/26 550/909/602
f 197/917/127 473/642/482 402/641/481
f 74/1526/592 732/363/57 193/362/317
f 240/1527/277 306/1528/276 193/1529/317
f 310/1530/503 240/406/277 316/361/316
f 642/1531/729 121/1532/645 643/1533/167
f 143/1534/542 666/1535/740 665/1536/741
f 665/1537/741 666/1538/740 440/1539/128
f 423/1056/583 429/1053/204 531/1540/584
f 67/778/203 143/777/542 665/1541/741
f 665/1542/741 440/132/128 533/134/130
f 533/134/130 534/133/129 182/1543/742
f 182/1543/742 532/1544/351 533/134/130
f 532/409/351 236/1545/585 199/410/352
f 67/778/203 665/1541/741 533/1546/130
f 429/1547/204 67/1548/203 533/1549/130
f 199/1550/352 531/1540/584 429/1053/204
f 236/879/585 531/878/584 199/1551/352
f 199/1552/352 429/1553/204 533/1554/130
f 580/1555/249 180/1556/253 124/1064/649
f 180/1556/253 542/1417/679 581/1416/648
f 124/1064/649 180/1556/253 581/1416/648
f 384/1063/182 580/1555/249 124/1064/649
f 478/32/32 632/200/186 710/1557/718
f 475/1138/677 478/32/32 710/1557/718
f 167/1141/678 196/222/206 179/413/354
f 179/413/354 196/222/206 710/1557/718
f 475/1138/677 710/1557/718 196/222/206
f 195/234/213 167/1141/678 179/413/354
f 179/413/354 444/412/270 195/234/213
f 5/1454/733 6/1257/702 18/1558/731
f 18/1558/731 7/1453/732 417/1559/660
f 417/1559/660 5/1454/733 18/1558/731
f 227/233/212 228/1170/682 552/75/74
f 552/75/74 195/234/213 227/233/212
f 570/1560/301 568/1561/637 383/1562/701
f 568/1017/637 75/1018/638 383/1406/701
f 447/1563/306 448/1564/658 72/1438/730
f 451/936/605 447/1563/306 72/1438/730
f 314/1565/397 723/1566/325 271/1567/15
f 723/373/325 687/302/267 271/15/15
f 417/1559/660 7/1453/732 206/1084/661
f 54/418/359 27/717/513 326/416/357
f 159/1267/704 108/1269/459 296/1568/457
f 159/1267/704 296/1568/457 114/896/591
f 297/1268/460 159/1267/704 306/1528/276
f 296/1568/457 294/895/455 114/896/591
f 193/1529/317 306/1528/276 159/1267/704
f 114/896/591 74/898/592 159/1267/704
f 74/898/592 193/1529/317 159/1267/704
f 59/841/571 621/1479/734 160/973/214
f 334/639/480 272/567/436 697/566/435
f 482/1085/188 471/98/97 393/261/234
f 393/261/234 480/260/120 482/1085/188
f 479/610/463 482/1085/188 489/795/547
f 134/1569/659 445/388/337 219/390/155
f 219/390/155 291/1570/497 134/1569/659
f 134/1569/659 291/1570/497 285/1571/496
f 578/1572/426 646/467/387 342/858/243
f 75/1573/638 443/1574/346 383/1575/701
f 733/1521/597 575/1576/367 734/1577/727
f 575/1576/367 515/1578/299 734/1577/727
f 734/1577/727 264/1522/728 733/1521/597
f 565/1033/422 244/91/90 671/183/170
f 735/1106/665 36/1104/517 741/1579/743
f 741/1579/743 738/1580/671 735/1106/665
f 109/1118/151 736/1124/672 737/1119/669
f 737/1581/669 736/1582/672 35/1105/515
f 739/1583/670 737/1581/669 35/1105/515
f 739/1583/670 735/1106/665 738/1580/671
f 738/1122/671 740/1116/668 212/1115/147
f 736/1582/672 229/1584/516 35/1105/515
f 198/1120/146 737/1119/669 739/1121/670
f 739/1583/670 35/1105/515 735/1106/665
f 741/1579/743 742/1585/744 738/1580/671
f 740/1586/668 503/1113/666 94/41/41
f 740/1586/668 742/1585/744 503/1113/666
f 741/1579/743 36/1104/517 503/1113/666
f 742/1585/744 741/1579/743 503/1113/666
f 738/1122/671 742/1587/744 740/1116/668
o rock14hi
v -2.021281 0.299669 -4.251947
v -2.139205 0.147175 -3.924997
v -2.529310 0.163560 -3.532363
v -2.366947 0.445325 -3.913614
v -2.387972 0.332379 -3.675806
v -2.385552 0.350689 -3.872344
v -2.366588 0.324870 -3.735021
v -2.472821 0.412737 -3.776173
v -2.215391 -0.055292 -3.833360
v -2.084363 -0.040479 -4.007493
v -2.465242 -0.049083 -3.567724
v -2.256601 0.429575 -4.045423
v -2.200761 0.311251 -4.068799
v -2.613991 -0.055519 -3.430879
v -2.650691 0.389413 -3.511074
v -2.735668 0.322988 -3.424621
v -2.765797 0.602063 -3.438737
v -2.607989 0.453175 -3.486254
v -2.470457 0.480825 -3.615834
v -2.299155 0.504989 -3.865301
v -2.577354 0.405204 -3.572068
v -2.549064 0.394685 -3.651232
v -2.351801 0.169443 -3.695175
v -2.326790 -0.046512 -3.702833
v -2.979044 1.153247 -3.615179
v -3.144963 0.879729 -3.551251
v -2.602809 1.388924 -4.015372
v -2.341907 1.514093 -4.293943
v -3.191378 0.830834 -3.533581
v -2.789935 1.074277 -5.394623
v -3.981544 0.951560 -5.250628
v -3.418834 0.591318 -3.677409
v -2.239483 1.237727 -4.318319
v -2.480184 1.370709 -4.066888
v -2.994701 1.698214 -4.174256
v -2.160268 0.410222 -4.231651
v -2.114299 1.608488 -4.577861
v -2.394894 0.791300 -5.726956
v -4.359075 0.808734 -5.181146
v -3.226251 2.142576 -4.526669
v -3.499784 1.492682 -4.160251
v -3.075548 -0.069427 -3.104234
v -1.802478 1.178911 -5.340043
v -4.301425 1.090377 -4.867154
v -2.934885 1.094691 -5.342798
v -2.064102 0.593725 -5.858920
v -1.959827 0.859560 -4.969570
v -2.728892 1.280882 -3.817717
v -3.871683 1.584970 -4.591436
v -1.927636 1.060052 -4.738453
v -2.989457 0.157840 -5.749898
v -3.535755 1.979797 -5.307139
v -2.816004 0.086045 -5.950491
v -3.402411 0.532681 -3.717905
v -4.134504 1.129932 -4.703644
v -2.184149 1.752597 -4.849703
v -3.128214 0.235118 -3.211716
v -3.769833 0.065677 -3.701873
v -2.512534 1.321687 -4.130328
v -1.952566 1.298414 -4.759721
v -2.178522 1.768932 -5.048822
v -2.539603 0.182108 -6.129271
v -2.422816 0.113975 -6.297714
v -3.944050 0.929877 -5.247344
v -2.073864 0.561980 -5.958435
v -2.708305 0.904598 -5.539149
v -4.145773 1.063368 -5.180011
v -2.315428 1.996204 -4.915421
v -2.640959 1.618441 -4.114070
v -1.936153 1.459560 -5.136418
v -2.925919 1.416871 -3.747437
v -1.930864 1.053969 -5.559681
v -4.410219 -0.018977 -4.779337
v -2.081132 1.678284 -5.032856
v -4.531585 0.610951 -5.161599
v -3.684108 -0.079406 -5.591778
v -1.950732 1.219301 -5.683877
v -3.232994 0.135238 -3.444979
v -2.375758 1.797950 -5.150777
v -3.406722 0.847306 -3.678573
v -1.849269 0.651183 -5.035459
v -4.014841 -0.031167 -3.935243
v -4.160540 -0.037676 -4.187633
v -2.604374 0.671251 -3.638108
v -4.305511 0.170549 -4.628691
v -2.567953 1.687666 -4.260673
v -2.054345 1.040506 -4.446422
v -3.914057 1.655600 -4.831522
v -2.020622 0.976754 -5.732760
v -2.832796 -0.028447 -3.262766
v -2.619575 1.667537 -4.212568
v -3.459255 2.203776 -4.652682
v -1.376092 -0.064472 -5.532838
v -3.181392 0.248207 -3.327686
v -2.211509 1.828355 -5.005711
v -3.567082 0.346018 -3.589732
v -2.839687 1.449437 -3.886526
v -1.868006 0.565504 -5.383390
v -3.800678 1.924515 -4.946329
v -2.185791 1.810486 -4.909047
v -2.851856 1.662032 -4.166332
v -1.943449 0.648379 -4.792737
v -2.788051 1.596584 -4.207299
v -3.445307 2.015205 -5.331317
v -2.331626 -0.067979 -6.224091
v -2.070109 0.959901 -5.578712
v -2.904284 1.754975 -4.317541
v -2.083727 0.986940 -4.506071
v -2.320520 1.026868 -5.684056
v -3.182948 2.286223 -4.898692
v -4.466924 0.527916 -4.979833
v -2.392293 1.777064 -4.545213
v -3.810135 1.996034 -5.173507
v -3.078307 1.305288 -3.929499
v -1.968491 0.959330 -5.063358
v -3.909422 0.485218 -3.948250
v -4.624126 -0.076010 -5.307757
v -1.647194 0.127867 -5.031059
v -4.238011 1.357390 -4.995464
v -2.363254 0.227900 -6.246245
v -1.616391 -0.050796 -4.791170
v -3.871978 -0.008906 -3.826710
v -3.032272 0.158115 -3.244168
v -2.333673 1.229312 -4.186775
v -2.528125 1.701032 -5.397645
v -1.978614 0.958468 -4.548167
v -1.869337 0.618887 -5.229508
v -2.249873 1.021602 -5.792830
v -1.819932 0.617072 -5.060721
v -2.250382 0.820245 -4.265590
v -2.076365 0.484732 -6.122476
v -2.452204 1.575356 -4.314926
v -3.063027 1.419064 -4.038648
v -2.128868 1.076825 -5.850161
v -2.442175 0.746571 -3.737900
v -2.843355 1.983136 -4.560734
v -2.009864 0.979621 -5.532970
v -4.077825 1.267481 -4.794001
v -3.235958 1.856519 -4.397991
v -2.110265 0.878044 -4.528079
v -2.101379 1.689155 -4.866551
v -3.198737 1.939672 -4.485560
v -4.379256 1.100995 -5.020179
v -2.144479 0.953402 -4.512628
v -2.749781 1.690377 -4.244123
v -2.028739 1.597749 -5.119920
v -4.042243 1.193414 -4.683096
v -1.423028 -0.068945 -5.070163
v -2.415861 1.261910 -4.213626
v -2.178566 1.113533 -4.355198
v -2.021195 0.922567 -5.380867
v -2.485070 2.131421 -5.076429
v -2.138633 1.711454 -4.928077
v -2.395378 1.589552 -4.326019
v -1.923123 0.651563 -4.713470
v -3.338204 2.288834 -4.845505
v -2.393970 1.984376 -4.817856
v -1.899082 1.000756 -5.122282
v -1.937279 1.360494 -4.771617
v -3.943194 1.649851 -5.152054
v -3.134752 0.811882 -3.473565
v -3.290469 0.944597 -3.567312
v -3.066484 0.429926 -3.542622
v -2.326653 1.856269 -4.600166
v -1.993057 0.702117 -4.733043
v -3.870047 0.701965 -4.107378
v -2.074063 1.370570 -4.592702
v -1.424234 -0.081414 -5.276052
v -2.994051 0.430668 -3.306736
v -1.829854 1.070656 -5.189795
v -4.007851 1.401157 -4.650681
v -2.864482 1.510996 -4.124139
v -2.928038 1.903398 -4.471796
v -3.767175 0.571077 -3.842801
v -3.566727 -0.059342 -5.588451
v -3.549594 0.790951 -3.864148
v -2.365683 0.524493 -3.726367
v -1.748408 0.512069 -5.308712
v -3.667096 1.899285 -4.625432
v -4.320117 0.930390 -4.794830
v -4.269470 0.491863 -4.580305
v -2.281616 1.187616 -5.725548
v -2.322049 0.416619 -5.923844
v -2.425273 1.456472 -5.508877
v -2.122318 1.619670 -4.634053
v -2.044300 0.701604 -5.559323
v -1.848382 0.616376 -4.991037
v -3.031251 0.345155 -5.610264
v -3.885525 1.017584 -4.247209
v -2.151695 1.159694 -4.381725
v -3.220921 1.413754 -5.309612
v -3.305133 1.002155 -3.647246
v -4.375403 0.584730 -4.856256
v -3.590428 2.061070 -4.677993
v -3.033200 1.763899 -4.244059
v -3.068124 1.517669 -4.108657
v -4.413693 0.834543 -4.991483
v -3.502679 0.604013 -3.647798
v -2.803286 1.514222 -3.988307
v -1.928182 0.906474 -4.827103
v -1.917666 1.280469 -4.804887
v -1.900184 1.441708 -5.323686
v -2.011439 1.492548 -5.070840
v -1.904161 1.111397 -4.848802
v -1.840394 1.192657 -4.934265
v -1.803160 1.095717 -5.036978
v -1.791948 1.144039 -5.127427
v -1.970255 1.052644 -4.537669
v -2.036008 1.495717 -4.700152
v -2.159940 1.763572 -4.699423
v -1.970349 1.211936 -4.671653
v -1.916031 1.424097 -5.077458
v -1.857102 1.276594 -5.028240
v -1.893368 1.278531 -4.884261
v -1.933589 1.483595 -5.222437
v -2.056221 1.567435 -4.884643
v -1.816213 1.279992 -5.402635
v -1.894032 0.976788 -4.805534
v -1.843871 1.085455 -4.952524
v -1.804029 1.184923 -5.009714
v -1.807262 1.320938 -5.258940
v -1.842328 1.310125 -5.109190
v -1.844495 1.182807 -5.512915
v -1.989900 0.824489 -4.658414
v -1.749609 0.308028 -5.153377
v -1.934000 0.760420 -4.825116
v -1.879258 0.636958 -4.816355
v -1.794806 0.120201 -4.588778
v -2.142318 0.583149 -4.416632
v -2.171644 0.788348 -4.488294
v -1.926646 0.908427 -4.685963
v -2.207169 0.710386 -4.222951
v -1.880784 0.680501 -4.855955
v -1.601365 0.118105 -5.232813
v -1.550578 -0.032331 -5.008974
v -1.593053 -0.081033 -4.580450
v -1.898800 0.320847 -4.535959
v -1.910992 -0.075486 -4.136821
v -1.923081 0.094869 -4.472846
v -1.732894 -0.014301 -4.516617
v -1.874243 0.451142 -4.574482
v -1.823523 0.281981 -4.667711
v -1.974352 0.077729 -4.314756
v -1.988261 0.348165 -4.373324
v -2.023245 0.550767 -4.599375
v -2.139093 0.594754 -4.526504
v -2.475780 1.709118 -4.340464
v -4.153520 0.728469 -4.514752
v -3.093832 1.350648 -3.946415
v -2.077626 0.262237 -4.114265
v -4.328600 0.707765 -4.753997
v -2.220759 0.843183 -5.842456
v -2.808284 0.488441 -3.343700
v -1.718435 0.414459 -5.615486
v -2.723585 0.734514 -3.548396
v -4.032281 0.819650 -5.248927
v -2.917914 1.442654 -4.113030
v -3.852010 0.824071 -4.177969
v -2.509339 1.000044 -4.022418
v -3.050513 0.872664 -3.471929
v -4.533364 0.591337 -5.076415
v -2.670569 1.784180 -4.323136
v -3.455420 0.718353 -3.623082
v -4.395638 0.649275 -4.835126
v -2.071831 0.926097 -5.753755
v -2.199355 0.992770 -4.475179
v -3.735370 2.024629 -5.062312
v -4.397924 0.881002 -4.945232
v -2.989699 1.541451 -4.091447
v -2.543494 0.763755 -3.755503
v -3.477533 0.021285 -3.385127
v -3.728248 -0.002722 -3.715136
v -2.163981 0.810683 -5.869485
v -2.505344 0.344287 -5.953847
v -2.383509 0.484110 -5.981963
v -2.327344 0.596176 -5.962283
v -2.404409 0.374952 -6.011312
v -2.308228 0.194680 -6.245805
v -2.184574 0.396092 -6.197828
v -2.550348 0.018262 -6.344984
v -2.365892 0.343791 -6.121204
v -3.209454 -0.055158 -5.864658
v -2.811641 -0.061412 -6.197427
v -3.249939 0.414038 -3.621867
v -3.265502 0.298143 -3.494438
v -3.610827 0.165533 -3.744371
v -3.312040 0.453747 -3.671205
v -3.354503 0.362934 -3.675410
v -3.269401 -0.059161 -3.097174
v -3.476548 0.264595 -3.670793
v -3.066693 0.302364 -3.303522
v -3.626781 -0.039733 -3.595111
v -3.595378 0.055947 -3.735487
v -3.562255 -0.020010 -3.677507
v -3.495991 0.071305 -3.716529
v -3.142312 0.158877 -3.242595
v -3.105206 0.050973 -3.075506
v -3.347619 0.108480 -3.599894
v -2.956654 0.381550 -3.297803
v -3.456426 -0.051534 -3.174311
v -3.646223 -0.031710 -3.398021
v -3.406595 0.130143 -3.664441
v -3.045145 0.478418 -3.554156
v -3.170788 0.804913 -5.419599
v -2.542029 2.181746 -5.087558
v -2.699156 2.071937 -4.743707
v -2.946608 -0.040239 -3.182621
v -3.357978 0.055506 -5.602481
v -3.928832 1.181793 -5.230864
v -3.047136 2.027747 -4.527689
v -3.077911 1.245633 -3.620075
v -2.204079 1.563164 -4.447229
v -4.192042 0.494361 -5.287070
v -2.481963 0.354104 -3.598437
v -2.313093 0.771626 -4.034984
v -2.434283 2.097880 -4.954348
v -3.019033 2.233531 -4.955177
v -4.277416 0.824056 -5.197599
v -2.499625 1.954854 -4.709314
v -2.705567 1.115758 -3.864000
v -2.586423 0.975936 -3.996063
v -2.329126 1.095516 -4.349322
v -3.138283 0.686051 -3.546150
v -2.868881 0.803547 -3.547956
v -2.098952 0.670205 -5.625510
v -2.334185 0.480194 -5.883523
v -3.373419 0.903413 -3.589348
v -3.545995 1.360469 -4.074745
v -3.642495 0.855277 -3.860021
v -3.220989 1.053651 -3.588565
v -3.214284 0.796434 -3.552272
v -3.178495 1.145882 -3.582920
v -3.350054 0.987762 -3.623960
v -3.275987 1.552602 -4.189188
v -3.226299 1.180906 -3.742107
v -3.475897 1.153355 -3.929892
v -3.541333 1.074608 -3.858776
v -3.418550 0.923676 -3.765008
v -3.209486 1.246021 -3.886602
v -3.246657 1.084247 -3.719030
v -3.324763 0.809386 -3.582704
v -3.063508 1.114971 -3.567421
v -3.143957 0.998801 -3.565316
v -3.552087 0.965222 -3.840277
v -3.219564 0.847226 -3.568944
v -3.238418 0.330599 -5.506104
v -3.137633 0.094030 -5.668463
v -2.973857 -0.060860 -6.008340
v -2.592601 0.294099 -5.923766
v -2.867838 0.073490 -5.945227
v -4.313709 1.237614 -4.993614
v -4.321934 1.112457 -4.933818
v -4.251238 1.110904 -4.794462
v -4.267608 1.284461 -5.106163
v -4.176194 1.220671 -4.831051
v -4.067160 1.128827 -4.609623
v -4.333577 1.228392 -5.086946
v -4.105627 1.219821 -4.784975
v -4.314538 0.508870 -4.687417
v -4.209576 0.551610 -4.385787
v -4.509373 0.368303 -4.961360
v -4.083356 0.015535 -4.076284
v -4.221578 0.477577 -4.425535
v -4.509020 0.242711 -5.002289
v -4.515879 0.083879 -4.982913
v -4.482772 0.247209 -4.873518
v -4.274289 -0.038347 -4.365128
v -4.329555 -0.012919 -4.638699
v -4.470199 0.148811 -4.887376
v -2.651642 1.194903 -5.433242
v -2.361630 1.457519 -4.199646
v -1.488563 0.051966 -5.274240
v -1.911797 0.582390 -4.688337
v -4.142234 0.451364 -5.325642
v -2.888494 2.266064 -4.953834
v -3.687572 0.254050 -3.660996
v -4.580777 -0.044970 -5.160807
v -1.979329 -0.044150 -6.019668
v -2.377694 1.760355 -4.496191
v -1.557197 0.188120 -5.498640
v -2.019401 0.440063 -6.043938
v -3.038121 0.590718 -3.380082
v -2.041439 0.183894 -4.078239
v -3.297545 0.346066 -3.604693
v -2.230914 0.336040 -3.922122
v -2.257756 0.494024 -5.771657
v -3.309856 0.057487 -3.280932
v -3.833581 0.714285 -4.004606
v -3.994399 0.825140 -4.264807
v -4.053937 0.781496 -4.270484
v -3.797920 0.720701 -3.968635
v -3.394159 0.803052 -3.593911
v -3.520451 0.700596 -3.683885
v -3.846933 0.574351 -3.897033
v -3.749200 0.689980 -3.935969
v -3.734722 0.835000 -3.988297
v -3.820170 1.055019 -4.182307
v -3.626655 0.655725 -3.748251
v -3.593629 0.728230 -3.783021
v -3.860348 0.781363 -4.109072
v -3.741691 1.149944 -4.119572
v -2.971322 0.093523 -3.205854
v -2.780461 0.348567 -3.346780
v -2.875328 0.289909 -3.276319
v -2.662320 0.181401 -3.403047
v -2.712196 -0.068309 -3.324806
v -2.805927 0.130180 -3.329182
v -1.917937 1.150365 -5.626165
v -1.845463 1.276679 -5.531190
v -1.950732 1.254097 -5.611447
v -3.643440 0.536321 -5.399539
v -4.354853 0.650963 -5.209369
v -3.962353 1.278173 -5.183355
v -3.597648 1.620268 -5.297644
v -4.082717 0.689179 -5.277936
v -3.900356 0.720206 -5.313525
v -3.970312 0.867354 -5.241912
v -3.959187 0.781963 -5.245738
v -3.715703 1.138751 -5.284945
v -4.038059 1.741708 -5.142654
v -4.153092 0.631115 -5.273177
v -2.096405 0.431539 -4.379950
v -1.991619 0.538349 -5.685312
v -3.058568 1.360984 -3.695210
v -3.218046 1.227602 -3.814254
v -1.965367 0.594696 -5.485848
v -3.087757 2.226510 -5.035620
v -1.723916 0.256801 -5.857585
v -1.798627 -0.033763 -5.938787
v -1.889461 -0.037643 -5.970737
v -1.911640 0.339996 -5.953084
v -1.737551 0.112650 -5.912783
v -1.928501 0.202229 -6.011743
v -2.144881 -0.059720 -6.117332
v -2.309002 1.838244 -5.100672
v -2.726422 1.974282 -5.342638
v -2.516320 -0.068911 -6.313455
v -1.635945 0.385519 -5.450555
v -1.732195 0.399652 -5.319192
v -1.414362 -0.060715 -4.914627
v -1.643158 0.338361 -5.395064
v -4.243056 0.574486 -4.473985
v -4.130163 0.904353 -4.440104
v -4.353084 0.769698 -4.795065
v -4.301812 0.841295 -4.743991
v -3.943954 1.204538 -4.464360
v -4.131733 1.003597 -4.501954
v -4.168232 0.599832 -4.454082
v -4.203554 0.685611 -4.485332
v -4.070319 0.968045 -4.384879
v -4.217391 0.718681 -4.545849
v -4.200241 0.925395 -4.615182
v -4.141737 0.627614 -4.318521
v -4.157184 0.788504 -4.483571
v -2.518051 0.636302 -3.670714
v -2.802227 1.087368 -3.738688
v -2.730335 0.675737 -3.534083
v -2.516050 0.561199 -3.610867
v -2.767042 0.932387 -3.704371
v -3.364974 -0.051637 -5.753393
v -3.472407 -0.067783 -5.706119
v -2.569774 1.900394 -4.653879
v -3.290800 0.133840 -3.533105
v -2.393802 0.427190 -5.948183
v -2.448807 0.369212 -3.782413
v -3.336695 0.517267 -3.758669
v -4.387220 0.539509 -4.779869
v -3.080571 0.520994 -3.622607
v -2.186785 0.893206 -4.427573
v -2.651838 1.693136 -4.283327
v -3.553322 1.869825 -5.299383
v -1.924921 0.652781 -5.301400
v -3.266413 0.556257 -3.761433
v -3.642668 2.018587 -5.187986
v -2.541319 0.297537 -3.554054
v -2.335027 1.024586 -4.342469
v -2.252308 1.019782 -4.383008
v -3.919266 1.131123 -4.368064
v -2.630081 0.773197 -3.705852
v -3.098074 0.888902 -5.390357
v -2.422592 1.010405 -5.601914
v -2.429550 1.108454 -5.596819
v -2.767433 0.420112 -5.636947
v -2.651893 1.465842 -5.404280
v -2.381315 0.701406 -5.832802
v -2.565017 0.676622 -5.668025
v -4.081559 1.445049 -4.836769
v -4.058434 1.681273 -4.994411
v -4.454786 0.852504 -5.125364
v -4.459640 0.876565 -5.035291
v -2.979941 1.415433 -5.310719
v -3.285885 1.665109 -5.329062
v -3.259696 1.172440 -5.314817
v -3.138167 1.964055 -5.353955
v -1.953890 0.864787 -5.076154
v -3.347486 1.961126 -4.563892
v -3.553179 1.752416 -4.475259
v -3.778271 1.649165 -4.481032
v -3.514237 1.671525 -4.422620
v -3.167254 1.853210 -4.339188
v -3.614873 0.530658 -3.649273
v -3.663258 0.303161 -3.648636
v -3.564522 0.482344 -3.601984
v -3.765279 0.141043 -3.648280
v -3.884776 0.146521 -3.834594
v -3.819493 0.219694 -3.752839
v -3.768637 0.432872 -3.772506
v -3.926417 0.312284 -3.913677
v -3.877400 1.255342 -4.298748
v -1.702864 -0.032909 -5.858718
v -1.969348 0.967190 -5.301822
v -3.449241 -0.008760 -3.513697
v -2.468690 1.481393 -4.172836
v -2.364895 1.344070 -4.170714
v -2.692716 1.065375 -3.891700
v -1.606363 0.243278 -5.638176
v -1.483525 -0.007071 -5.580434
v -1.408785 -0.061046 -5.563283
v -3.470290 2.249002 -4.763157
v -2.389371 1.163067 -4.211169
v -2.412072 1.052746 -4.192972
v -2.378969 0.768945 -3.917114
v -2.506611 1.255862 -4.160945
v -2.275937 0.722600 -4.003228
v -2.891537 0.830200 -5.482384
v -2.373076 1.269907 -5.613720
v -3.791923 1.713471 -5.218264
v -4.217331 0.252960 -5.349854
v -4.436061 0.243161 -5.264750
v -2.204718 1.306266 -4.338396
v -2.156767 1.648312 -4.567245
v -4.097145 0.368251 -5.327791
v -4.117118 -0.078169 -5.447560
v -4.006653 0.454689 -5.356953
v -4.285308 -0.076822 -5.407905
v -4.457022 -0.076431 -5.352201
v -3.182759 0.470801 -3.716075
v -3.145014 0.140138 -3.121851
v -3.021687 0.215520 -3.190445
v -2.931746 0.267657 -3.219573
v -2.904025 0.170119 -3.249588
v -2.366760 0.640986 -3.761327
v -2.136029 1.525448 -5.316032
v -4.595020 0.146351 -5.041430
v -4.565236 -0.034228 -5.013186
v -4.593838 0.493110 -5.163330
v -2.058529 0.644732 -5.713681
v -3.048260 1.000992 -3.513696
v -3.709950 1.562061 -4.385733
v -4.449224 0.574712 -4.893603
v -2.811794 1.452874 -5.384711
v -3.084401 0.803216 -3.436223
v -3.015921 0.702953 -3.411720
v -2.843702 0.734479 -3.476063
v -1.766528 0.476340 -5.191969
v -1.805150 0.348319 -4.948926
v -2.287231 1.192798 -4.251375
v -3.949006 0.594554 -4.051842
v -2.655649 0.924950 -3.837686
v -2.719552 1.226210 -5.433965
v -4.486513 0.769888 -5.118130
v -3.976266 1.835576 -5.002107
v -2.161422 0.601915 -5.699299
v -3.351919 1.079249 -3.774489
v -3.436518 1.241686 -3.942430
v -2.862561 0.419909 -5.605214
v -1.696764 0.477796 -5.433806
v -1.656125 0.426642 -5.569928
v -1.993279 0.697095 -5.390014
v -3.609171 0.959931 -5.316346
v -3.583333 1.195316 -5.285743
v -2.073994 0.774892 -4.632119
v -4.644166 0.183418 -5.242579
v -4.528672 0.688824 -5.126061
v -1.966925 0.777174 -5.278829
v -3.179370 0.604230 -3.706651
v -3.281787 0.628112 -3.738129
v -2.170197 0.267649 -3.981301
v -2.180408 1.178708 -4.328963
v -2.889851 1.400531 -4.035888
v -2.182705 0.189303 -3.937352
v -2.003166 0.478478 -4.526114
v -2.066777 0.662028 -4.664345
v -3.551727 1.146754 -3.913063
v -3.435507 0.486301 -3.651958
v -3.989738 -0.075274 -5.499383
v -2.730315 0.617151 -5.568969
vn -0.8113 0.4937 0.3131
vn -0.6817 0.3983 0.6137
vn -0.5389 0.5657 0.6241
vn -0.5601 0.7176 0.4139
vn -0.6950 0.6304 0.3457
vn -0.8889 0.4283 0.1628
vn 0.6965 0.7169 0.0311
vn 0.8890 0.4577 -0.0149
vn 0.9156 0.3997 -0.0431
vn 0.8108 0.4757 0.3412
vn 0.8550 0.4961 0.1509
vn 0.6647 0.5591 0.4956
vn 0.9652 0.1556 0.2101
vn 0.8897 0.3881 0.2404
vn 0.8131 0.5754 0.0880
vn -0.4560 0.2779 0.8455
vn 0.0728 -0.2781 0.9578
vn -0.0740 0.2885 0.9546
vn -0.2577 0.4466 0.8568
vn -0.2262 0.6599 0.7165
vn -0.6241 0.4451 0.6421
vn 0.1963 -0.0312 -0.9800
vn 0.4607 0.1524 -0.8744
vn -0.4770 0.4534 -0.7529
vn 0.9059 0.3930 0.1582
vn 0.6247 0.7247 -0.2909
vn 0.6383 0.7674 -0.0606
vn -0.3267 0.7733 0.5435
vn -0.7272 0.6334 0.2644
vn -0.2426 0.8200 0.5184
vn 0.6427 -0.3385 0.6873
vn 0.1468 -0.5724 0.8067
vn 0.5302 -0.3305 0.7808
vn -0.6316 0.5735 0.5218
vn -0.5304 0.5604 0.6361
vn 0.9996 -0.0020 0.0298
vn 0.7687 -0.6388 -0.0331
vn 0.8534 -0.4839 0.1939
vn -0.4964 0.5332 0.6850
vn -0.4084 0.0954 0.9078
vn -0.7088 0.3229 0.6272
vn -0.8775 0.0952 0.4700
vn -0.8551 0.1539 0.4951
vn -0.8299 0.1715 0.5309
vn -0.8823 -0.0088 0.4705
vn -0.8969 0.1071 0.4290
vn -0.9484 0.1119 0.2968
vn 0.2508 0.8063 0.5357
vn 0.5364 0.8178 0.2084
vn 0.3964 0.8691 -0.2959
vn 0.8794 0.3148 0.3573
vn 0.7866 0.2758 0.5525
vn 0.9306 0.2147 0.2964
vn -0.9143 0.1258 0.3850
vn -0.9031 0.0766 0.4225
vn -0.9189 0.0665 0.3889
vn 0.5602 0.2225 0.7979
vn 0.7120 -0.0047 0.7021
vn 0.6301 0.1738 0.7568
vn 0.5789 0.0917 0.8102
vn 0.7946 0.1600 0.5857
vn 0.6987 -0.2023 0.6863
vn -0.8125 0.2473 0.5279
vn -0.9206 0.2252 0.3190
vn -0.8914 0.1668 0.4214
vn -0.5365 0.8438 0.0072
vn -0.4469 0.8800 0.1608
vn -0.1216 0.9922 -0.0276
vn 0.6369 0.4982 -0.5883
vn 0.8801 0.3141 -0.3561
vn 0.8822 0.4708 -0.0086
vn 0.5944 0.5146 0.6179
vn 0.9149 0.1745 0.3640
vn 0.7201 -0.1276 0.6821
vn -0.8529 0.3505 0.3869
vn 0.3609 0.0399 -0.9318
vn 0.0491 0.3226 -0.9453
vn -0.2404 0.4921 -0.8367
vn -0.1919 -0.4255 0.8844
vn -0.2861 0.7336 0.6164
vn -0.0057 0.6178 0.7863
vn -0.7333 0.3661 0.5728
vn 0.1243 0.6331 0.7640
vn 0.2476 0.7861 0.5663
vn 0.4277 0.7125 0.5562
vn -0.6318 0.4317 0.6438
vn -0.4787 0.3887 0.7872
vn 0.0331 0.4729 0.8805
vn 0.4639 -0.2073 0.8613
vn 0.4765 -0.3394 0.8110
vn -0.1269 0.0764 0.9890
vn -0.6833 -0.1171 0.7207
vn 0.1834 0.7098 0.6801
vn 0.1685 0.7673 0.6187
vn 0.2625 0.6805 0.6841
vn 0.3527 -0.1965 0.9149
vn 0.1327 -0.2033 0.9701
vn -0.3961 0.6535 0.6450
vn 0.0303 0.6015 0.7983
vn 0.0666 0.4582 0.8864
vn -0.3549 0.7972 0.4884
vn -0.2768 0.2283 -0.9334
vn -0.7279 0.3324 -0.5997
vn -0.2854 0.1880 -0.9398
vn 0.4776 -0.0244 -0.8782
vn 0.8230 -0.5659 0.0503
vn 0.5635 0.5372 -0.6276
vn -0.8568 0.2757 0.4358
vn -0.8501 0.3376 0.4042
vn -0.7836 0.3417 0.5188
vn -0.8342 0.2877 0.4705
vn -0.7602 0.4616 0.4573
vn -0.5020 0.4641 0.7298
vn -0.6143 0.3823 0.6903
vn -0.3132 0.1335 0.9402
vn -0.5684 -0.2294 0.7901
vn -0.3223 0.0799 0.9433
vn -0.9202 0.3234 0.2204
vn -0.8234 0.3870 0.4151
vn -0.7326 0.4647 0.4973
vn -0.4485 0.8925 -0.0486
vn -0.7765 0.0808 0.6249
vn 0.6978 0.6820 0.2190
vn 0.8537 0.3507 0.3849
vn -0.7680 0.4329 0.4720
vn -0.7798 0.4431 0.4424
vn -0.9755 0.0536 0.2134
vn -0.8793 0.1107 0.4632
vn -0.8959 0.0110 0.4442
vn -0.6536 -0.1560 0.7406
vn -0.9195 -0.0705 0.3868
vn -0.9173 -0.0282 0.3972
vn 0.7472 0.6380 0.1860
vn 0.7913 0.5656 0.2325
vn -0.8331 0.3831 0.3990
vn -0.6891 0.2389 0.6842
vn -0.5878 0.1105 0.8014
vn -0.5550 0.3334 0.7621
vn 0.3676 0.6931 -0.6201
vn 0.7436 0.4119 -0.5266
vn 0.8579 -0.1098 -0.5019
vn 0.1576 0.7315 0.6634
vn 0.1049 0.6049 0.7894
vn -0.1144 0.8971 0.4268
vn -0.4984 0.3541 0.7914
vn -0.4408 0.7035 0.5574
vn -0.3495 0.0096 0.9369
vn -0.1358 -0.2987 0.9446
vn -0.5597 0.0781 0.8250
vn 0.8371 -0.3568 0.4146
vn -0.6909 0.2213 0.6883
vn 0.0472 0.9630 0.2653
vn 0.0160 0.9887 0.1493
vn 0.6465 0.6586 0.3851
vn 0.8247 -0.2179 0.5219
vn 0.0101 0.8883 -0.4592
vn 0.1373 0.9901 -0.0283
vn -0.7465 0.4221 0.5143
vn -0.7797 0.2048 0.5917
vn -0.1739 0.4227 0.8894
vn -0.3616 0.4975 0.7885
vn -0.4601 0.4379 0.7723
vn -0.3657 0.9246 0.1067
vn -0.4694 0.8611 0.1955
vn -0.0017 -0.2068 0.9784
vn -0.1398 0.2068 0.9684
vn -0.8441 0.2476 0.4757
vn 0.5613 0.5752 0.5950
vn 0.5518 0.4136 0.7242
vn 0.5050 0.5757 0.6431
vn -0.0464 0.8499 -0.5249
vn 0.8055 0.0136 -0.5924
vn 0.6260 -0.0925 0.7743
vn 0.9465 0.2304 0.2261
vn 0.8344 0.5491 0.0477
vn 0.9033 0.3771 0.2045
vn -0.6459 0.6167 0.4499
vn -0.7315 0.4635 0.5002
vn 0.8177 -0.5755 0.0128
vn 0.8094 -0.4608 -0.3640
vn -0.1435 0.5791 0.8025
vn 0.2376 0.6342 0.7357
vn -0.1125 0.7869 0.6067
vn 0.2081 0.0906 0.9739
vn -0.6513 0.5737 0.4967
vn -0.2987 0.0632 -0.9522
vn -0.3185 0.7615 -0.5646
vn -0.4898 0.2922 -0.8214
vn 0.5929 0.5458 -0.5921
vn -0.2047 0.5423 0.8149
vn -0.5068 0.5420 0.6703
vn -0.2554 0.6202 0.7417
vn -0.3360 0.1447 -0.9307
vn -0.3643 0.1563 -0.9181
vn -0.5251 -0.0906 -0.8462
vn 0.5872 0.6607 0.4677
vn 0.8998 0.1993 0.3882
vn 0.7149 -0.4151 0.5628
vn -0.2972 0.1837 -0.9370
vn -0.3183 0.2954 -0.9008
vn -0.8515 0.1765 0.4938
vn -0.8397 0.4586 0.2907
vn -0.7087 0.3737 -0.5984
vn -0.6410 0.3901 -0.6610
vn 0.7479 0.5417 -0.3836
vn 0.7194 0.6687 -0.1880
vn 0.1012 0.8407 0.5320
vn 0.0016 0.9287 0.3709
vn 0.6721 -0.0754 0.7366
vn 0.6650 -0.5648 0.4886
vn 0.8369 0.2260 0.4985
vn 0.8982 0.2086 0.3869
vn 0.8762 0.3643 0.3155
vn 0.8966 0.4319 0.0974
vn 0.8891 0.2812 0.3613
vn 0.7744 0.6096 0.1694
vn -0.1415 0.3132 -0.9391
vn -0.2709 0.1588 -0.9494
vn -0.1655 0.1716 -0.9712
vn 0.4251 0.3234 0.8454
vn 0.9443 0.0094 0.3289
vn 0.5330 -0.2534 0.8073
vn 0.4198 -0.1665 0.8922
vn -0.4975 0.7221 -0.4807
vn -0.7443 0.1647 -0.6472
vn -0.5840 0.0594 -0.8095
vn -0.3263 0.4579 -0.8269
vn 0.0522 0.3591 0.9318
vn 0.0082 0.0107 0.9999
vn -0.0849 0.0008 -0.9964
vn -0.0138 -0.0214 -0.9997
vn -0.0994 0.0589 -0.9933
vn 0.8683 0.4838 0.1092
vn 0.6239 0.5404 0.5646
vn 0.2188 0.7143 0.6648
vn 0.2204 0.8874 0.4049
vn 0.6841 0.6275 0.3719
vn 0.6693 0.6591 0.3429
vn 0.8351 0.5434 0.0854
vn 0.7859 0.6150 0.0640
vn 0.6072 0.7261 -0.3227
vn 0.3001 0.5245 -0.7968
vn 0.3483 0.4482 -0.8233
vn -0.5754 0.0841 0.8135
vn 0.1092 0.3175 0.9420
vn -0.6362 0.2217 0.7389
vn 0.6698 0.2517 0.6986
vn 0.6224 0.6312 0.4628
vn 0.7670 0.1992 0.6099
vn 0.6966 0.5508 0.4597
vn 0.5872 0.2175 0.7796
vn 0.7324 0.1255 0.6693
vn 0.5600 0.3948 0.7284
vn 0.7927 -0.2425 0.5593
vn -0.1843 0.4707 -0.8628
vn -0.5896 -0.3647 0.7206
vn -0.3917 0.5218 0.7578
vn -0.8420 -0.0660 0.5354
vn 0.6889 -0.1154 0.7156
vn 0.3507 0.2933 0.8893
vn -0.6827 0.2972 0.6675
vn 0.3041 0.5961 0.7431
vn 0.3965 0.5603 0.7272
vn 0.9386 0.2217 -0.2643
vn 0.8893 0.3171 -0.3296
vn 0.9082 -0.2115 0.3612
vn 0.9603 -0.2671 -0.0810
vn 0.9681 -0.1752 0.1793
vn -0.2284 -0.1592 0.9605
vn 0.2999 0.3189 0.8991
vn 0.4344 0.3900 0.8119
vn 0.5437 0.2599 0.7980
vn 0.4957 0.0290 0.8680
vn -0.2076 0.6811 0.7021
vn -0.6202 0.5032 0.6018
vn -0.6658 0.6557 0.3561
vn -0.7064 0.6211 0.3395
vn 0.8542 0.3957 0.3372
vn 0.5814 0.6941 0.4246
vn -0.2573 0.2533 -0.9325
vn -0.2771 0.2371 -0.9311
vn -0.2689 0.0255 -0.9628
vn -0.5756 0.5468 0.6080
vn -0.3770 0.3828 0.8434
vn 0.5359 0.8165 0.2150
vn 0.6495 0.7191 0.2471
vn 0.7994 0.5624 -0.2113
vn 0.8979 0.4319 0.0852
vn 0.4809 0.8641 0.1487
vn 0.1855 0.7647 0.6171
vn 0.4009 0.4887 0.7749
vn 0.3291 0.7966 0.5071
vn 0.7434 -0.2458 0.6220
vn 0.4907 -0.1761 0.8533
vn 0.4301 0.1569 0.8890
vn 0.6607 0.0463 0.7493
vn 0.0559 0.3411 0.9384
vn 0.3573 0.4659 0.8095
vn -0.0317 0.6554 0.7546
vn -0.2771 0.4978 0.8218
vn 0.9286 0.2329 0.2890
vn 0.8593 0.2292 0.4573
vn 0.9297 0.2965 0.2185
vn 0.8956 0.3676 0.2503
vn 0.9223 0.0664 0.3807
vn 0.6890 0.6709 0.2742
vn 0.9340 0.3571 0.0087
vn 0.9477 0.2575 -0.1885
vn 0.8394 0.2447 0.4853
vn 0.7948 0.5524 0.2514
vn 0.6699 0.7420 0.0238
vn 0.3495 0.8131 0.4655
vn 0.3378 0.4856 0.8063
vn 0.5537 0.5161 0.6535
vn -0.3107 0.2180 0.9252
vn 0.8513 0.4434 0.2806
vn 0.7439 0.4483 0.4956
vn 0.7615 0.4311 0.4840
vn 0.8564 0.0654 0.5122
vn 0.8143 0.4504 0.3661
vn 0.7784 0.3963 0.4869
vn 0.9087 0.3045 0.2855
vn -0.9410 0.3160 -0.1214
vn -0.8303 0.1238 0.5434
vn -0.8610 0.1629 0.4819
vn -0.9263 -0.0214 0.3762
vn -0.8477 0.2956 0.4404
vn -0.8251 0.1619 0.5413
vn -0.8520 0.1423 0.5038
vn -0.8682 0.1824 0.4614
vn -0.6849 0.3734 0.6257
vn -0.6953 0.3940 0.6011
vn -0.8042 0.4338 0.4062
vn -0.8288 0.2472 0.5020
vn -0.8676 0.0338 0.4961
vn -0.8317 0.3208 0.4531
vn 0.5192 -0.0811 0.8508
vn 0.7863 0.5869 0.1930
vn 0.0057 0.6520 0.7582
vn -0.4975 0.7932 0.3510
vn -0.0326 0.6851 0.7278
vn -0.1156 0.5258 0.8427
vn 0.6853 0.0105 0.7281
vn 0.7728 -0.1109 0.6249
vn 0.8144 0.1279 0.5661
vn -0.5251 0.7692 0.3641
vn 0.3057 0.6749 -0.6716
vn 0.1957 0.9169 -0.3478
vn 0.8254 0.4260 -0.3704
vn 0.2711 0.8976 -0.3475
vn 0.7026 0.6474 -0.2954
vn 0.3104 0.8743 -0.3732
vn 0.6724 0.4721 -0.5701
vn 0.8553 0.3279 -0.4013
vn 0.6938 0.6625 -0.2824
vn 0.9607 0.1151 0.2526
vn 0.7642 0.0202 0.6447
vn 0.7417 0.0464 0.6691
vn 0.7304 0.2799 0.6230
vn 0.7588 0.4871 0.4324
vn 0.8143 0.3452 0.4666
vn 0.7266 0.0675 0.6837
vn -0.5046 0.2547 0.8249
vn -0.7648 0.0927 0.6376
vn -0.5252 0.6747 -0.5185
vn -0.4831 0.7503 -0.4513
vn 0.0700 0.4827 -0.8730
vn 0.8829 0.0658 0.4649
vn 0.7010 0.6414 0.3118
vn 0.6774 0.5783 0.4546
vn 0.7600 0.6492 -0.0308
vn 0.8012 0.5968 0.0437
vn 0.9548 -0.2510 -0.1595
vn 0.9018 -0.2946 -0.3162
vn 0.9975 -0.0697 0.0068
vn 0.9018 -0.4197 0.1032
vn 0.8841 -0.4303 0.1824
vn 0.7948 -0.5897 -0.1430
vn 0.8646 -0.4310 -0.2583
vn 0.9455 0.2498 0.2086
vn 0.3071 0.6680 0.6778
vn 0.2402 0.8059 0.5411
vn 0.6449 0.5840 -0.4929
vn 0.5951 0.5413 0.5940
vn 0.8980 0.1891 0.3972
vn 0.7797 0.4621 0.4226
vn 0.4535 0.5976 0.6612
vn -0.1653 -0.0061 -0.9862
vn -0.3294 0.1013 -0.9388
vn -0.3475 0.2225 -0.9109
vn -0.2628 0.8298 0.4922
vn 0.5879 0.5434 -0.5992
vn 0.7338 0.0301 0.6787
vn 0.7127 -0.3990 0.5769
vn -0.2684 0.2175 -0.9384
vn -0.2706 0.0036 -0.9627
vn -0.2348 -0.0214 -0.9718
vn -0.2120 0.0152 -0.9772
vn -0.3559 0.0620 -0.9325
vn -0.7525 0.4847 -0.4458
vn 0.7367 0.5235 0.4281
vn 0.7148 0.6222 0.3192
vn 0.5449 0.4724 0.6927
vn 0.7481 0.5078 0.4272
vn 0.6858 0.5449 0.4826
vn 0.8995 0.3191 0.2985
vn 0.6295 0.6214 0.4665
vn -0.0442 -0.0174 -0.9989
vn -0.2186 0.1958 -0.9560
vn -0.0810 0.1252 -0.9888
vn -0.0459 0.0479 -0.9978
vn -0.2067 -0.0271 -0.9780
vn -0.0655 -0.0604 -0.9960
vn -0.0216 0.3821 -0.9239
vn 0.1403 0.4916 -0.8594
vn -0.2417 0.0363 -0.9697
vn 0.2622 0.3794 -0.8873
vn 0.9903 0.1270 -0.0554
vn 0.3591 0.7176 0.5967
vn -0.2190 -0.1515 0.9639
vn 0.7050 0.2539 0.6623
vn 0.7683 0.2915 0.5698
vn 0.3816 0.7493 0.5412
vn -0.8571 0.2770 0.4344
vn -0.7892 0.3385 0.5124
vn -0.7699 0.2939 0.5664
vn -0.7863 0.4393 0.4345
vn -0.2535 0.5857 0.7699
vn -0.2208 0.6541 0.7235
vn -0.4144 0.5770 0.7038
vn -0.2997 0.6699 0.6793
vn 0.0063 0.7157 0.6984
vn -0.4231 0.6784 0.6006
vn -0.6167 0.4814 0.6228
vn 0.1680 0.9842 0.0563
vn 0.6000 0.7153 0.3583
vn 0.4160 0.8966 0.1520
vn 0.3064 0.2118 0.9280
vn -0.1228 -0.0775 0.9894
vn 0.0414 -0.2448 0.9687
vn -0.5441 0.1435 0.8267
vn -0.3440 0.8148 -0.4667
vn 0.5089 -0.4354 0.7426
vn 0.7109 0.3782 -0.5929
vn 0.3349 0.8386 -0.4297
vn 0.5237 0.7969 -0.3012
vn -0.2781 0.2167 0.9358
vn 0.3250 -0.1430 0.9349
vn 0.1973 0.2262 0.9539
vn -0.4245 0.7970 0.4296
vn 0.7297 0.4286 0.5328
vn 0.4284 0.5902 0.6843
vn 0.7769 0.0694 -0.6257
vn 0.7081 0.0673 -0.7029
vn 0.0439 0.3067 0.9508
vn -0.4359 0.3279 0.8381
vn 0.6331 -0.2920 0.7169
vn -0.8042 0.4712 0.3624
vn -0.7097 0.5208 0.4744
vn 0.5231 0.4868 -0.6996
vn 0.7613 0.5774 -0.2950
vn 0.5341 0.3764 -0.7570
vn -0.0239 0.4557 -0.8898
vn 0.2578 0.4947 0.8299
vn -0.0428 0.8065 0.5897
vn -0.5555 0.5864 -0.5896
vn 0.1636 0.1232 -0.9788
vn -0.1210 0.9901 0.0717
vn 0.0052 -0.4708 0.8822
vn 0.1360 -0.2896 -0.9474
vn -0.5342 0.6391 -0.5534
vn -0.1881 0.1851 -0.9645
vn -0.4186 0.7309 -0.5391
vn -0.3854 0.7585 -0.5255
vn -0.4931 0.7002 -0.5163
vn 0.6847 0.1834 0.7053
vn 0.6254 0.4345 0.6482
vn -0.2890 0.2055 0.9350
vn -0.2798 0.2637 0.9231
vn -0.4254 0.3142 0.8487
vn -0.7394 0.3693 0.5630
vn -0.7242 0.4245 0.5434
vn 0.6057 0.1956 0.7713
vn -0.9081 0.1128 0.4032
vn -0.8050 -0.3996 0.4384
vn 0.7452 0.4086 0.5270
vn 0.9284 0.3232 0.1833
vn -0.2425 0.1366 -0.9605
vn -0.5319 0.2391 -0.8124
vn -0.2881 0.3228 -0.9016
vn -0.4033 0.3511 -0.8450
vn -0.3972 0.2651 -0.8786
vn -0.5676 0.3271 -0.7555
vn -0.3797 0.6174 -0.6890
vn -0.5584 0.4303 -0.7092
vn -0.4033 0.3286 -0.8540
vn 0.1398 0.2938 -0.9456
vn -0.6186 0.1812 -0.7645
vn -0.3814 0.5402 -0.7501
vn 0.2515 0.7183 -0.6487
vn -0.8527 0.3379 0.3984
vn -0.1141 0.3723 -0.9211
vn -0.7759 0.5200 0.3572
vn -0.8003 0.1650 0.5764
vn -0.7445 0.2100 0.6337
vn -0.5883 0.4619 0.6638
vn 0.6453 0.2628 0.7173
vn 0.6814 -0.3140 0.6612
vn -0.5301 0.4530 0.7168
vn -0.2382 0.7907 0.5639
vn -0.2585 0.6544 0.7106
vn 0.0093 0.4190 0.9079
vn -0.8402 0.1382 0.5243
vn -0.7824 0.2308 0.5785
vn -0.8354 0.1872 0.5168
vn 0.7969 0.5288 0.2920
vn -0.6280 0.4534 0.6325
vn 0.5008 0.6523 0.5689
vn 0.5306 0.6489 0.5453
vn 0.5764 0.1825 0.7965
vn -0.9181 0.0577 0.3920
vn 0.5589 0.0602 -0.8271
vn 0.6469 0.6858 -0.3335
vn -0.8681 0.2807 0.4094
vn -0.7846 0.2973 0.5441
vn -0.6937 0.3224 0.6441
vn -0.5508 0.4287 0.7161
vn -0.7136 0.3081 0.6292
vn -0.6409 0.3890 0.6618
vn 0.6737 -0.3907 0.6273
vn -0.7966 0.0645 0.6010
vn -0.7940 0.1962 0.5754
vn 0.5705 0.3867 0.7246
vn 0.5237 0.4663 0.7130
vn 0.2054 0.5220 0.8279
vn -0.9029 0.0127 0.4296
vn -0.8912 0.2808 -0.3563
vn -0.9145 0.2092 0.3464
vn -0.8999 -0.3501 0.2599
vn -0.3562 0.6071 -0.7103
vn -0.4167 0.6011 -0.6820
vn -0.2567 0.3237 -0.9107
vn -0.3043 0.4778 -0.8241
vn -0.5121 0.5479 -0.6615
vn -0.3399 0.6068 -0.7185
vn 0.6285 0.4380 0.6427
vn -0.0130 0.1467 0.9891
vn -0.2485 0.2223 -0.9428
vn -0.1571 0.2452 -0.9567
vn -0.2664 0.2802 -0.9223
vn -0.2322 0.3100 -0.9220
vn -0.0885 0.2197 -0.9715
vn -0.2499 0.3448 -0.9048
vn -0.2835 0.2415 -0.9281
vn -0.3286 0.2457 -0.9120
vn -0.9202 0.1868 -0.3441
vn -0.7306 0.2766 -0.6242
vn -0.6632 -0.6056 -0.4398
vn 0.4515 0.6448 0.6168
vn 0.6136 -0.7796 -0.1255
vn 0.9184 -0.2396 -0.3148
vn 0.8127 -0.5674 -0.1323
vn -0.3042 0.9494 0.0783
vn 0.0746 0.5427 -0.8366
vn -0.1653 0.2742 -0.9474
vn -0.1678 0.4144 -0.8945
vn -0.1563 0.2659 -0.9512
vn -0.3041 0.8029 -0.5127
vn -0.4121 0.7793 -0.4721
vn -0.3565 0.7696 -0.5298
vn -0.5817 0.5294 -0.6175
vn 0.9538 0.1293 0.2710
vn 0.8324 0.1679 0.5281
vn 0.4725 -0.1251 -0.8724
vn 0.5129 -0.0954 -0.8531
vn 0.4013 -0.0905 -0.9115
vn 0.4992 -0.0752 -0.8632
vn 0.4848 -0.0921 -0.8698
vn 0.9440 -0.0137 0.3297
vn 0.6882 0.1286 0.7140
vn 0.6910 0.0816 0.7182
vn 0.5154 0.1995 0.8334
vn 0.5982 0.1283 0.7910
vn 0.6993 0.0590 0.7124
vn -0.7877 0.3219 0.5253
vn 0.5136 0.1645 0.8421
vn -0.6646 0.6553 0.3589
vt 0.866259 0.593144
vt 0.846886 0.600082
vt 0.849266 0.591390
vt 0.752903 0.960582
vt 0.752903 0.976543
vt 0.750678 0.968848
vt 0.640568 0.830370
vt 0.642473 0.839562
vt 0.637321 0.836727
vt 0.612784 0.831551
vt 0.617340 0.831049
vt 0.614306 0.835874
vt 0.561577 0.836478
vt 0.548527 0.839933
vt 0.562187 0.828254
vt 0.928217 0.950280
vt 0.938473 0.946909
vt 0.934028 0.954839
vt 0.975210 0.931499
vt 0.982023 0.936884
vt 0.981058 0.947467
vt 0.899490 0.974013
vt 0.904219 0.973104
vt 0.913849 0.979835
vt 0.546985 0.821448
vt 0.549139 0.811634
vt 0.556228 0.820570
vt 0.975673 0.829365
vt 0.978433 0.823647
vt 0.981843 0.839082
vt 0.908942 0.817028
vt 0.910245 0.826975
vt 0.905122 0.827844
vt 0.852461 0.983528
vt 0.852461 0.996666
vt 0.848171 0.988901
vt 0.584011 0.979303
vt 0.584011 0.991883
vt 0.578963 0.985693
vt 0.740411 0.582785
vt 0.749655 0.593934
vt 0.739093 0.595701
vt 0.846654 0.639406
vt 0.846580 0.645043
vt 0.840296 0.647532
vt 0.862362 0.626766
vt 0.859100 0.622094
vt 0.867841 0.624166
vt 0.802880 0.819143
vt 0.803222 0.847824
vt 0.787280 0.848405
vt 0.663189 0.974831
vt 0.666961 0.959596
vt 0.666961 0.987066
vt 0.795197 0.688016
vt 0.819961 0.675269
vt 0.818379 0.690694
vt 0.886351 0.810998
vt 0.891629 0.815461
vt 0.881013 0.814903
vt 0.919026 0.560178
vt 0.921538 0.566282
vt 0.916146 0.575537
vt 0.723501 0.995193
vt 0.720318 0.992435
vt 0.723501 0.987979
vt 0.730301 0.768388
vt 0.756727 0.770932
vt 0.757595 0.784172
vt 0.510076 0.816844
vt 0.532445 0.808125
vt 0.528601 0.820523
vt 0.953046 0.805737
vt 0.960925 0.805206
vt 0.959325 0.811779
vt 0.969921 0.702043
vt 0.969921 0.707889
vt 0.965459 0.705449
vt 0.690210 0.518604
vt 0.698484 0.526690
vt 0.687848 0.523212
vt 0.947696 0.960290
vt 0.711952 0.916143
vt 0.712806 0.922839
vt 0.706818 0.913977
vt 0.666850 0.893809
vt 0.662908 0.896075
vt 0.667846 0.885959
vt 0.946356 0.857121
vt 0.946061 0.865671
vt 0.937790 0.855566
vt 0.890669 0.795332
vt 0.897410 0.815890
vt 0.729106 0.672457
vt 0.730500 0.666698
vt 0.741972 0.675284
vt 0.811828 0.788721
vt 0.826310 0.781174
vt 0.837470 0.796871
vt 0.885033 0.799462
vt 0.882353 0.794150
vt 0.765219 0.765483
vt 0.786706 0.773579
vt 0.569340 0.987259
vt 0.573170 0.979303
vt 0.573170 0.995536
vt 0.635870 0.703300
vt 0.633652 0.719396
vt 0.614859 0.693625
vt 0.877558 0.950740
vt 0.872463 0.936545
vt 0.891613 0.933282
vt 0.909954 0.985627
vt 0.909954 0.993807
vt 0.904752 0.988581
vt 0.781693 0.985811
vt 0.776357 0.981906
vt 0.778400 0.968450
vt 0.529858 0.896803
vt 0.529853 0.892887
vt 0.533308 0.895821
vt 0.705251 0.921276
vt 0.868003 0.605096
vt 0.859799 0.602518
vt 0.820211 0.903854
vt 0.808121 0.901814
vt 0.819998 0.897441
vt 0.528182 0.839150
vt 0.544309 0.825389
vt 0.709490 0.887416
vt 0.692849 0.901409
vt 0.696409 0.893462
vt 0.804736 0.639347
vt 0.812934 0.639042
vt 0.806919 0.646180
vt 0.991178 0.569682
vt 0.991178 0.589830
vt 0.987633 0.580105
vt 0.844535 0.681929
vt 0.845504 0.673590
vt 0.856146 0.676214
vt 0.595818 0.905013
vt 0.605558 0.908938
vt 0.606714 0.925695
vt 0.732197 0.613100
vt 0.730792 0.600527
vt 0.742077 0.637498
vt 0.727147 0.645825
vt 0.729548 0.626864
vt 0.676173 0.772258
vt 0.666314 0.773746
vt 0.674485 0.763159
vt 0.666177 0.925534
vt 0.667846 0.938924
vt 0.659778 0.928167
vt 0.590025 0.939208
vt 0.581178 0.934190
vt 0.588244 0.928766
vt 0.950121 0.899472
vt 0.945365 0.888092
vt 0.949638 0.890946
vt 0.894563 0.688561
vt 0.883614 0.660698
vt 0.898427 0.663676
vt 0.951691 0.882523
vt 0.769040 0.810528
vt 0.775131 0.819148
vt 0.968625 0.651953
vt 0.964349 0.640272
vt 0.968166 0.641950
vt 0.760701 0.810313
vt 0.762549 0.797122
vt 0.776653 0.614613
vt 0.766664 0.618321
vt 0.785671 0.593081
vt 0.621188 0.980266
vt 0.615210 0.982826
vt 0.612784 0.977019
vt 0.799169 0.896872
vt 0.803634 0.882262
vt 0.720403 0.640995
vt 0.723561 0.629912
vt 0.798768 0.631718
vt 0.814474 0.629919
vt 0.809549 0.636384
vt 0.739529 0.915754
vt 0.738753 0.931543
vt 0.732636 0.920709
vt 0.989632 0.729178
vt 0.985398 0.732187
vt 0.985344 0.724367
vt 0.875135 0.797462
vt 0.577716 0.848913
vt 0.579831 0.845514
vt 0.585548 0.858078
vt 0.569496 0.915053
vt 0.586121 0.912591
vt 0.859515 0.916891
vt 0.867700 0.914503
vt 0.868292 0.931939
vt 0.842379 0.952714
vt 0.833659 0.965193
vt 0.826003 0.950444
vt 0.805097 0.865859
vt 0.819204 0.866822
vt 0.812405 0.873046
vt 0.545733 0.645199
vt 0.532339 0.655256
vt 0.536618 0.643952
vt 0.680954 0.767608
vt 0.782720 0.747307
vt 0.784858 0.731219
vt 0.790054 0.746569
vt 0.674351 0.684430
vt 0.663947 0.693437
vt 0.667748 0.688435
vt 0.961354 0.632702
vt 0.965107 0.616538
vt 0.968625 0.629114
vt 0.650928 0.708859
vt 0.637458 0.710279
vt 0.959667 0.702043
vt 0.959667 0.708024
vt 0.954885 0.702384
vt 0.866110 0.583035
vt 0.877822 0.553112
vt 0.874312 0.591028
vt 0.578570 0.822477
vt 0.575247 0.829962
vt 0.623603 0.956562
vt 0.621712 0.944727
vt 0.627017 0.931668
vt 0.688151 0.906980
vt 0.707054 0.903512
vt 0.881855 0.785367
vt 0.875949 0.784487
vt 0.879363 0.833582
vt 0.893989 0.842849
vt 0.870425 0.840938
vt 0.632072 0.818636
vt 0.616172 0.803153
vt 0.638325 0.799122
vt 0.604309 0.675185
vt 0.595836 0.679203
vt 0.621758 0.646539
vt 0.881212 0.713929
vt 0.881739 0.730573
vt 0.873728 0.723763
vt 0.787680 0.969594
vt 0.794756 0.957273
vt 0.807366 0.968925
vt 0.926273 0.817927
vt 0.919518 0.824699
vt 0.912906 0.822161
vt 0.720318 0.769302
vt 0.727633 0.781119
vt 0.612815 0.533648
vt 0.605491 0.544615
vt 0.591979 0.540156
vt 0.992585 0.855566
vt 0.992585 0.872503
vt 0.988991 0.863041
vt 0.884016 0.722171
vt 0.892901 0.720748
vt 0.583624 0.945991
vt 0.625534 0.675297
vt 0.630815 0.677361
vt 0.624050 0.678373
vt 0.575943 0.844633
vt 0.750172 0.905632
vt 0.735271 0.908479
vt 0.749179 0.885049
vt 0.730748 0.878354
vt 0.730470 0.889633
vt 0.725724 0.879556
vt 0.648402 0.813853
vt 0.650364 0.800098
vt 0.655759 0.793338
vt 0.901756 0.953596
vt 0.901465 0.965024
vt 0.894817 0.942399
vt 0.900716 0.540512
vt 0.891432 0.542958
vt 0.883614 0.535414
vt 0.961996 0.980825
vt 0.961996 0.993684
vt 0.957483 0.988396
vt 0.920595 0.601543
vt 0.923491 0.585720
vt 0.934178 0.605453
vt 0.895316 0.605118
vt 0.901707 0.588800
vt 0.904775 0.604389
vt 0.807366 0.950518
vt 0.803533 0.943659
vt 0.729303 0.801632
vt 0.552743 0.891487
vt 0.563547 0.894800
vt 0.555977 0.903093
vt 0.643718 0.990249
vt 0.647699 0.985039
vt 0.647699 0.996369
vt 0.910307 0.577873
vt 0.907459 0.557516
vt 0.792031 0.597471
vt 0.782424 0.612216
vt 0.744221 0.942053
vt 0.750506 0.937227
vt 0.752970 0.954790
vt 0.589817 0.822748
vt 0.582859 0.813258
vt 0.913849 0.855566
vt 0.907621 0.865578
vt 0.903489 0.861324
vt 0.728014 0.650171
vt 0.575787 0.946811
vt 0.820211 0.859531
vt 0.859168 0.831926
vt 0.923969 0.550653
vt 0.925724 0.544467
vt 0.933972 0.547882
vt 0.795866 0.772021
vt 0.808682 0.765751
vt 0.839834 0.503018
vt 0.867175 0.527432
vt 0.833772 0.517495
vt 0.858546 0.533957
vt 0.877535 0.531900
vt 0.648140 0.959596
vt 0.657397 0.979246
vt 0.643718 0.979246
vt 0.830228 0.504864
vt 0.979813 0.996930
vt 0.975630 0.992883
vt 0.979813 0.987894
vt 0.694119 0.994610
vt 0.687949 0.991151
vt 0.694119 0.987783
vt 0.686119 0.713096
vt 0.713752 0.696817
vt 0.714071 0.712025
vt 0.959357 0.828846
vt 0.969878 0.817572
vt 0.969880 0.841593
vt 0.949951 0.841593
vt 0.987632 0.752692
vt 0.987632 0.784929
vt 0.985205 0.770480
vt 0.503018 0.824347
vt 0.519051 0.840053
vt 0.506716 0.842173
vt 0.773870 0.881390
vt 0.766412 0.871959
vt 0.781887 0.858702
vt 0.510497 0.857929
vt 0.969418 0.926227
vt 0.967541 0.947916
vt 0.961784 0.934755
vt 0.961989 0.745751
vt 0.962509 0.757924
vt 0.953566 0.747149
vt 0.949951 0.736199
vt 0.952114 0.723437
vt 0.962509 0.731560
vt 0.961407 0.719803
vt 0.908186 0.592741
vt 0.914858 0.583198
vt 0.949508 0.969845
vt 0.949508 0.990371
vt 0.944686 0.973891
vt 0.958793 0.713883
vt 0.941495 0.907753
vt 0.940008 0.916515
vt 0.937029 0.911529
vt 0.513191 0.896449
vt 0.509831 0.912617
vt 0.503018 0.903784
vt 0.836578 0.757972
vt 0.841131 0.762298
vt 0.831785 0.767292
vt 0.621418 0.792770
vt 0.621696 0.783599
vt 0.630332 0.787825
vt 0.636043 0.787823
vt 0.616694 0.795663
vt 0.505582 0.981768
vt 0.503018 0.987117
vt 0.506274 0.974248
vt 0.645598 0.783723
vt 0.655831 0.776852
vt 0.552820 0.827975
vt 0.625576 0.841132
vt 0.650796 0.856600
vt 0.814440 0.852910
vt 0.816591 0.842504
vt 0.836713 0.834517
vt 0.841762 0.850166
vt 0.964837 0.952087
vt 0.969418 0.956839
vt 0.996198 0.784074
vt 0.993424 0.774949
vt 0.996198 0.771335
vt 0.693388 0.946584
vt 0.698052 0.955951
vt 0.674407 0.955951
vt 0.547296 0.964004
vt 0.537082 0.948151
vt 0.547296 0.940542
vt 0.673639 0.947888
vt 0.530350 0.939307
vt 0.529096 0.955696
vt 0.873779 0.641442
vt 0.851536 0.646724
vt 0.839347 0.632995
vt 0.830447 0.648289
vt 0.855116 0.665131
vt 0.820538 0.647753
vt 0.820112 0.628245
vt 0.814656 0.621234
vt 0.828406 0.612256
vt 0.840006 0.621695
vt 0.844297 0.628636
vt 0.812433 0.610832
vt 0.794982 0.617908
vt 0.807428 0.604449
vt 0.818913 0.603667
vt 0.845977 0.615234
vt 0.981843 0.817572
vt 0.831566 0.693811
vt 0.853668 0.603158
vt 0.793841 0.990640
vt 0.787680 0.986486
vt 0.793841 0.975387
vt 0.748488 0.608752
vt 0.988188 0.646742
vt 0.993051 0.639675
vt 0.993051 0.653450
vt 0.975075 0.674191
vt 0.978626 0.673389
vt 0.978704 0.693116
vt 0.849433 0.746668
vt 0.853376 0.765033
vt 0.843654 0.753999
vt 0.846109 0.767570
vt 0.871167 0.785432
vt 0.889038 0.759400
vt 0.893643 0.760857
vt 0.710870 0.825730
vt 0.704232 0.793651
vt 0.710870 0.792028
vt 0.727221 0.587811
vt 0.723848 0.594278
vt 0.558751 0.754232
vt 0.566944 0.766884
vt 0.554641 0.762268
vt 0.570491 0.774850
vt 0.566394 0.790695
vt 0.576293 0.786163
vt 0.544859 0.773057
vt 0.582414 0.798490
vt 0.572734 0.806900
vt 0.593795 0.858544
vt 0.898959 0.995611
vt 0.894986 0.991360
vt 0.898959 0.985627
vt 0.953293 0.621226
vt 0.952670 0.637078
vt 0.936600 0.629582
vt 0.955561 0.654906
vt 0.934182 0.642099
vt 0.952180 0.608261
vt 0.752591 0.585162
vt 0.752080 0.603638
vt 0.852192 0.689052
vt 0.860159 0.685108
vt 0.691093 0.539896
vt 0.676365 0.526332
vt 0.671932 0.510080
vt 0.882984 0.849774
vt 0.930557 0.678997
vt 0.944189 0.684224
vt 0.949093 0.700212
vt 0.905579 0.837363
vt 0.951141 0.791118
vt 0.951222 0.771647
vt 0.959458 0.782691
vt 0.959855 0.791675
vt 0.949951 0.796050
vt 0.578664 0.901848
vt 0.569340 0.897202
vt 0.706652 0.975224
vt 0.714305 0.980871
vt 0.712984 0.987096
vt 0.649362 0.770522
vt 0.663681 0.767046
vt 0.633043 0.773450
vt 0.889066 0.867524
vt 0.882554 0.871499
vt 0.888285 0.883357
vt 0.875604 0.876501
vt 0.878231 0.883838
vt 0.899650 0.884927
vt 0.885504 0.899620
vt 0.879702 0.868033
vt 0.889193 0.985627
vt 0.889193 0.993426
vt 0.883301 0.986138
vt 0.798978 0.784656
vt 0.808784 0.799452
vt 0.818445 0.829643
vt 0.659898 0.866066
vt 0.671298 0.866457
vt 0.675136 0.871322
vt 0.582668 0.861127
vt 0.571433 0.879644
vt 0.841080 0.944651
vt 0.841685 0.932722
vt 0.849031 0.921930
vt 0.896639 0.882979
vt 0.990337 0.811636
vt 0.985510 0.796708
vt 0.990337 0.790721
vt 0.727037 0.905353
vt 0.720318 0.901717
vt 0.836657 0.596624
vt 0.595283 0.572067
vt 0.597391 0.566414
vt 0.607762 0.578151
vt 0.810638 0.917317
vt 0.976955 0.739822
vt 0.968301 0.748267
vt 0.972247 0.742912
vt 0.503855 0.820838
vt 0.893993 0.819196
vt 0.913543 0.836266
vt 0.652135 0.690961
vt 0.607210 0.656479
vt 0.564436 0.679450
vt 0.566690 0.648075
vt 0.559117 0.665908
vt 0.557345 0.687710
vt 0.596270 0.705814
vt 0.601083 0.711434
vt 0.922759 0.663668
vt 0.921080 0.671854
vt 0.914497 0.662770
vt 0.966470 0.683091
vt 0.960008 0.684642
vt 0.954885 0.677239
vt 0.918872 0.683314
vt 0.922759 0.691734
vt 0.911075 0.698282
vt 0.910082 0.674012
vt 0.844104 0.877309
vt 0.832763 0.887730
vt 0.834120 0.871993
vt 0.956784 0.660698
vt 0.969282 0.662243
vt 0.849031 0.873698
vt 0.844509 0.858702
vt 0.983198 0.855566
vt 0.983198 0.881696
vt 0.978926 0.880137
vt 0.979359 0.547120
vt 0.986666 0.536242
vt 0.986666 0.554936
vt 0.656498 0.994556
vt 0.653491 0.989906
vt 0.656498 0.985039
vt 0.581352 0.616289
vt 0.606294 0.591151
vt 0.601693 0.618595
vt 0.601613 0.645790
vt 0.579549 0.596515
vt 0.561278 0.622021
vt 0.535861 0.610357
vt 0.531970 0.576862
vt 0.576400 0.581349
vt 0.554060 0.558620
vt 0.599030 0.838736
vt 0.600279 0.846647
vt 0.604934 0.858694
vt 0.606992 0.839239
vt 0.659099 0.911675
vt 0.654516 0.935812
vt 0.659781 0.922068
vt 0.951691 0.954551
vt 0.949598 0.943105
vt 0.916692 0.815705
vt 0.599911 0.982953
vt 0.599911 0.995435
vt 0.595246 0.988362
vt 0.905319 0.810233
vt 0.920486 0.805078
vt 0.904099 0.802545
vt 0.963877 0.503599
vt 0.974711 0.503018
vt 0.961354 0.522917
vt 0.635323 0.981640
vt 0.626980 0.968570
vt 0.635323 0.962355
vt 0.736922 0.858702
vt 0.974711 0.530450
vt 0.750545 0.867983
vt 0.752970 0.890713
vt 0.833282 0.572903
vt 0.850597 0.572632
vt 0.844204 0.586595
vt 0.833333 0.590746
vt 0.843554 0.590470
vt 0.560640 0.912146
vt 0.942055 0.964053
vt 0.978704 0.660698
vt 0.849711 0.735336
vt 0.834508 0.723502
vt 0.853376 0.719108
vt 0.976955 0.754059
vt 0.969717 0.756303
vt 0.982288 0.610445
vt 0.973476 0.610445
vt 0.973672 0.600832
vt 0.819863 0.748932
vt 0.817634 0.724121
vt 0.811438 0.732458
vt 0.973476 0.584204
vt 0.981840 0.569682
vt 0.981840 0.595039
vt 0.832700 0.713883
vt 0.823815 0.768891
vt 0.801401 0.764438
vt 0.782730 0.766639
vt 0.773217 0.732359
vt 0.763801 0.748751
vt 0.838908 0.864864
vt 0.759792 0.882481
vt 0.769478 0.899967
vt 0.767662 0.924028
vt 0.758762 0.914288
vt 0.930547 0.910265
vt 0.919642 0.908663
vt 0.926835 0.904812
vt 0.934844 0.934920
vt 0.925668 0.942859
vt 0.987505 0.738834
vt 0.929428 0.923095
vt 0.898288 0.803802
vt 0.534025 0.787120
vt 0.549452 0.805884
vt 0.969940 0.763716
vt 0.975923 0.763763
vt 0.967905 0.774328
vt 0.979413 0.784929
vt 0.568931 0.818240
vt 0.966717 0.784929
vt 0.954306 0.515089
vt 0.953946 0.530449
vt 0.943804 0.526861
vt 0.936989 0.525022
vt 0.955561 0.503018
vt 0.842379 0.973484
vt 0.634268 0.829490
vt 0.642709 0.806754
vt 0.616894 0.817750
vt 0.623084 0.883533
vt 0.621742 0.909469
vt 0.618392 0.898693
vt 0.899562 0.792087
vt 0.510872 0.787620
vt 0.522480 0.782324
vt 0.888199 0.558386
vt 0.917009 0.544761
vt 0.913215 0.542001
vt 0.765431 0.992869
vt 0.758762 0.986014
vt 0.765431 0.984150
vt 0.944158 0.849774
vt 0.933764 0.846784
vt 0.942669 0.844116
vt 0.937242 0.838817
vt 0.889073 0.804809
vt 0.866693 0.542787
vt 0.866007 0.555674
vt 0.848633 0.554615
vt 0.690550 0.825717
vt 0.667671 0.836373
vt 0.650783 0.838870
vt 0.661827 0.839281
vt 0.691064 0.801570
vt 0.621188 0.962354
vt 0.840554 0.786948
vt 0.840685 0.775973
vt 0.819554 0.821796
vt 0.662747 0.531046
vt 0.674752 0.541160
vt 0.679061 0.548763
vt 0.652772 0.527197
vt 0.801773 0.915824
vt 0.793466 0.614021
vt 0.931092 0.899913
vt 0.892145 0.968189
vt 0.672381 0.531817
vt 0.662689 0.503018
vt 0.971731 0.716361
vt 0.978630 0.713883
vt 0.968301 0.734029
vt 0.973567 0.563890
vt 0.961354 0.544595
vt 0.973567 0.536845
vt 0.562403 0.963787
vt 0.553088 0.961796
vt 0.562403 0.939307
vt 0.987541 0.503018
vt 0.987541 0.522225
vt 0.980504 0.512113
vt 0.877508 0.985627
vt 0.877508 0.993606
vt 0.871469 0.992955
vt 0.714526 0.533454
vt 0.714200 0.560042
vt 0.708021 0.535882
vt 0.698261 0.565875
vt 0.699583 0.570191
vt 0.712411 0.577176
vt 0.987635 0.826647
vt 0.993123 0.817572
vt 0.993123 0.833060
vt 0.979552 0.734029
vt 0.964943 0.536242
vt 0.667020 0.532393
vt 0.904812 0.760912
vt 0.902827 0.771687
vt 0.889458 0.747702
vt 0.902085 0.748107
vt 0.752686 0.919919
vt 0.939614 0.867307
vt 0.947996 0.876561
vt 0.936178 0.876560
vt 0.939724 0.881581
vt 0.938216 0.885373
vt 0.606992 0.869517
vt 0.982395 0.616538
vt 0.982395 0.640929
vt 0.974418 0.636860
vt 0.775483 0.621184
vt 0.781693 0.965401
vt 0.529096 0.903436
vt 0.988188 0.620985
vt 0.992487 0.616538
vt 0.992487 0.633883
vt 0.932737 0.571690
vt 0.687139 0.914059
vt 0.556995 0.910443
vt 0.542915 0.919906
vt 0.541187 0.901900
vt 0.625560 0.780091
vt 0.626296 0.772500
vt 0.919642 0.972600
vt 0.925613 0.969845
vt 0.925613 0.989655
vt 0.981591 0.912875
vt 0.975919 0.905070
vt 0.981591 0.890490
vt 0.864914 0.891266
vt 0.804160 0.858702
vt 0.795463 0.941703
vt 0.991696 0.909082
vt 0.987384 0.900505
vt 0.991696 0.890490
vt 0.698440 0.852730
vt 0.606714 0.885436
vt 0.606714 0.977161
vt 0.595246 0.969703
vt 0.606714 0.953840
vt 0.982828 0.962631
vt 0.982828 0.982102
vt 0.975630 0.969894
vt 0.706652 0.953205
vt 0.714277 0.928631
vt 0.714277 0.963359
vt 0.533122 0.852878
vt 0.556170 0.853532
vt 0.521633 0.872186
vt 0.555467 0.874273
vt 0.598007 0.948048
vt 0.575294 0.547155
vt 0.574508 0.567884
vt 0.613642 0.543629
vt 0.630024 0.583925
vt 0.623446 0.567989
vt 0.647866 0.568274
vt 0.643292 0.552904
vt 0.665481 0.569312
vt 0.633501 0.538126
vt 0.629744 0.521674
vt 0.632452 0.516367
vt 0.609865 0.514727
vt 0.614412 0.525634
vt 0.599858 0.530129
vt 0.594292 0.503947
vt 0.848171 0.950602
vt 0.853270 0.950444
vt 0.853270 0.977735
vt 0.564631 0.527570
vt 0.590308 0.505526
vt 0.873897 0.595542
vt 0.874227 0.627663
vt 0.873247 0.634473
vt 0.969282 0.686493
vt 0.959823 0.696251
vt 0.625203 0.602911
vt 0.817394 0.548825
vt 0.829337 0.530228
vt 0.827663 0.556282
vt 0.918735 0.591634
vt 0.987815 0.937444
vt 0.992013 0.936549
vt 0.992013 0.944266
vt 0.781887 0.933969
vt 0.777935 0.919766
vt 0.533883 0.967457
vt 0.725832 0.610409
vt 0.723144 0.602723
vt 0.755727 0.650334
vt 0.738527 0.654961
vt 0.749771 0.627242
vt 0.874581 0.757485
vt 0.861614 0.741017
vt 0.865128 0.728567
vt 0.939443 0.830584
vt 0.929586 0.829938
vt 0.817638 0.918043
vt 0.812556 0.924421
vt 0.643909 0.800682
vt 0.771803 0.629374
vt 0.762915 0.617076
vt 0.720318 0.590248
vt 0.654871 0.953804
vt 0.665814 0.949167
vt 0.682156 0.961744
vt 0.675481 0.975045
vt 0.673639 0.965122
vt 0.778073 0.684623
vt 0.754306 0.679387
vt 0.768041 0.678109
vt 0.913244 0.706281
vt 0.896627 0.707392
vt 0.943038 0.820076
vt 0.886599 0.704985
vt 0.907155 0.614164
vt 0.544215 0.982658
vt 0.546989 0.973249
vt 0.546989 0.989027
vt 0.834822 0.922624
vt 0.839008 0.915830
vt 0.845204 0.901478
vt 0.834903 0.901293
vt 0.845546 0.890184
vt 0.787680 0.881838
vt 0.818426 0.889155
vt 0.707441 0.782526
vt 0.951315 0.542971
vt 0.940464 0.541427
vt 0.857930 0.652105
vt 0.533859 0.767884
vt 0.691635 0.981991
vt 0.687949 0.975125
vt 0.697211 0.968557
vt 0.697211 0.981132
vt 0.666073 0.805428
vt 0.693990 0.783210
vt 0.651744 0.832376
vt 0.806509 0.554220
vt 0.813679 0.585839
vt 0.799751 0.578640
vt 0.781577 0.555525
vt 0.780046 0.583930
vt 0.774175 0.565163
vt 0.758302 0.580138
vt 0.558747 0.990556
vt 0.553088 0.985904
vt 0.558747 0.969579
vt 0.739633 0.618219
vt 0.758399 0.618920
vt 0.742525 0.612706
vt 0.764427 0.607758
vt 0.756432 0.628127
vt 0.806340 0.985758
vt 0.799634 0.979590
vt 0.806340 0.975387
vt 0.919665 0.844222
vt 0.926089 0.837733
vt 0.745582 0.662593
vt 0.760781 0.636555
vt 0.984496 0.673031
vt 0.989282 0.674170
vt 0.984524 0.684881
vt 0.898465 0.563609
vt 0.714300 0.776734
vt 0.704877 0.773281
vt 0.711610 0.766188
vt 0.712859 0.752491
vt 0.710292 0.744967
vt 0.989282 0.660698
vt 0.854041 0.699486
vt 0.875343 0.658464
vt 0.868458 0.648687
vt 0.865705 0.702912
vt 0.673125 0.591244
vt 0.695555 0.597987
vt 0.674192 0.610294
vt 0.665679 0.577754
vt 0.690474 0.584391
vt 0.699281 0.617266
vt 0.676628 0.934410
vt 0.700859 0.928631
vt 0.989632 0.713883
vt 0.908290 0.713883
vt 0.916597 0.717644
vt 0.903072 0.718215
vt 0.910474 0.734209
vt 0.682156 0.972995
vt 0.680407 0.983548
vt 0.860959 0.820460
vt 0.862598 0.804503
vt 0.644956 0.890658
vt 0.650531 0.908916
vt 0.643718 0.908407
vt 0.988471 0.926227
vt 0.763864 0.959609
vt 0.778865 0.947658
vt 0.802822 0.929388
vt 0.508928 0.613512
vt 0.503018 0.598960
vt 0.509620 0.567576
vt 0.533422 0.636159
vt 0.988621 0.989686
vt 0.992600 0.985051
vt 0.992600 0.996241
vt 0.996982 0.765543
vt 0.993424 0.760100
vt 0.996982 0.752692
vt 0.577974 0.886143
vt 0.580567 0.894712
vt 0.590025 0.889498
vt 0.727252 0.620430
vt 0.519103 0.885436
vt 0.523304 0.898644
vt 0.517614 0.915916
vt 0.512469 0.922969
vt 0.691842 0.961744
vt 0.637679 0.927615
vt 0.637926 0.946152
vt 0.820211 0.974962
vt 0.820211 0.989829
vt 0.813169 0.980496
vt 0.684108 0.749338
vt 0.517676 0.979532
vt 0.517941 0.974248
vt 0.522780 0.975567
vt 0.522780 0.985722
vt 0.519517 0.990565
vt 0.518623 0.986602
vt 0.558862 0.886397
vt 0.970127 0.913685
vt 0.961538 0.920434
vt 0.957483 0.903258
vt 0.970127 0.890490
vt 0.667003 0.676695
vt 0.658355 0.646314
vt 0.646907 0.685279
vt 0.643605 0.669706
vt 0.635305 0.682148
vt 0.685076 0.693470
vt 0.713294 0.682219
vt 0.712953 0.670735
vt 0.692183 0.730417
vt 0.664972 0.728883
vt 0.654749 0.724189
vt 0.758762 0.978357
vt 0.768778 0.965401
vt 0.770565 0.978357
vt 0.967683 0.569682
vt 0.967683 0.603550
vt 0.961354 0.579065
vt 0.963247 0.610746
vt 0.852965 0.842647
vt 0.647760 0.877115
vt 0.650720 0.879882
vt 0.730005 0.982187
vt 0.720318 0.964146
vt 0.730005 0.960582
vt 0.957483 0.943647
vt 0.627360 0.891974
vt 0.612784 0.928557
vt 0.973134 0.874868
vt 0.959292 0.884698
vt 0.957483 0.865678
vt 0.633291 0.923708
vt 0.973134 0.855566
vt 0.637926 0.883148
vt 0.635804 0.905889
vt 0.509489 0.934042
vt 0.516054 0.931135
vt 0.523304 0.959491
vt 0.520486 0.968456
vt 0.877773 0.685582
vt 0.535155 0.669207
vt 0.552957 0.931478
vt 0.991296 0.838852
vt 0.991296 0.849736
vt 0.987635 0.845355
vt 0.698440 0.756279
vt 0.697697 0.736209
vt 0.859168 0.905164
vt 0.876639 0.917392
vt 0.886797 0.908222
vt 0.878742 0.923577
vt 0.704232 0.851415
vt 0.714446 0.831523
vt 0.714446 0.860971
vt 0.982023 0.926227
vt 0.875295 0.648495
vt 0.727500 0.659543
vt 0.626980 0.994717
vt 0.631691 0.987433
vt 0.632815 0.994717
vt 0.935780 0.537749
vt 0.789221 0.905923
vt 0.511883 0.987117
vt 0.705765 0.877134
vt 0.712806 0.877115
vt 0.637869 0.676100
vt 0.633112 0.608012
vt 0.710037 0.634300
vt 0.712569 0.643792
vt 0.828214 0.929018
vt 0.993004 0.610445
vt 0.988081 0.607960
vt 0.993004 0.596114
vt 0.711398 0.599423
vt 0.711868 0.624155
vt 0.710499 0.614440
vt 0.629507 0.877115
vt 0.704232 0.747777
vt 0.642462 0.534581
vt 0.820211 0.969169
vt 0.816688 0.961473
vt 0.820211 0.935181
vt 0.960925 0.763716
vt 0.563547 0.933515
vt 0.680032 0.918383
vt 0.673638 0.914398
vt 0.826003 0.915195
vt 0.827906 0.906188
vt 0.969307 0.962631
vt 0.969838 0.975033
vt 0.957483 0.975033
vt 0.941532 0.669991
vt 0.941533 0.660698
vt 0.949093 0.668377
vt 0.929629 0.914650
vt 0.865677 0.993284
vt 0.859168 0.987549
vt 0.865677 0.985627
vt 0.714300 0.736209
vt 0.989964 0.690674
vt 0.989964 0.707662
vt 0.984496 0.701396
vt 0.647737 0.724919
vt 0.996868 0.516737
vt 0.993333 0.510806
vt 0.996868 0.503018
vt 0.833184 0.979276
vt 0.833184 0.990484
vt 0.826003 0.981071
vt 0.924422 0.536599
vt 0.519960 0.905234
vt 0.711802 0.520127
vt 0.518619 0.751795
vt 0.522165 0.736852
vt 0.541553 0.736209
vt 0.554107 0.744493
vt 0.514614 0.772284
vt 0.516158 0.765277
vt 0.972787 0.791037
vt 0.979718 0.790721
vt 0.979718 0.809954
vt 0.512603 0.778028
vt 0.966717 0.803161
vt 0.583379 0.952603
vt 0.583379 0.973510
vt 0.578574 0.970999
vt 0.928551 0.671980
vt 0.933256 0.661635
vt 0.576777 0.961213
vt 0.735797 0.972143
vt 0.744886 0.960582
vt 0.744886 0.975340
vt 0.569340 0.972912
vt 0.617037 0.781213
vt 0.741061 0.977817
vt 0.743482 0.982632
vt 0.969622 0.980825
vt 0.969622 0.994360
vt 0.967788 0.984768
vt 0.645342 0.823620
vt 0.930440 0.536657
vt 0.727889 0.586878
vt 0.934456 0.586325
vt 0.952159 0.593070
vt 0.950258 0.554421
vt 0.953331 0.565954
vt 0.952514 0.577032
vt 0.992458 0.538363
vt 0.996163 0.536242
vt 0.996163 0.550263
vt 0.886764 0.598181
vt 0.800577 0.935181
vt 0.842379 0.979276
vt 0.842379 0.991896
vt 0.839423 0.986840
vt 0.714526 0.726627
vt 0.804276 0.590215
vt 0.601342 0.813080
vt 0.604328 0.821023
vt 0.602987 0.796232
vt 0.580717 0.791433
vt 0.537250 0.973249
vt 0.538422 0.985863
vt 0.529096 0.985863
vt 0.937350 0.558236
vt 0.552641 0.885436
vt 0.924177 0.898319
vt 0.938893 0.969845
vt 0.938893 0.985609
vt 0.931406 0.978297
vt 0.946620 0.932132
vt 0.950584 0.921506
vt 0.948783 0.909811
vt 0.714305 0.969151
vt 0.584454 0.885436
vt 0.877822 0.708091
vt 0.992733 0.962631
vt 0.992733 0.979259
vt 0.988621 0.969124
vt 0.827346 0.594926
vt 0.974417 0.654243
vt 0.979935 0.646722
vt 0.981327 0.654243
vt 0.801881 0.988949
vt 0.929683 0.528998
vt 0.936430 0.529123
vt 0.597992 0.782796
s 1
usemtl material_atlas_00001_1
f 1093/1588/745 1095/1589/746 1097/1590/747
f 934/1591/748 1077/1592/749 1082/1593/750
f 895/1594/751 842/1595/752 798/1596/753
f 779/1597/754 927/1598/755 1273/1599/756
f 1297/1600/757 967/1601/758 920/1602/759
f 1037/1603/760 1028/1604/761 1035/1605/762
f 918/1606/763 1141/1607/764 1135/1608/765
f 1017/1609/766 1206/1610/767 1016/1611/768
f 1180/1612/769 1310/1613/770 1309/1614/771
f 1081/1615/772 1167/1616/773 856/1617/774
f 1008/1618/775 850/1619/776 829/1620/777
f 1097/1621/747 797/1622/778 1100/1623/779
f 1237/1624/780 900/1625/781 857/1626/782
f 1306/1627/783 1086/1628/784 1080/1629/785
f 1006/1630/786 935/1631/787 1209/1632/788
f 939/1633/789 1010/1634/790 1232/1635/791
f 1048/1636/792 1058/1637/793 1047/1638/794
f 1266/1639/795 1284/1640/796 974/1641/797
f 1109/1642/798 827/1643/799 1110/1644/800
f 775/1645/801 1321/1646/802 1272/1647/803
f 1145/1648/804 758/1649/805 757/1650/806
f 1193/1651/807 990/1652/808 1196/1653/809
f 1009/1654/810 1261/1655/811 898/1656/812
f 1259/1657/813 1258/1658/814 1122/1659/815
f 1056/1660/816 764/1661/817 763/1662/818
f 1193/1663/807 1191/1664/819 990/1665/808
f 1020/1666/820 805/1667/821 862/1668/822
f 800/1669/823 1035/1605/762 1028/1604/761
f 1026/1670/824 1029/1671/825 1126/1672/826
f 854/1673/827 1121/1674/828 906/1675/829
f 1074/1676/830 1072/1677/831 1084/1678/832
f 1262/1679/833 892/1680/834 1321/1646/802
f 1014/1681/835 800/1682/823 864/1683/836
f 915/1684/837 849/1685/838 1004/1686/839
f 1262/1679/833 866/1687/840 891/1688/841
f 834/1689/842 782/1690/843 898/1656/812
f 1053/1691/844 1166/1692/845 1074/1693/830
f 1060/1694/846 1231/1695/847 809/1696/848
f 1015/1697/849 1007/1698/850 1067/1699/851
f 1184/1700/852 1102/1701/853 1190/1702/854
f 1142/1703/855 1000/1704/856 1131/1705/857
f 771/1706/858 1087/1707/859 1073/1708/860
f 1126/1672/826 1029/1671/825 1030/1709/861
f 1093/1588/745 885/1710/862 1094/1711/863
f 1040/1712/864 1254/1713/865 1205/1714/866
f 976/1715/867 1183/1716/868 967/1601/758
f 836/1717/869 1205/1718/866 820/1719/870
f 1102/1720/853 1184/1721/852 1105/1722/871
f 1103/1723/872 1286/1724/873 1106/1725/874
f 1111/1726/875 1108/1727/876 1106/1728/874
f 1114/1729/877 976/1730/867 860/1731/878
f 1080/1629/785 1135/1732/765 822/1733/879
f 1249/1734/880 1244/1735/881 1243/1736/882
f 1152/1737/883 1151/1738/884 1150/1739/885
f 1212/1740/886 845/1741/887 833/1742/888
f 799/1743/889 1033/1744/890 836/1745/869
f 1005/1746/891 1083/1747/892 1134/1748/893
f 974/1749/797 1284/1750/796 762/1751/894
f 1134/1748/893 1083/1747/892 1069/1752/895
f 1059/1753/896 1048/1636/792 1117/1754/897
f 764/1755/817 1207/1756/898 750/1757/899
f 1059/1753/896 1169/1758/900 852/1759/901
f 1142/1760/855 1130/1761/902 1139/1762/903
f 1078/1763/904 1326/1764/905 1079/1765/906
f 1013/1766/907 1129/1767/908 1205/1714/866
f 838/1768/909 1245/1769/910 1244/1735/881
f 1195/1770/911 1191/1771/819 1190/1772/854
f 1221/1773/912 997/1774/913 826/1775/914
f 925/1776/915 1206/1777/767 1068/1778/916
f 891/1688/841 866/1687/840 1256/1779/917
f 929/1780/918 823/1781/919 975/1782/920
f 905/1783/921 1027/1784/922 836/1745/869
f 1150/1785/885 814/1786/923 831/1787/924
f 884/1788/925 1052/1789/926 782/1790/843
f 1280/1791/927 865/1792/928 1038/1793/929
f 1213/1794/930 1216/1795/931 794/1796/932
f 1152/1737/883 1150/1739/885 819/1797/933
f 1239/1798/934 1291/1799/935 1241/1800/936
f 1274/1801/937 1055/1802/938 1116/1803/939
f 748/1804/940 754/1805/941 746/1806/942
f 1060/1694/846 1154/1807/943 781/1808/944
f 935/1809/787 1006/1810/786 1292/1811/945
f 861/1812/946 1162/1813/947 1096/1814/948
f 1214/1815/949 869/1816/950 920/1602/759
f 1166/1817/845 813/1818/951 839/1819/952
f 1126/1672/826 1040/1820/864 1027/1821/922
f 1265/1822/953 891/1688/841 801/1823/954
f 909/1824/955 953/1825/956 951/1826/957
f 958/1827/958 901/1828/959 954/1829/960
f 1051/1830/961 1155/1831/962 1312/1832/963
f 1074/1833/830 767/1834/964 1053/1835/844
f 856/1836/774 1077/1837/749 1166/1838/845
f 972/1839/965 882/1840/966 886/1841/967
f 855/1842/968 1009/1654/810 1216/1843/931
f 851/1844/969 1224/1845/970 1268/1846/971
f 767/1847/964 1074/1848/830 1084/1849/832
f 1084/1850/832 1290/1851/972 767/1834/964
f 1033/1744/890 799/1743/889 1281/1852/973
f 806/1853/974 1159/1854/975 773/1855/976
f 823/1781/919 929/1780/918 871/1856/977
f 1301/1857/978 1012/1858/979 1001/1859/980
f 1256/1779/917 866/1687/840 775/1645/801
f 1057/1860/981 1264/1861/982 1266/1862/795
f 888/1863/983 957/1864/984 944/1865/985
f 891/1688/841 1256/1779/917 801/1823/954
f 1128/1866/986 1068/1867/916 1305/1868/987
f 1124/1869/988 1295/1870/989 903/1871/990
f 1325/1872/991 897/1873/992 907/1874/993
f 747/1875/994 1217/1876/995 765/1877/996
f 1284/1878/796 1200/1879/997 919/1880/998
f 1074/1881/830 1166/1838/845 1072/1882/831
f 898/1656/812 1169/1758/900 846/1883/999
f 1318/1884/1000 1279/1885/1001 1210/1886/1002
f 935/1887/787 1292/1888/945 1209/1889/788
f 1145/1648/804 760/1890/1003 995/1891/1004
f 1139/1762/903 931/1892/1005 1000/1893/856
f 1296/1894/1006 1066/1895/1007 1295/1896/989
f 1317/1897/1008 1214/1815/949 1311/1898/1009
f 973/1899/1010 942/1900/1011 960/1901/1012
f 1244/1735/881 1118/1902/1013 838/1768/909
f 1033/1744/890 1281/1852/973 1282/1903/1014
f 865/1792/928 1280/1791/927 1144/1904/1015
f 951/1826/957 779/1905/754 909/1824/955
f 1146/1906/1016 1282/1907/1014 1283/1908/1017
f 915/1684/837 884/1909/925 1242/1910/1018
f 1261/1911/811 1009/1912/810 936/1913/1019
f 936/1913/1019 1009/1912/810 841/1914/1020
f 1009/1912/810 855/1915/968 841/1914/1020
f 855/1916/968 1304/1917/1021 841/1918/1020
f 936/1913/1019 834/1919/842 1261/1911/811
f 969/1920/1022 844/1921/1023 897/1922/992
f 844/1923/1023 907/1924/993 897/1925/992
f 1271/1926/1024 1277/1927/1025 1278/1928/1026
f 936/1929/1019 921/1930/1027 1238/1931/1028
f 1238/1931/1028 834/1932/842 936/1929/1019
f 1114/1933/877 863/1934/1029 977/1935/1030
f 835/1936/1031 1114/1937/877 910/1938/1032
f 977/1939/1030 890/1940/1033 1114/1941/877
f 910/1938/1032 1114/1937/877 890/1942/1033
f 811/1943/1034 874/1944/1035 828/1945/1036
f 746/1946/942 754/1947/941 762/1948/894
f 762/1948/894 919/1949/998 746/1946/942
f 919/1949/998 761/1950/1037 750/1951/899
f 750/1951/899 761/1950/1037 764/1952/817
f 761/1953/1037 760/1890/1003 763/1954/818
f 760/1955/1003 1145/1956/804 757/1957/806
f 757/1650/806 763/1954/818 760/1890/1003
f 761/1950/1037 763/1958/818 764/1952/817
f 746/1946/942 919/1949/998 750/1951/899
f 774/1959/1038 1327/1960/1039 796/1961/1040
f 1011/1962/1041 843/1963/1042 777/1964/1043
f 938/1965/1044 1011/1966/1041 777/1967/1043
f 956/1968/1045 947/1969/1046 955/1970/1047
f 956/1968/1045 955/1970/1047 964/1971/1048
f 954/1829/960 901/1828/959 956/1968/1045
f 901/1828/959 943/1972/1049 956/1968/1045
f 964/1971/1048 954/1829/960 956/1968/1045
f 812/1973/1050 954/1974/960 957/1975/984
f 957/1864/984 954/1829/960 963/1976/1051
f 954/1829/960 964/1971/1048 963/1976/1051
f 963/1976/1051 959/1977/1052 944/1865/985
f 957/1864/984 963/1976/1051 944/1865/985
f 920/1602/759 871/1856/977 1297/1600/757
f 967/1601/758 1181/1978/1053 920/1602/759
f 1258/1658/814 1310/1613/770 1180/1612/769
f 1122/1659/815 1258/1658/814 1180/1612/769
f 952/1979/1054 842/1595/752 810/1980/1055
f 810/1981/1055 1058/1637/793 899/1982/1056
f 810/1981/1055 906/1983/829 952/1984/1054
f 896/1985/1057 874/1944/1035 770/1986/1058
f 1295/1987/989 1294/1988/1059 903/1989/990
f 985/1990/1060 981/1991/1061 986/1992/1062
f 981/1993/1061 979/1994/1063 986/1995/1062
f 986/1992/1062 743/1996/1064 985/1990/1060
f 983/1997/1065 986/1995/1062 979/1994/1063
f 984/1998/1066 983/1997/1065 979/1994/1063
f 1316/1999/1067 1292/2000/945 939/1633/789
f 939/1633/789 1292/2000/945 1006/1630/786
f 1006/1630/786 1209/1632/788 993/2001/1068
f 1209/1632/788 1101/2002/1069 993/2001/1068
f 1103/2003/872 1108/1727/876 1209/1632/788
f 1108/1727/876 923/2004/1070 1101/2002/1069
f 1101/2002/1069 1193/2005/807 993/2001/1068
f 1209/1632/788 1292/2000/945 1103/2003/872
f 1193/2005/807 1196/2006/809 1194/2007/1071
f 993/2001/1068 1193/2005/807 1187/2008/1072
f 939/1633/789 1006/1630/786 1186/2009/1073
f 1010/1634/790 939/1633/789 1186/2009/1073
f 1232/1635/791 1010/1634/790 885/1710/862
f 1185/2010/1074 1132/2011/1075 1192/2012/1076
f 1185/2010/1074 1189/2013/1077 1194/2007/1071
f 1185/2010/1074 1194/2007/1071 1196/2006/809
f 1193/2005/807 1194/2007/1071 1187/2008/1072
f 922/2014/1078 1186/2009/1073 1187/2008/1072
f 1194/2007/1071 922/2014/1078 1187/2008/1072
f 993/2001/1068 1186/2009/1073 1006/1630/786
f 1077/2015/749 856/1617/774 1167/1616/773
f 1110/1644/800 1111/1726/875 815/2016/1079
f 1095/1589/746 1093/1588/745 786/2017/1080
f 786/2017/1080 1093/1588/745 1094/1711/863
f 1008/1618/775 886/1841/967 850/1619/776
f 1219/2018/1081 1008/2019/775 829/2020/777
f 1080/1629/785 1086/1628/784 918/2021/763
f 945/2022/1082 812/2023/1050 888/2024/983
f 842/1595/752 952/1979/1054 798/1596/753
f 882/1840/966 850/1619/776 886/1841/967
f 991/2025/1083 856/2026/774 1322/2027/1084
f 991/2028/1083 1322/2029/1084 875/2030/1085
f 1322/2029/1084 999/2031/1086 875/2030/1085
f 776/2032/1087 1062/2033/1088 1257/2034/1089
f 1257/2035/1089 801/2036/954 776/2037/1087
f 1075/2038/1090 1080/1629/785 822/1733/879
f 1069/2039/895 1075/2038/1090 822/1733/879
f 873/2040/1091 807/2041/1092 1123/2042/1093
f 807/2041/1092 788/2043/1094 1165/2044/1095
f 788/2043/1094 1289/2045/1096 1165/2044/1095
f 1165/2044/1095 1173/2046/1097 1123/2042/1093
f 1123/2042/1093 807/2041/1092 1165/2044/1095
f 1289/2045/1096 928/2047/1098 1165/2044/1095
f 928/2047/1098 1311/1898/1009 1168/2048/1099
f 1214/1815/949 1317/1897/1008 869/1816/950
f 1168/2048/1099 1165/2044/1095 928/2047/1098
f 1214/1815/949 1168/2048/1099 1311/1898/1009
f 1317/1897/1008 968/2049/1100 823/1781/919
f 968/2049/1100 975/1782/920 823/1781/919
f 1184/2050/852 1190/2051/854 1191/2052/819
f 751/2053/1101 752/2054/1102 744/2055/1103
f 752/2054/1102 980/2056/1104 1125/2057/1105
f 744/2055/1103 752/2054/1102 1125/2057/1105
f 751/2053/1101 744/2055/1103 765/1877/996
f 766/2058/1106 751/2053/1101 765/1877/996
f 1079/2059/906 1071/2060/1107 1086/1628/784
f 1306/1627/783 1079/2059/906 1086/1628/784
f 1107/2061/1108 1106/1728/874 1286/2062/873
f 804/2063/1109 1023/2064/1110 862/1668/822
f 1021/2065/1111 862/1668/822 1023/2064/1110
f 901/2066/959 951/1826/957 953/1825/956
f 950/2067/1112 953/2068/956 909/2069/955
f 909/1824/955 1272/1647/803 950/2070/1112
f 749/2071/1113 1127/2072/1114 748/2073/940
f 748/2073/940 1207/2074/898 749/2071/1113
f 1056/1660/816 747/2075/994 1207/2074/898
f 747/2075/994 749/2071/1113 1207/2074/898
f 1207/2074/898 764/1661/817 1056/1660/816
f 836/1745/869 1033/1744/890 905/1783/921
f 1026/2076/824 1027/1784/922 905/1783/921
f 1026/2076/824 905/1783/921 1279/2077/1001
f 816/2078/1115 895/2079/751 883/2080/1116
f 785/2081/1117 965/2082/1118 959/1977/1052
f 965/2082/1118 1151/1738/884 959/1977/1052
f 959/1977/1052 949/2083/1119 785/2081/1117
f 961/2084/1120 960/1901/1012 942/1900/1011
f 948/2085/1121 961/2084/1120 900/2086/781
f 942/1900/1011 900/2086/781 961/2084/1120
f 949/2087/1119 948/2085/1121 912/2088/1122
f 912/2088/1122 948/2085/1121 900/2086/781
f 1237/2089/780 1253/2090/1123 900/2086/781
f 962/2091/1124 960/1901/1012 961/2084/1120
f 948/2092/1121 962/2093/1124 961/2094/1120
f 852/1759/901 782/1690/843 1052/2095/926
f 852/1759/901 1052/2095/926 1059/1753/896
f 1059/1753/896 1052/2095/926 878/2096/1125
f 1048/1636/792 1059/1753/896 878/2096/1125
f 1047/1638/794 1117/1754/897 1048/1636/792
f 1058/1637/793 1061/2097/1126 899/1982/1056
f 1058/2098/793 894/2099/1127 1047/2100/794
f 975/1782/920 968/2049/1100 969/2101/1022
f 823/1781/919 869/1816/950 1317/1897/1008
f 969/2101/1022 983/2102/1065 929/1780/918
f 969/2103/1022 1115/2104/1128 983/2105/1065
f 942/1900/1011 857/2106/782 900/2086/781
f 1211/2107/1129 872/2108/1130 974/2109/797
f 1266/1862/795 877/2110/1131 1284/2111/796
f 797/2112/778 1095/1589/746 922/2014/1078
f 1302/2113/1132 1112/2114/1133 772/2115/1134
f 1040/1712/864 1036/2116/1135 1254/1713/865
f 1081/2117/772 1077/2118/749 1167/2119/773
f 835/1936/1031 1260/2120/1136 1122/1659/815
f 1260/2120/1136 1259/1657/813 1122/1659/815
f 1321/1646/802 892/1680/834 932/2121/1137
f 829/1620/777 868/2122/1138 950/2070/1112
f 809/1696/848 1163/2123/1139 1060/1694/846
f 1161/2124/1140 1312/1832/963 1155/1831/962
f 1161/2124/1140 1155/1831/962 902/2125/1141
f 1156/2126/1142 1161/2124/1140 1269/2127/1143
f 1269/2127/1143 1161/2124/1140 902/2125/1141
f 902/2125/1141 1155/1831/962 1162/2128/947
f 1155/1831/962 1096/2129/948 1162/2128/947
f 1154/1807/943 1060/1694/846 1163/2123/1139
f 1162/2128/947 1269/2127/1143 902/2125/1141
f 1231/1695/847 1099/2130/1144 809/1696/848
f 781/1808/944 1231/1695/847 1060/1694/846
f 1099/2130/1144 1096/2129/948 809/1696/848
f 1320/2131/1145 755/2132/1146 1127/2133/1114
f 1323/2134/1147 1320/2135/1145 1127/2136/1114
f 778/2137/1148 1164/2138/1149 971/2139/1150
f 971/2139/1150 754/2140/941 778/2137/1148
f 992/2141/1151 778/2142/1148 755/2143/1146
f 754/2140/941 1127/2133/1114 755/2132/1146
f 1127/2136/1114 749/2144/1113 1323/2134/1147
f 749/2144/1113 765/2145/996 1323/2134/1147
f 755/2132/1146 778/2137/1148 754/2140/941
f 1125/2146/1105 992/2141/1151 744/2147/1103
f 765/2148/996 744/2149/1103 1323/2150/1147
f 868/2151/1138 882/2152/966 973/2153/1010
f 1196/2154/809 990/2155/808 1191/2156/819
f 1114/1937/877 835/1936/1031 1122/1659/815
f 933/2157/1152 787/2158/1153 1235/2159/1154
f 933/2157/1152 1235/2159/1154 1313/2160/1155
f 933/2157/1152 1313/2160/1155 1156/2126/1142
f 1233/2161/1156 933/2157/1152 1234/2162/1157
f 1234/2162/1157 933/2157/1152 1156/2126/1142
f 1313/2160/1155 1161/2124/1140 1156/2126/1142
f 1236/2163/1158 1178/2164/1159 1293/2165/1160
f 1234/2162/1157 1236/2163/1158 1233/2161/1156
f 1236/2163/1158 1293/2165/1160 1233/2161/1156
f 1178/2164/1159 867/2166/1161 1293/2165/1160
f 968/2049/1100 1317/1897/1008 1237/2167/780
f 789/2168/1162 968/2049/1100 1237/2167/780
f 789/2168/1162 942/2169/1011 968/2049/1100
f 1237/2167/780 857/2170/782 789/2168/1162
f 989/2171/1163 1121/1674/828 854/1673/827
f 833/1742/888 811/2172/1034 828/2173/1036
f 854/1673/827 1212/1740/886 989/2171/1163
f 1212/1740/886 828/2173/1036 989/2171/1163
f 1246/2174/1164 800/1669/823 1028/1604/761
f 1028/1604/761 1118/2175/1013 1246/2174/1164
f 1211/2176/1129 886/1841/967 1008/1618/775
f 1219/2177/1081 1211/2178/1129 1008/2179/775
f 1211/2176/1129 1219/2180/1081 872/2181/1130
f 872/2181/1130 1219/2180/1081 1218/2182/1165
f 1218/2183/1165 1263/2184/1166 872/2185/1130
f 1266/2186/795 974/2187/797 872/2188/1130
f 1057/1860/981 1266/1862/795 872/2189/1130
f 1057/2190/981 872/2185/1130 1263/2184/1166
f 1263/2191/1166 1063/2192/1167 1001/1859/980
f 1001/1859/980 877/2110/1131 1264/1861/982
f 877/2110/1131 1266/1862/795 1264/1861/982
f 1057/1860/981 1263/2191/1166 1001/1859/980
f 1264/1861/982 1057/1860/981 1001/1859/980
f 913/2193/1168 1229/2194/1169 880/2195/1170
f 889/2196/1171 913/2193/1168 880/2195/1170
f 1100/2197/779 797/2112/778 889/2196/1171
f 880/2195/1170 1100/2197/779 889/2196/1171
f 1279/1885/1001 905/2198/921 1210/1886/1002
f 800/1669/823 1014/2199/835 1035/1605/762
f 1301/1857/978 1001/1859/980 1063/2192/1167
f 856/2026/774 991/2025/1083 1081/2200/772
f 1081/2201/772 991/2028/1083 1307/2202/1172
f 875/2030/1085 1011/1966/1041 938/1965/1044
f 991/2028/1083 875/2030/1085 1307/2202/1172
f 1306/2203/783 1081/2201/772 1307/2202/1172
f 1077/2118/749 1306/2204/783 1082/2205/750
f 934/2206/748 1082/2207/750 1306/2208/783
f 875/2030/1085 938/1965/1044 1076/2209/1173
f 1307/2202/1172 875/2030/1085 1070/2210/1174
f 1070/2210/1174 875/2030/1085 783/2211/1175
f 938/2212/1044 777/2213/1043 1076/2214/1173
f 1326/2215/905 1307/2202/1172 1070/2210/1174
f 1076/2209/1173 777/1967/1043 937/2216/1176
f 1076/2209/1173 783/2211/1175 875/2030/1085
f 1241/1800/936 1242/1910/1018 881/2217/1177
f 937/2216/1176 1241/1800/936 1076/2209/1173
f 1241/1800/936 881/2217/1177 1238/2218/1028
f 884/1909/925 1238/2218/1028 881/2217/1177
f 1291/1799/935 1239/1798/934 1240/2219/1178
f 921/2220/1027 1240/2219/1178 1239/1798/934
f 1241/1800/936 1238/2218/1028 1239/1798/934
f 1238/2218/1028 921/2220/1027 1239/1798/934
f 1320/2221/1145 992/2141/1151 755/2143/1146
f 890/1940/1033 977/1939/1030 1182/2222/1179
f 977/1939/1030 863/2223/1029 1182/2222/1179
f 863/2223/1029 982/2224/1180 978/2225/1181
f 1208/2226/1182 1279/2227/1001 1215/2228/1183
f 1032/2229/1184 1028/1604/761 1044/2230/1185
f 1028/1604/761 1037/1603/760 1044/2230/1185
f 925/1776/915 1019/2231/1186 1206/1777/767
f 1044/2230/1185 1030/2232/861 1032/2229/1184
f 892/1680/834 1064/2233/1187 1219/2180/1081
f 1219/2180/1081 829/1620/777 892/1680/834
f 1310/1613/770 1170/2234/1188 996/2235/1189
f 996/2235/1189 1170/2234/1188 1173/2046/1097
f 1165/2044/1095 996/2235/1189 1173/2046/1097
f 1310/2236/770 996/2237/1189 1309/2238/771
f 1309/2238/771 996/2237/1189 840/2239/1190
f 1168/2048/1099 1214/1815/949 840/2240/1190
f 1168/2048/1099 840/2240/1190 996/2235/1189
f 840/2240/1190 1214/1815/949 920/1602/759
f 1165/2044/1095 1168/2048/1099 996/2235/1189
f 1309/2238/771 840/2239/1190 920/2241/759
f 1031/2242/1191 784/2243/1192 1039/2244/1193
f 1031/2242/1191 1039/2244/1193 1280/2245/927
f 1280/2245/927 1042/2246/1194 1031/2242/1191
f 1170/2234/1188 1310/1613/770 1258/1658/814
f 915/2247/837 1052/1789/926 884/1788/925
f 888/1863/983 883/2248/1116 958/1827/958
f 883/2248/1116 952/1979/1054 927/1598/755
f 945/2249/1082 888/1863/983 958/1827/958
f 958/1827/958 883/2248/1116 951/2250/957
f 883/2248/1116 927/1598/755 951/2250/957
f 927/1598/755 779/1597/754 951/2250/957
f 1113/2251/1195 769/2252/1196 776/2253/1087
f 1064/2233/1187 1262/1679/833 1263/2254/1166
f 1263/2254/1166 1218/2182/1165 1064/2233/1187
f 1170/2234/1188 1258/1658/814 1252/2255/1197
f 1259/1657/813 1252/2255/1197 1258/1658/814
f 1252/2255/1197 1174/2256/1198 1170/2234/1188
f 995/1891/1004 1296/2257/1006 1124/1869/988
f 1145/1648/804 995/1891/1004 1041/2258/1199
f 995/1891/1004 1124/1869/988 911/2259/1200
f 1146/1906/1016 1145/1648/804 1041/2258/1199
f 1041/2260/1199 1282/2261/1014 1146/2262/1016
f 911/2259/1200 1041/2258/1199 995/1891/1004
f 1295/1870/989 1124/1869/988 1296/2257/1006
f 969/2263/1022 968/2264/1100 844/2265/1023
f 968/2264/1100 907/2266/993 844/2265/1023
f 1299/2267/1201 866/1687/840 1262/1679/833
f 1321/1646/802 1299/2267/1201 1262/1679/833
f 1304/2268/1021 1230/2269/1202 830/2270/1203
f 1230/2269/1202 1229/2194/1169 830/2270/1203
f 841/1914/1020 1304/2268/1021 830/2270/1203
f 867/2271/1161 1047/2100/794 821/2272/1204
f 1047/2100/794 894/2099/1127 821/2272/1204
f 894/2099/1127 837/2273/1205 1177/2274/1206
f 821/2272/1204 926/2275/1207 867/2271/1161
f 894/2099/1127 1177/2274/1206 821/2272/1204
f 1306/2276/783 1078/1763/904 1079/1765/906
f 1004/1686/839 906/1983/829 1061/2097/1126
f 887/2277/1208 1004/1686/839 849/1685/838
f 849/1685/838 777/1967/1043 843/2278/1042
f 843/2278/1042 887/2277/1208 849/1685/838
f 906/1983/829 899/1982/1056 1061/2097/1126
f 1061/2097/1126 1204/2279/1209 1004/1686/839
f 1204/2279/1209 915/1684/837 1004/1686/839
f 1017/2280/766 1016/2281/768 1091/2282/1210
f 1091/2282/1210 1018/2283/1211 1017/2280/766
f 1254/1713/865 1034/2284/1212 1013/1766/907
f 1000/1893/856 931/1892/1005 1131/2285/857
f 931/1892/1005 1192/2012/1076 1131/2285/857
f 1132/2011/1075 1131/2285/857 1192/2012/1076
f 774/1959/1038 796/1961/1040 1319/2286/1213
f 796/1961/1040 1208/2226/1182 1215/2228/1183
f 796/1961/1040 1215/2228/1183 1319/2286/1213
f 1005/1746/891 774/1959/1038 1319/2286/1213
f 852/1759/901 898/1656/812 782/1690/843
f 898/1656/812 1261/1655/811 834/1689/842
f 997/1774/913 1066/1895/1007 1296/1894/1006
f 1068/1867/916 1206/1610/767 1017/1609/766
f 1018/2287/1211 1015/1697/849 1305/1868/987
f 1017/1609/766 1018/2287/1211 1068/1867/916
f 1067/1699/851 1305/1868/987 1015/1697/849
f 1305/1868/987 1068/1867/916 1018/2287/1211
f 1015/1697/849 831/1787/924 1007/1698/850
f 1023/2064/1110 804/2063/1109 1019/2288/1186
f 1021/2065/1111 1023/2064/1110 873/2289/1091
f 788/2290/1094 807/2291/1092 1128/2292/986
f 873/2293/1091 1023/2294/1110 925/2295/915
f 807/2296/1092 873/2297/1091 925/2298/915
f 788/2299/1094 1128/2300/986 1305/2301/987
f 1305/2302/987 1067/2303/851 1289/2304/1096
f 1179/2305/1214 1025/2306/1215 1022/2307/1216
f 804/2063/1109 1025/2306/1215 795/2308/1217
f 805/1667/821 1022/2307/1216 804/2063/1109
f 804/2063/1109 862/1668/822 805/1667/821
f 1025/2306/1215 804/2063/1109 1022/2307/1216
f 1092/2309/1218 1025/2306/1215 1090/2310/1219
f 1025/2306/1215 1092/2309/1218 795/2308/1217
f 1289/2311/1096 788/2312/1094 1305/2313/987
f 925/2314/915 1128/2292/986 807/2291/1092
f 1091/2282/1210 1016/2281/768 804/2063/1109
f 804/2063/1109 795/2308/1217 1091/2282/1210
f 1019/2315/1186 925/2295/915 1023/2294/1110
f 1016/2281/768 1206/2316/767 1019/2288/1186
f 804/2063/1109 1016/2281/768 1019/2288/1186
f 1301/2317/978 1063/2318/1167 1257/2034/1089
f 1301/2317/978 1257/2034/1089 1198/2319/1220
f 1201/2320/1221 1301/2317/978 1198/2319/1220
f 1201/2321/1221 997/1774/913 1221/1773/912
f 1221/1773/912 1301/1857/978 1201/2321/1221
f 1085/2322/1222 1084/1678/832 1072/1677/831
f 1085/2322/1222 1072/1677/831 904/2323/1223
f 768/2324/1224 1085/2322/1222 904/2323/1223
f 904/2323/1223 1087/2325/859 768/2324/1224
f 1087/2325/859 904/2323/1223 1083/1747/892
f 1083/1747/892 1073/2326/860 1087/2325/859
f 958/1827/958 954/1829/960 945/2249/1082
f 1010/1634/790 922/2014/1078 885/1710/862
f 789/2168/1162 857/2170/782 942/2169/1011
f 973/2327/1010 968/2049/1100 942/2169/1011
f 1132/2328/1075 1300/2329/1225 908/2330/1226
f 908/2331/1226 1142/1760/855 1132/2011/1075
f 1131/1705/857 1132/2332/1075 1142/1703/855
f 1073/1708/860 903/2333/990 771/1706/858
f 758/2334/805 1145/2335/804 1147/2336/1227
f 1147/2337/1227 1217/1876/995 758/1649/805
f 1030/1709/861 1044/2338/1185 1040/1820/864
f 1040/1820/864 1126/1672/826 1030/1709/861
f 1210/1886/1002 1045/2339/1228 1124/2340/988
f 1124/2340/988 903/2333/990 1065/2341/1229
f 1065/2341/1229 1210/1886/1002 1124/2340/988
f 955/1970/1047 962/2342/1124 949/2083/1119
f 949/2083/1119 964/1971/1048 955/1970/1047
f 949/2083/1119 962/2342/1124 948/2343/1121
f 922/2014/1078 1095/1589/746 786/2017/1080
f 922/2014/1078 786/2017/1080 885/1710/862
f 786/2017/1080 1094/1711/863 885/1710/862
f 1254/2344/865 1013/2345/907 1205/2346/866
f 1194/2007/1071 1189/2013/1077 797/2112/778
f 1219/2180/1081 1064/2233/1187 1218/2182/1165
f 1180/1612/769 1309/1614/771 920/1602/759
f 1122/1659/815 1180/1612/769 1183/1716/868
f 976/1715/867 1122/1659/815 1183/1716/868
f 1183/2347/868 1181/2348/1053 967/2349/758
f 912/2088/1122 785/2350/1117 949/2087/1119
f 923/2004/1070 1105/1722/871 1184/1721/852
f 1144/1904/1015 1280/1791/927 1039/2351/1193
f 1077/1837/749 934/2352/748 1166/1838/845
f 1108/1727/876 1103/2003/872 1106/1728/874
f 1106/1728/874 1107/2061/1108 1111/1726/875
f 1180/1612/769 920/1602/759 1183/1716/868
f 920/2353/759 1181/2354/1053 1183/2355/868
f 1047/2100/794 867/2271/1161 1178/2356/1159
f 1122/2357/815 976/1730/867 1114/1729/877
f 970/2358/1230 982/2359/1180 863/2360/1029
f 979/2361/1063 970/2362/1230 984/2363/1066
f 970/2364/1230 863/2365/1029 984/2366/1066
f 860/2367/878 1298/2368/1231 863/2369/1029
f 1298/2368/1231 984/2370/1066 863/2369/1029
f 1298/2368/1231 860/2367/878 967/1601/758
f 976/1715/867 967/1601/758 860/2367/878
f 863/2371/1029 1114/1729/877 860/1731/878
f 1268/1846/971 1224/1845/970 1112/2114/1133
f 926/2372/1207 1268/1846/971 1112/2114/1133
f 867/2166/1161 926/2372/1207 1226/2373/1232
f 1226/2373/1232 1293/2165/1160 867/2166/1161
f 1233/2161/1156 1293/2165/1160 1302/2113/1132
f 787/2158/1153 1233/2161/1156 1302/2113/1132
f 772/2115/1134 787/2158/1153 1302/2113/1132
f 1293/2165/1160 1226/2373/1232 1302/2113/1132
f 1223/2374/1233 772/2115/1134 1112/2114/1133
f 1223/2374/1233 1112/2114/1133 1224/1845/970
f 1267/2375/1234 808/2376/1235 1329/2377/1236
f 1329/2377/1236 808/2376/1235 1228/2378/1237
f 1228/2378/1237 1225/2379/1238 1329/2377/1236
f 808/2376/1235 1223/2374/1233 780/2380/1239
f 780/2380/1239 1228/2378/1237 808/2376/1235
f 1018/2283/1211 994/2381/1240 1015/2382/849
f 876/2383/1241 1015/2382/849 870/2384/1242
f 924/2385/1243 876/2383/1241 870/2384/1242
f 870/2384/1242 1268/1846/971 924/2385/1243
f 870/2384/1242 1015/2382/849 994/2381/1240
f 994/2381/1240 780/2380/1239 870/2384/1242
f 1112/2114/1133 1302/2113/1132 1226/2373/1232
f 1112/2114/1133 1226/2373/1232 926/2372/1207
f 870/2384/1242 780/2380/1239 851/1844/969
f 851/1844/969 780/2380/1239 1223/2374/1233
f 1185/2010/1074 1192/2012/1076 1189/2013/1077
f 862/1668/822 1021/2065/1111 1020/1666/820
f 1076/2209/1173 1241/1800/936 783/2211/1175
f 1291/1799/935 783/2211/1175 1241/1800/936
f 819/2386/933 876/2383/1241 924/2385/1243
f 1152/2387/883 819/2388/933 924/2389/1243
f 1268/1846/971 1285/2390/1244 1152/2391/883
f 924/2385/1243 1268/1846/971 1152/2391/883
f 1099/2392/1144 1231/2393/847 885/1710/862
f 1099/2392/1144 885/1710/862 1093/1588/745
f 1231/2393/847 1303/2394/1245 1232/1635/791
f 885/1710/862 1231/2393/847 1232/1635/791
f 744/2395/1103 992/2396/1151 1320/2135/1145
f 1267/2375/1234 1222/2397/1246 787/2158/1153
f 808/2376/1235 1267/2375/1234 772/2115/1134
f 1267/2375/1234 787/2158/1153 772/2115/1134
f 772/2115/1134 1223/2374/1233 808/2376/1235
f 1240/2398/1178 921/2399/1027 830/2270/1203
f 791/2400/1247 1240/2398/1178 830/2270/1203
f 936/1913/1019 841/1914/1020 921/2399/1027
f 1240/2398/1178 791/2400/1247 913/2193/1168
f 830/2270/1203 921/2399/1027 841/1914/1020
f 913/2193/1168 791/2400/1247 1229/2194/1169
f 861/1812/946 1229/2194/1169 1230/2269/1202
f 791/2400/1247 830/2270/1203 1229/2194/1169
f 1027/1821/922 1026/1670/824 1126/1672/826
f 1102/1720/853 1195/1770/911 1190/1772/854
f 747/1875/994 1056/2401/816 1217/1876/995
f 934/2402/748 1075/2403/1090 904/2404/1223
f 981/2405/1061 982/2224/1180 970/2406/1230
f 981/1993/1061 970/2407/1230 979/1994/1063
f 822/1733/879 1135/1732/765 1005/2408/891
f 1005/2408/891 1134/2409/893 822/1733/879
f 1134/2409/893 1069/2039/895 822/1733/879
f 1080/1629/785 918/2021/763 1135/1732/765
f 861/1812/946 880/2195/1170 1229/2194/1169
f 801/1823/954 1257/2034/1089 1265/1822/953
f 1250/2410/1248 1248/2411/1249 1249/1734/880
f 1248/2411/1249 1118/1902/1013 1244/1735/881
f 1248/2411/1249 1244/1735/881 1249/1734/880
f 1244/1735/881 1245/1769/910 1243/1736/882
f 1243/1736/882 916/2412/1250 1249/1734/880
f 767/1834/964 790/2413/1251 813/2414/951
f 813/2414/951 1166/2415/845 767/1834/964
f 767/1834/964 1166/2415/845 1053/1835/844
f 758/1649/805 1217/1876/995 757/1650/806
f 1217/1876/995 1056/2401/816 763/1954/818
f 757/1650/806 1217/1876/995 763/1954/818
f 829/1620/777 850/1619/776 868/2122/1138
f 882/1840/966 868/2122/1138 850/1619/776
f 1325/2416/991 907/2266/993 1314/2417/1252
f 972/1839/965 1325/2416/991 1314/2417/1252
f 1314/2417/1252 882/1840/966 972/1839/965
f 1037/2418/760 1035/2419/762 1036/2116/1135
f 888/1863/983 812/2420/1050 957/1864/984
f 1304/2268/1021 855/1915/968 1162/1813/947
f 1230/2269/1202 1304/2268/1021 1162/1813/947
f 861/1812/946 1230/2269/1202 1162/1813/947
f 1093/1588/745 861/1812/946 1096/1814/948
f 1132/2011/1075 1196/2006/809 1195/1770/911
f 1196/2006/809 1191/1771/819 1195/1770/911
f 1130/1761/902 908/2331/1226 1300/2421/1225
f 1130/1761/902 1300/2421/1225 1133/2422/1253
f 904/2423/1223 1075/2038/1090 1069/2039/895
f 811/2172/1034 833/1742/888 845/1741/887
f 828/2173/1036 1212/1740/886 833/1742/888
f 845/1741/887 941/2424/1254 811/2172/1034
f 845/1741/887 914/2425/1255 941/2424/1254
f 1002/2426/1256 1085/2427/1222 768/2428/1224
f 825/2429/1257 824/2430/1258 1104/2431/1259
f 1059/1753/896 1117/1754/897 1169/1758/900
f 762/1751/894 754/2140/941 974/1749/797
f 754/2140/941 971/2139/1150 974/1749/797
f 971/2139/1150 988/2432/1260 972/2433/965
f 988/2434/1260 1325/2416/991 972/1839/965
f 972/1839/965 886/1841/967 1211/2176/1129
f 972/2433/965 1211/2435/1129 971/2139/1150
f 1211/2435/1129 974/1749/797 971/2139/1150
f 1284/1878/796 919/1880/998 762/2436/894
f 1141/2437/764 1071/2438/1107 1140/2439/1261
f 1260/2120/1136 1252/2255/1197 1259/1657/813
f 983/2105/1065 1115/2104/1128 987/2440/1262
f 983/2105/1065 987/2440/1262 1324/2441/1263
f 986/2442/1062 983/2105/1065 1324/2441/1263
f 1164/2443/1149 743/2444/1064 986/2442/1062
f 1324/2441/1263 1164/2443/1149 986/2442/1062
f 1129/1767/908 1042/2445/1194 1280/1791/927
f 820/2446/870 1129/1767/908 1038/1793/929
f 1129/1767/908 1280/1791/927 1038/1793/929
f 801/2036/954 1256/2447/917 776/2037/1087
f 1096/2129/948 1155/1831/962 809/1696/848
f 784/2243/1192 1049/2448/1264 1039/2244/1193
f 1049/2448/1264 1144/2449/1015 1039/2244/1193
f 853/2450/1265 1103/2003/872 1292/2000/945
f 1194/2007/1071 797/2112/778 922/2014/1078
f 1123/2042/1093 1173/2046/1097 1175/2451/1266
f 1123/2042/1093 1175/2451/1266 873/2040/1091
f 997/1774/913 1201/2321/1221 1066/1895/1007
f 1000/1893/856 1142/1760/855 1139/1762/903
f 999/2452/1086 1322/2453/1084 941/2454/1254
f 941/2454/1254 914/2455/1255 999/2452/1086
f 1285/2456/1244 1268/2457/971 926/2275/1207
f 1152/1737/883 1285/2456/1244 944/1865/985
f 1285/2456/1244 926/2275/1207 821/2272/1204
f 1285/2456/1244 821/2272/1204 803/2458/1267
f 803/2458/1267 944/1865/985 1285/2456/1244
f 944/1865/985 1151/1738/884 1152/1737/883
f 837/2273/1205 803/2458/1267 1177/2274/1206
f 803/2458/1267 821/2272/1204 1177/2274/1206
f 1240/2398/1178 913/2193/1168 1291/2459/935
f 913/2193/1168 889/2196/1171 1188/2460/1268
f 1291/2459/935 913/2193/1168 1251/2461/1269
f 913/2193/1168 1188/2460/1268 1251/2461/1269
f 783/2462/1175 1291/2459/935 1251/2461/1269
f 1251/2461/1269 1143/2463/1270 1070/2464/1174
f 1326/2465/905 1070/2464/1174 1143/2463/1270
f 1070/2464/1174 783/2462/1175 1251/2461/1269
f 1307/2466/1172 1078/2467/904 1306/2468/783
f 1140/2469/1261 1071/2060/1107 1137/2470/1271
f 1140/2469/1261 1137/2470/1271 916/2412/1250
f 1140/2469/1261 1135/1732/765 1141/2471/764
f 1071/2060/1107 1079/2059/906 1143/2463/1270
f 1071/2060/1107 1143/2463/1270 1138/2472/1272
f 1079/2059/906 1326/2465/905 1143/2463/1270
f 1138/2472/1272 1143/2463/1270 1139/1762/903
f 1139/1762/903 1130/1761/902 1138/2472/1272
f 1243/1736/882 1135/1732/765 1140/2469/1261
f 916/2412/1250 1243/1736/882 1140/2469/1261
f 1136/2473/1273 1249/1734/880 916/2412/1250
f 1136/2473/1273 1133/2422/1253 1300/2421/1225
f 1137/2474/1271 1136/2475/1273 916/2476/1250
f 1138/2472/1272 1137/2470/1271 1071/2060/1107
f 842/1595/752 895/1594/751 837/2273/1205
f 1073/1708/860 1318/1884/1000 1065/2341/1229
f 1318/1884/1000 1210/1886/1002 1065/2341/1229
f 1065/2341/1229 903/2333/990 1073/1708/860
f 1042/2445/1194 1129/1767/908 1013/1766/907
f 1129/1767/908 820/2446/870 1205/1714/866
f 968/2264/1100 973/2477/1010 966/2478/1274
f 864/1683/836 1247/2479/1275 824/2430/1258
f 824/2430/1258 1247/2479/1275 1104/2431/1259
f 1104/2431/1259 1247/2479/1275 1250/2410/1248
f 1195/1770/911 1109/1642/798 825/2429/1257
f 825/2429/1257 1104/2431/1259 1195/1770/911
f 1249/1734/880 1136/2473/1273 858/2480/1276
f 1250/2410/1248 1249/1734/880 858/2480/1276
f 1247/2479/1275 1248/2411/1249 1250/2410/1248
f 1195/1770/911 1104/2431/1259 1300/2421/1225
f 1136/2473/1273 1300/2421/1225 858/2480/1276
f 858/2480/1276 1300/2421/1225 1250/2410/1248
f 1104/2431/1259 1250/2410/1248 1300/2421/1225
f 1300/2421/1225 1132/2011/1075 1195/1770/911
f 1199/2481/1277 997/2482/913 1296/2483/1006
f 995/1891/1004 760/1890/1003 759/2484/1278
f 1296/2257/1006 995/1891/1004 759/2484/1278
f 1296/2485/1006 759/2486/1278 1199/2487/1277
f 826/2488/914 1199/2487/1277 1197/2489/1279
f 997/2482/913 1199/2481/1277 826/2490/914
f 1191/1771/819 1193/2005/807 1101/2002/1069
f 923/2004/1070 1184/1721/852 1101/2002/1069
f 1184/1721/852 1191/1771/819 1101/2002/1069
f 923/2004/1070 1108/1727/876 827/1643/799
f 1108/1727/876 1111/1726/875 1110/1644/800
f 1105/1722/871 923/2004/1070 827/1643/799
f 1108/1727/876 1110/1644/800 827/1643/799
f 1195/1770/911 1102/1720/853 1109/1642/798
f 1102/1720/853 1105/1722/871 1109/1642/798
f 1107/2061/1108 1286/2062/873 1287/2491/1280
f 1111/1726/875 1107/2061/1108 815/2016/1079
f 827/1643/799 1109/1642/798 1105/1722/871
f 1286/2062/873 1103/2003/872 1288/2492/1281
f 1103/2003/872 853/2450/1265 1003/2493/1282
f 853/2450/1265 1292/2000/945 1003/2493/1282
f 1292/2000/945 1316/1999/1067 1003/2493/1282
f 1316/1999/1067 939/1633/789 1303/2394/1245
f 939/1633/789 1232/1635/791 1303/2394/1245
f 815/2016/1079 1107/2061/1108 1287/2491/1280
f 1287/2491/1280 1286/2062/873 1119/2494/1283
f 1288/2492/1281 1119/2494/1283 1286/2062/873
f 1103/2003/872 1003/2493/1282 1288/2492/1281
f 930/2495/1284 1089/2496/1285 1088/2497/1286
f 930/2495/1284 1308/2498/1287 793/2499/1288
f 1308/2498/1287 930/2495/1284 1088/2497/1286
f 1050/2500/1289 1088/2497/1286 1089/2496/1285
f 1125/2501/1105 980/2502/1104 985/1990/1060
f 985/1990/1060 743/1996/1064 1125/2501/1105
f 1128/2503/986 925/1776/915 1068/1778/916
f 1294/2504/1059 1295/2505/989 1002/2506/1256
f 1295/2505/989 1066/2507/1007 1002/2506/1256
f 1290/1851/972 1002/2506/1256 1066/2507/1007
f 1066/2507/1007 1201/2320/1221 1290/1851/972
f 1201/2320/1221 1198/2319/1220 1290/1851/972
f 968/2264/1100 966/2478/1274 907/2266/993
f 1002/2426/1256 1290/2508/972 1085/2427/1222
f 1290/2508/972 1084/2509/832 1085/2427/1222
f 950/2070/1112 1272/1647/803 932/2121/1137
f 1272/1647/803 1054/2510/1290 770/2511/1058
f 1054/2512/1290 896/2513/1057 770/2514/1058
f 829/1620/777 950/2070/1112 932/2121/1137
f 892/1680/834 829/1620/777 932/2121/1137
f 770/2511/1058 775/1645/801 1272/1647/803
f 1321/1646/802 775/1645/801 1299/2267/1201
f 1272/1647/803 1321/1646/802 932/2121/1137
f 934/2402/748 1080/2515/785 1075/2403/1090
f 871/1856/977 929/1780/918 1298/2368/1231
f 1297/1600/757 871/1856/977 1298/2368/1231
f 967/1601/758 1297/1600/757 1298/2368/1231
f 984/2370/1066 1298/2368/1231 983/2102/1065
f 1298/2368/1231 929/1780/918 983/2102/1065
f 980/2516/1104 982/2224/1180 985/2517/1060
f 981/2405/1061 985/2517/1060 982/2224/1180
f 1014/2518/835 1036/2116/1135 1035/2419/762
f 1169/2519/900 1117/2520/897 1178/2164/1159
f 1117/2520/897 1047/2521/794 1178/2164/1159
f 1178/2164/1159 1236/2163/1158 1169/2519/900
f 1236/2163/1158 846/2522/999 1169/2519/900
f 1067/2523/851 928/2524/1098 1289/2525/1096
f 1326/2526/905 1078/2527/904 1307/2528/1172
f 1242/1910/1018 884/1909/925 881/2217/1177
f 1185/2010/1074 1196/2006/809 1132/2011/1075
f 1279/2077/1001 1208/2529/1182 1029/2530/825
f 1208/2529/1182 1327/2531/1039 1029/2530/825
f 1026/2076/824 1279/2077/1001 1029/2530/825
f 940/2532/1291 1005/2408/891 1135/1732/765
f 1011/1962/1041 875/2533/1085 999/2534/1086
f 1011/1962/1041 845/2535/887 843/1963/1042
f 845/2535/887 887/2536/1208 843/1963/1042
f 941/2454/1254 1322/2453/1084 839/2537/952
f 1322/2538/1084 856/2539/774 839/1819/952
f 1166/1817/845 839/1819/952 856/2539/774
f 918/2540/763 1086/2541/784 1071/2542/1107
f 831/2543/924 819/1797/933 1150/1739/885
f 903/2544/990 1294/2545/1059 1002/2546/1256
f 1002/2546/1256 768/2547/1224 903/2544/990
f 768/2547/1224 1087/2548/859 771/2549/858
f 771/2549/858 903/2544/990 768/2547/1224
f 1318/1884/1000 1215/2550/1183 1279/1885/1001
f 746/1806/942 750/1757/899 1207/1756/898
f 1207/1756/898 748/1804/940 746/1806/942
f 1238/2551/1028 884/2552/925 782/2553/843
f 782/2553/843 834/2554/842 1238/2551/1028
f 1055/1802/938 1274/1801/937 1271/1926/1024
f 1274/1801/937 1116/1803/939 1276/2555/1292
f 1116/1803/939 1163/2123/1139 1276/2555/1292
f 1153/2556/1293 1157/2557/1294 1158/2558/1295
f 998/2559/1296 1158/2558/1295 1157/2557/1294
f 1270/2560/1297 1274/1801/937 1275/2561/1298
f 1274/1801/937 1328/2562/1299 1275/2561/1298
f 1159/1854/975 998/2559/1296 773/1855/976
f 1051/1830/961 806/1853/974 773/1855/976
f 809/1696/848 773/1855/976 998/2559/1296
f 1163/2123/1139 809/1696/848 998/2559/1296
f 1154/1807/943 1163/2123/1139 1055/1802/938
f 1163/2123/1139 998/2559/1296 1157/2557/1294
f 1277/1927/1025 1271/1926/1024 1270/2560/1297
f 1275/2561/1298 1277/1927/1025 1270/2560/1297
f 1315/2563/1300 1271/1926/1024 1278/1928/1026
f 1055/1802/938 1271/1926/1024 1288/2564/1281
f 1315/2563/1300 1288/2564/1281 1271/1926/1024
f 1288/2564/1281 817/2565/1301 1055/1802/938
f 817/2565/1301 1231/1695/847 1154/1807/943
f 1154/1807/943 1231/1695/847 781/1808/944
f 1154/1807/943 1055/1802/938 817/2565/1301
f 1278/2566/1026 1119/2567/1283 859/2568/1302
f 915/2569/837 1204/2570/1209 878/2571/1125
f 1204/2570/1209 1061/2572/1126 878/2571/1125
f 777/1967/1043 849/1685/838 937/2216/1176
f 878/2096/1125 1052/2095/926 915/1684/837
f 915/1684/837 937/2216/1176 849/1685/838
f 1061/2097/1126 1058/1637/793 1048/1636/792
f 906/1983/829 810/1981/1055 899/1982/1056
f 1273/2573/756 952/1984/1054 906/1983/829
f 779/2574/754 1273/2575/756 1054/2512/1290
f 1054/2512/1290 1273/2575/756 896/2513/1057
f 1273/2576/756 906/2577/829 1121/2578/828
f 1273/2575/756 1121/1674/828 896/2513/1057
f 874/1944/1035 896/1985/1057 989/2579/1163
f 1061/2097/1126 1048/1636/792 878/2096/1125
f 769/2252/1196 1113/2251/1195 1255/2580/1303
f 776/2253/1087 769/2252/1196 790/2581/1251
f 769/2582/1196 1255/2583/1303 811/2584/1034
f 839/1819/952 813/1818/951 790/2581/1251
f 941/2585/1254 839/1819/952 769/2252/1196
f 839/1819/952 790/2581/1251 769/2252/1196
f 941/2586/1254 769/2582/1196 811/2584/1034
f 1255/2580/1303 874/2587/1035 811/2588/1034
f 1121/1674/828 989/2171/1163 896/2513/1057
f 989/2579/1163 828/1945/1036 874/1944/1035
f 1004/2589/839 887/2536/1208 1212/2590/886
f 1212/2590/886 854/2591/827 1004/2589/839
f 1004/2589/839 854/2591/827 906/2592/829
f 1119/2494/1283 1288/2492/1281 1315/2593/1300
f 1156/2126/1142 1269/2127/1143 1213/1794/930
f 1269/2127/1143 1162/2128/947 855/2594/968
f 846/2522/999 1213/1794/930 794/1796/932
f 1269/2127/1143 855/2594/968 1213/1794/930
f 823/1781/919 871/1856/977 869/1816/950
f 911/2595/1200 1124/2340/988 1045/2339/1228
f 871/1856/977 920/1602/759 869/1816/950
f 1093/2596/745 1096/2597/948 1099/2598/1144
f 876/2599/1241 819/1797/933 831/2543/924
f 1015/2600/849 876/2599/1241 831/2543/924
f 949/2083/1119 959/1977/1052 963/1976/1051
f 964/1971/1048 949/2083/1119 963/1976/1051
f 1040/1820/864 836/1717/869 1027/1821/922
f 1010/1634/790 1186/2009/1073 922/2014/1078
f 1273/1599/756 927/1598/755 952/1979/1054
f 962/2342/1124 955/1970/1047 947/1969/1046
f 863/2223/1029 978/2225/1181 1182/2222/1179
f 982/2224/1180 980/2516/1104 978/2225/1181
f 1083/1747/892 904/2323/1223 1069/1752/895
f 965/2601/1118 785/2350/1117 879/2602/1304
f 1150/1785/885 965/2601/1118 814/1786/923
f 1253/2090/1123 785/2350/1117 912/2088/1122
f 785/2350/1117 1253/2090/1123 879/2602/1304
f 879/2602/1304 814/1786/923 965/2601/1118
f 900/2086/781 1253/2090/1123 912/2088/1122
f 831/1787/924 814/1786/923 879/2602/1304
f 879/2602/1304 1253/2090/1123 893/2603/1305
f 893/2603/1305 848/2604/1306 879/2602/1304
f 1242/2605/1018 1241/2606/936 937/2607/1176
f 1141/1607/764 918/1606/763 1071/2608/1107
f 993/2001/1068 1187/2008/1072 1186/2009/1073
f 1316/1999/1067 817/2609/1301 1003/2493/1282
f 1125/2146/1105 743/2444/1064 992/2141/1151
f 1247/2479/1275 864/1683/836 1246/2610/1164
f 1246/2610/1164 864/1683/836 800/1682/823
f 1248/2411/1249 1247/2479/1275 1246/2610/1164
f 1115/2611/1128 969/2612/1022 897/2613/992
f 1254/1713/865 1036/2116/1135 1034/2284/1212
f 1077/2118/749 1081/2117/772 1306/2204/783
f 1144/2449/1015 1283/1908/1017 865/2614/928
f 1013/1766/907 1034/2284/1212 1043/2615/1307
f 954/1974/960 812/1973/1050 945/2616/1082
f 958/1827/958 951/2250/957 901/1828/959
f 836/1717/869 820/1719/870 1038/2617/929
f 1038/2617/929 799/2618/889 836/1717/869
f 1157/2557/1294 1153/2556/1293 1276/2555/1292
f 1153/2556/1293 1158/2558/1295 1312/1832/963
f 1158/2558/1295 1160/2619/1308 1312/1832/963
f 1160/2619/1308 1159/1854/975 1312/1832/963
f 1216/1843/931 898/1656/812 846/1883/999
f 1159/1854/975 806/1853/974 1312/1832/963
f 806/1853/974 1051/1830/961 1312/1832/963
f 1155/1831/962 1051/1830/961 809/1696/848
f 1051/1830/961 773/1855/976 809/1696/848
f 1161/2124/1140 1313/2160/1155 1312/1832/963
f 1312/1832/963 1313/2160/1155 1235/2159/1154
f 1312/1832/963 1235/2159/1154 1046/2620/1309
f 1235/2159/1154 787/2158/1153 1222/2397/1246
f 1046/2620/1309 1235/2159/1154 1222/2397/1246
f 787/2158/1153 933/2157/1152 1233/2161/1156
f 1046/2620/1309 1222/2397/1246 1267/2375/1234
f 1046/2620/1309 1267/2375/1234 1308/2498/1287
f 1312/1832/963 1046/2620/1309 1153/2556/1293
f 1153/2556/1293 1046/2620/1309 1088/2497/1286
f 1267/2375/1234 1329/2377/1236 1308/2498/1287
f 1329/2377/1236 1225/2379/1238 1308/2498/1287
f 1046/2620/1309 1308/2498/1287 1088/2497/1286
f 1088/2497/1286 1050/2500/1289 917/2621/1310
f 1276/2555/1292 1163/2123/1139 1157/2557/1294
f 1328/2562/1299 1274/1801/937 1276/2555/1292
f 1328/2562/1299 1276/2555/1292 818/2622/1311
f 1276/2555/1292 1153/2556/1293 818/2622/1311
f 818/2622/1311 1153/2556/1293 1088/2497/1286
f 1088/2497/1286 917/2621/1310 818/2622/1311
f 987/2440/1262 1115/2104/1128 1325/2623/991
f 1115/2624/1128 897/2625/992 1325/2626/991
f 966/2478/1274 1314/2417/1252 907/2266/993
f 882/1840/966 1314/2417/1252 966/2478/1274
f 1246/2610/1164 1118/1902/1013 1248/2411/1249
f 1050/2500/1289 1089/2496/1285 1024/2627/1312
f 1089/2496/1285 1092/2309/1218 1090/2310/1219
f 917/2621/1310 1050/2500/1289 1203/2628/1313
f 1050/2500/1289 1024/2627/1312 1202/2629/1314
f 1203/2628/1313 1050/2500/1289 1202/2629/1314
f 1090/2310/1219 1024/2627/1312 1089/2496/1285
f 770/2630/1058 874/2587/1035 1255/2580/1303
f 770/2630/1058 1255/2580/1303 1113/2251/1195
f 1299/2267/1201 775/1645/801 866/1687/840
f 1199/2487/1277 759/2486/1278 1197/2489/1279
f 759/2486/1278 1200/2631/997 1197/2489/1279
f 851/1844/969 1223/2374/1233 1224/1845/970
f 870/2384/1242 851/1844/969 1268/1846/971
f 1225/2379/1238 1228/2378/1237 1227/2632/1315
f 1308/2633/1287 1225/2634/1238 1091/2635/1210
f 793/2499/1288 1308/2498/1287 795/2308/1217
f 795/2308/1217 1308/2498/1287 1091/2282/1210
f 1225/2379/1238 1227/2632/1315 1091/2282/1210
f 1089/2496/1285 930/2495/1284 793/2499/1288
f 1092/2309/1218 1089/2496/1285 793/2499/1288
f 795/2308/1217 1092/2309/1218 793/2499/1288
f 1091/2282/1210 1227/2632/1315 1018/2283/1211
f 1227/2632/1315 1228/2378/1237 780/2380/1239
f 1227/2632/1315 780/2380/1239 994/2381/1240
f 994/2381/1240 1018/2283/1211 1227/2632/1315
f 754/2636/941 748/2073/940 1127/2072/1114
f 1045/2339/1228 905/2198/921 911/2595/1200
f 905/2198/921 1033/2637/890 911/2595/1200
f 1037/2638/760 1036/2639/1135 1040/1820/864
f 1044/2338/1185 1037/2638/760 1040/1820/864
f 1210/1886/1002 905/2198/921 1045/2339/1228
f 952/1979/1054 883/2248/1116 798/1596/753
f 883/2248/1116 895/1594/751 798/1596/753
f 988/2640/1260 971/2641/1150 987/2440/1262
f 971/2642/1150 1164/2643/1149 1324/2644/1263
f 987/2440/1262 971/2641/1150 1324/2441/1263
f 1325/2623/991 988/2640/1260 987/2440/1262
f 743/2444/1064 1164/2443/1149 778/2142/1148
f 743/2444/1064 778/2142/1148 992/2141/1151
f 792/2645/1316 960/2646/1012 946/2647/1317
f 946/2647/1317 953/2068/956 792/2645/1316
f 953/2068/956 950/2067/1112 792/2645/1316
f 1030/2232/861 1029/2648/825 1327/1960/1039
f 1327/1960/1039 1032/2229/1184 1030/2232/861
f 836/1717/869 1040/1820/864 1205/1718/866
f 940/2649/1291 1243/2650/882 1245/2651/910
f 1216/1795/931 1213/1794/930 855/2594/968
f 1221/1773/912 826/1775/914 1012/1858/979
f 826/1775/914 877/2110/1131 1012/1858/979
f 1301/1857/978 1221/1773/912 1012/1858/979
f 877/2110/1131 1001/1859/980 1012/1858/979
f 1200/2631/997 877/2652/1131 1197/2489/1279
f 877/2653/1131 826/2654/914 1197/2655/1279
f 1163/2123/1139 1116/1803/939 1055/1802/938
f 1231/1695/847 817/2565/1301 1316/2656/1067
f 1316/1999/1067 1303/2394/1245 1231/2393/847
f 770/2657/1058 1113/2658/1195 1256/2659/917
f 770/2511/1058 1256/1779/917 775/1645/801
f 1033/2660/890 1282/2661/1014 1041/2662/1199
f 1041/2258/1199 911/2259/1200 1033/2663/890
f 1150/1739/885 1151/1738/884 965/2082/1118
f 914/2664/1255 845/2535/887 1011/1962/1041
f 1011/1962/1041 999/2534/1086 914/2664/1255
f 847/2665/1318 1179/2305/1214 1022/2307/1216
f 847/2665/1318 1022/2307/1216 805/1667/821
f 1176/2666/1319 847/2667/1318 1020/2668/820
f 1176/2666/1319 1020/2668/820 1175/2451/1266
f 805/1667/821 1020/1666/820 847/2665/1318
f 1020/2668/820 1021/2669/1111 1175/2451/1266
f 1021/2669/1111 873/2040/1091 1175/2451/1266
f 1172/2670/1320 1120/2671/1321 1175/2451/1266
f 1175/2451/1266 1120/2671/1321 1176/2666/1319
f 1171/2672/1322 1172/2673/1320 1175/2674/1266
f 1174/2256/1198 1252/2255/1197 1171/2675/1322
f 1173/2046/1097 1170/2234/1188 1174/2256/1198
f 1175/2451/1266 1173/2046/1097 1174/2256/1198
f 1171/2672/1322 1175/2674/1266 1174/2676/1198
f 1323/2134/1147 744/2395/1103 1320/2135/1145
f 960/2677/1012 962/2678/1124 947/2679/1046
f 868/2680/1138 973/2681/1010 792/2645/1316
f 950/2067/1112 868/2680/1138 792/2645/1316
f 973/2681/1010 960/2646/1012 792/2645/1316
f 947/2679/1046 946/2682/1317 960/2677/1012
f 953/2683/956 946/2684/1317 943/2685/1049
f 946/2682/1317 947/2679/1046 956/2686/1045
f 943/1972/1049 946/2687/1317 956/1968/1045
f 953/2683/956 943/2685/1049 802/2688/1323
f 802/2688/1323 943/2685/1049 901/2689/959
f 901/2690/959 953/2691/956 802/2692/1323
f 816/2693/1115 888/1863/983 803/2458/1267
f 944/1865/985 803/2458/1267 888/1863/983
f 1282/1907/1014 1281/2694/973 1283/1908/1017
f 846/2522/999 1236/2163/1158 1213/1794/930
f 1213/1794/930 1236/2163/1158 1234/2162/1157
f 1234/2162/1157 1156/2126/1142 1213/1794/930
f 887/2536/1208 845/2535/887 1212/2590/886
f 1080/1629/785 934/2695/748 1306/1627/783
f 745/2696/1324 1147/2337/1227 753/2697/1325
f 1147/2337/1227 832/2698/1326 1148/2699/1327
f 1147/2337/1227 1148/2699/1327 756/2700/1328
f 745/2696/1324 765/1877/996 1217/1876/995
f 1147/2337/1227 745/2696/1324 1217/1876/995
f 753/2697/1325 766/2058/1106 745/2696/1324
f 756/2700/1328 753/2697/1325 1147/2337/1227
f 749/2701/1113 747/2702/994 765/2703/996
f 765/1877/996 745/2696/1324 766/2058/1106
f 1005/1746/891 1319/2286/1213 1083/1747/892
f 759/2484/1278 760/1890/1003 1200/1879/997
f 760/1890/1003 761/1953/1037 1200/1879/997
f 761/1953/1037 919/1880/998 1200/1879/997
f 877/2704/1131 1200/1879/997 1284/1878/796
f 1166/1838/845 934/2352/748 1072/1882/831
f 934/2352/748 904/2705/1223 1072/1882/831
f 1158/2706/1295 998/2707/1296 1160/2708/1308
f 998/2559/1296 1159/1854/975 1160/2619/1308
f 1216/1843/931 1009/1654/810 898/1656/812
f 898/1656/812 852/1759/901 1169/1758/900
f 846/2522/999 794/1796/932 1216/1795/931
f 1315/2563/1300 1278/1928/1026 859/2709/1302
f 931/1892/1005 1139/1762/903 1220/2710/1329
f 1151/1738/884 944/1865/985 959/1977/1052
f 1036/2116/1135 1014/2518/835 1034/2284/1212
f 1042/2445/1194 1013/1766/907 1043/2615/1307
f 893/2711/1305 1253/2712/1123 1317/1897/1008
f 1253/2712/1123 1237/2167/780 1317/1897/1008
f 848/2713/1306 893/2711/1305 928/2047/1098
f 929/1780/918 975/1782/920 969/2101/1022
f 1317/1897/1008 928/2047/1098 893/2711/1305
f 928/2047/1098 1067/2714/851 848/2713/1306
f 790/2413/1251 767/1834/964 1198/2319/1220
f 1290/1851/972 1198/2319/1220 767/1834/964
f 790/2413/1251 1198/2319/1220 1062/2033/1088
f 1198/2319/1220 1257/2034/1089 1062/2033/1088
f 776/2715/1087 1256/2716/917 1113/2717/1195
f 1062/2033/1088 776/2032/1087 790/2413/1251
f 1063/2318/1167 1263/2254/1166 1265/1822/953
f 1262/1679/833 891/1688/841 1265/1822/953
f 1265/1822/953 1257/2034/1089 1063/2318/1167
f 1263/2254/1166 1262/1679/833 1265/1822/953
f 1101/2002/1069 1209/1632/788 1108/1727/876
f 1147/2337/1227 1145/1648/804 1149/2718/1330
f 1145/1648/804 1146/1906/1016 1149/2718/1330
f 1143/2463/1270 1251/2461/1269 1139/1762/903
f 1270/2560/1297 1271/1926/1024 1274/1801/937
f 928/2047/1098 1317/1897/1008 1311/1898/1009
f 1083/1747/892 1319/2286/1213 1073/2326/860
f 1073/1708/860 1319/2719/1213 1318/1884/1000
f 1215/2228/1183 1318/2720/1000 1319/2286/1213
f 892/2721/834 1262/2722/833 1064/2723/1187
f 817/2609/1301 1288/2492/1281 1003/2493/1282
f 1032/2229/1184 1327/1960/1039 838/2724/909
f 838/2724/909 1327/1960/1039 1245/2725/910
f 940/2726/1291 1245/2725/910 1327/1960/1039
f 774/1959/1038 1005/1746/891 940/2726/1291
f 1327/1960/1039 774/1959/1038 940/2726/1291
f 883/2248/1116 888/1863/983 816/2693/1115
f 837/2273/1205 894/2099/1127 1058/2098/793
f 837/2273/1205 1058/2098/793 810/1980/1055
f 837/2273/1205 810/1980/1055 842/1595/752
f 837/2273/1205 895/1594/751 803/2458/1267
f 803/2727/1267 895/2079/751 816/2078/1115
f 838/2724/909 1118/2175/1013 1032/2229/1184
f 1028/1604/761 1032/2229/1184 1118/2175/1013
f 1283/1908/1017 1144/2449/1015 832/2698/1326
f 832/2698/1326 1144/2449/1015 1049/2448/1264
f 1149/2718/1330 1283/1908/1017 832/2698/1326
f 832/2698/1326 1147/2337/1227 1149/2718/1330
f 1054/2510/1290 1272/1647/803 779/1905/754
f 779/1905/754 1272/1647/803 909/1824/955
f 1327/2531/1039 1208/2529/1182 796/2728/1040
f 831/1787/924 879/2602/1304 848/2604/1306
f 848/2604/1306 1007/1698/850 831/1787/924
f 1315/2593/1300 859/2729/1302 1119/2494/1283
f 1135/2730/765 1243/2731/882 940/2732/1291
f 1149/2718/1330 1146/1906/1016 1283/1908/1017
f 880/2195/1170 861/1812/946 1097/1590/747
f 1093/1588/745 1097/1590/747 861/1812/946
f 1100/2197/779 880/2195/1170 1097/1590/747
f 797/2112/778 1189/2013/1077 1098/2733/1331
f 1189/2013/1077 1192/2012/1076 1188/2460/1268
f 1192/2012/1076 1220/2710/1329 1188/2460/1268
f 1192/2012/1076 931/1892/1005 1220/2710/1329
f 1188/2460/1268 889/2196/1171 1098/2733/1331
f 797/2734/778 1098/2735/1331 889/2736/1171
f 797/2112/778 1097/1590/747 1095/1589/746
f 1188/2460/1268 1098/2733/1331 1189/2013/1077
f 1136/2475/1273 1137/2474/1271 1133/2737/1253
f 1137/2470/1271 1138/2472/1272 1133/2422/1253
f 1138/2472/1272 1130/1761/902 1133/2422/1253
f 973/2477/1010 882/1840/966 966/2478/1274
f 1281/2694/973 799/2738/889 1038/2739/929
f 865/2614/928 1281/2694/973 1038/2739/929
f 865/2614/928 1283/1908/1017 1281/2694/973
f 1130/1761/902 1142/1760/855 908/2331/1226
f 1139/1762/903 1251/2461/1269 1220/2710/1329
f 1251/2461/1269 1188/2460/1268 1220/2710/1329
f 1242/1910/1018 937/2216/1176 915/1684/837
f 1007/2740/850 848/2713/1306 1067/2714/851
o rock15hi
v -13.541857 1.112152 -3.905542
v -13.601843 1.270457 -4.168691
v -13.586908 1.131588 -4.084590
v -13.522322 1.260839 -3.882042
v -13.668382 0.971343 -3.983229
v -13.578895 1.036175 -3.877056
v -13.476451 1.204810 -3.610527
v -13.630397 1.188219 -4.104243
v -13.592325 0.939681 -3.551901
v -13.609591 0.988340 -3.812513
v -13.583319 1.052853 -3.589970
v -13.535097 1.288403 -3.949367
v -13.578367 1.247395 -4.017261
v -13.582056 0.977480 -3.926703
v -13.545840 1.171614 -3.868884
v -13.578014 1.068639 -3.942046
v -13.601262 1.044511 -3.681934
v -13.595386 0.954493 -3.615525
v -13.562029 1.239571 -3.953533
v -13.555609 1.175125 -3.798531
v -13.586034 1.146063 -3.961890
v -13.648259 1.090768 -4.100513
v -13.676776 1.078383 -4.164096
v -13.676694 1.044095 -4.117281
v -13.556802 1.105272 -3.994354
v -13.681832 1.016292 -4.059500
v -13.591806 1.058027 -4.046158
v -13.700647 0.900853 -3.886381
v -13.585012 1.017635 -3.759425
v -13.653505 0.978371 -3.898403
v -11.143993 -0.027448 -1.886863
v -11.178691 0.115737 -1.932007
v -10.995477 0.094068 -2.200689
v -10.801969 0.406363 -3.364172
v -10.087111 -0.061157 -3.026530
v -10.093054 -0.128747 -2.934788
v -10.782580 0.095122 -2.383191
v -10.557447 -0.030329 -2.548012
v -10.564415 0.042273 -2.675632
v -11.680125 0.364715 -2.042991
v -10.834724 0.507900 -3.493474
v -10.782427 0.524130 -3.548060
v -11.254977 -0.128439 -1.740968
v -11.141929 0.076857 -1.934703
v -11.347280 0.189463 -1.986578
v -11.742276 0.794141 -5.386015
v -11.940685 0.973268 -4.914585
v -13.143830 0.138589 -6.445917
v -12.070997 1.054998 -5.014331
v -13.146578 0.088161 -6.470557
v -12.692476 1.007062 -5.672319
v -11.270355 0.533802 -5.541997
v -12.669796 0.804725 -6.061551
v -13.311478 0.217308 -6.426400
v -12.746998 1.250161 -4.621283
v -13.602572 0.840060 -5.716993
v -13.297440 1.535296 -3.881047
v -12.949728 1.115042 -5.756199
v -11.917953 0.956765 -5.250897
v -11.616805 0.770190 -5.299952
v -12.038535 0.795508 -6.045300
v -12.734164 0.393484 -2.171433
v -12.709023 -0.087249 -2.001221
v -12.302074 0.867213 -2.797537
v -11.598931 0.744062 -4.887343
v -13.269218 0.266506 -6.352941
v -11.447854 0.905319 -4.200996
v -12.663778 0.391225 -2.069443
v -11.867497 0.529324 -6.114667
v -12.489216 0.855901 -6.096375
v -13.800478 0.735239 -5.598478
v -12.207748 0.025380 -1.837688
v -12.301929 1.048202 -5.459458
v -11.748552 0.817121 -5.554749
v -13.195314 1.437773 -4.855406
v -14.040154 0.245570 -4.648597
v -13.297772 0.595557 -2.832946
v -11.353185 -0.055437 -5.800689
v -12.613445 0.323275 -2.086082
v -12.740395 1.589513 -4.587476
v -13.995190 0.280787 -4.715970
v -12.187696 0.318316 -2.004136
v -11.875371 0.661893 -3.102942
v -11.932914 1.010731 -4.770882
v -13.342792 1.426695 -3.623404
v -12.595270 1.095558 -5.583879
v -13.296031 1.239010 -5.140794
v -11.833393 0.830709 -5.745331
v -12.181471 0.709662 -2.486813
v -12.426635 0.983236 -5.882370
v -13.206614 -0.011612 -6.463334
v -11.845860 0.890437 -5.329342
v -13.728905 1.048913 -5.409503
v -12.601275 0.258763 -6.369411
v -12.184361 1.269454 -4.319183
v -11.895864 0.934761 -5.519009
v -13.397654 1.483883 -4.796594
v -12.278625 0.841496 -5.986556
v -13.510564 0.473263 -3.086048
v -12.007003 0.957637 -4.974496
v -13.226022 1.549559 -3.940302
v -11.495308 0.690023 -5.687071
v -12.556798 1.452614 -4.364428
v -10.947954 0.466376 -5.124879
v -11.366750 0.721022 -5.084961
v -11.539630 0.712813 -5.225101
v -12.170992 0.734259 -5.923470
v -13.361674 0.607407 -6.011840
v -12.266644 0.406713 -6.205613
v -12.831210 0.843036 -2.557014
v -12.506193 1.023755 -5.871436
v -12.921249 1.025188 -5.799977
v -11.478673 0.600537 -5.516187
v -13.615957 0.112471 -6.142927
v -12.376727 1.095335 -5.300086
v -10.276188 0.197109 -4.491649
v -12.257061 1.118041 -4.986173
v -13.525343 0.799695 -3.270654
v -12.513630 1.013316 -2.904230
v -12.286742 1.109773 -4.858160
v -11.827719 0.789784 -4.855815
v -13.076376 1.260603 -4.763611
v -10.282414 0.107041 -4.500947
v -13.528248 0.149012 -6.268251
v -13.937184 -0.044569 -4.029438
v -13.028965 1.228443 -5.053539
v -13.313025 1.545565 -4.851359
v -11.556345 0.670084 -5.602530
v -11.706101 0.697233 -3.282162
v -11.414517 0.662056 -5.189742
v -13.030319 1.198558 -5.154766
v -10.873465 0.630079 -4.435578
v -12.457574 0.913944 -2.760562
v -13.693609 0.107443 -5.984951
v -13.599968 0.653050 -3.370795
v -11.983994 0.744100 -2.915638
v -12.267557 0.399391 -2.107505
v -10.780024 0.457902 -5.298094
v -12.699114 0.958533 -5.853008
v -11.942020 0.910906 -5.118753
v -13.519052 0.824402 -3.336421
v -13.193378 1.372304 -4.804174
v -11.083658 0.509122 -5.554856
v -11.925354 0.572475 -6.025044
v -13.470733 0.549608 -3.054268
v -11.828846 0.078285 -6.026058
v -11.116888 0.442770 -5.388253
v -13.514723 1.016057 -3.340572
v -11.649875 0.768274 -5.594025
v -12.464163 0.891584 -6.031445
v -13.000423 1.169315 -5.039165
v -13.479071 1.371053 -4.182845
v -11.780705 0.835473 -5.409155
v -11.849030 0.835064 -5.350224
v -10.849337 0.536018 -4.625940
v -11.751051 1.029188 -4.584694
v -12.765676 0.932483 -6.001083
v -12.874141 1.086129 -5.432141
v -12.416360 0.832071 -2.824416
v -12.445226 0.464016 -2.132181
v -12.455248 1.197527 -4.891791
v -11.547372 0.717478 -5.607358
v -12.019936 0.845186 -6.044660
v -13.655569 0.191613 -6.019628
v -12.374472 0.870961 -2.636018
v -12.968593 1.514767 -3.936313
v -11.342125 0.651721 -5.557111
v -12.501415 1.076397 -5.590876
v -13.467530 1.349625 -4.875032
v -13.601275 1.202146 -5.071411
v -11.967140 0.857045 -6.017761
v -10.444860 -0.037856 -5.278029
v -13.526662 0.374097 -2.956111
v -13.301041 0.495242 -2.761515
v -13.722307 1.035019 -5.187298
v -12.798780 0.454524 -2.224260
v -11.514159 0.252322 -2.027785
v -13.709656 0.239736 -5.993918
v -10.130365 -0.107277 -3.945908
v -11.974804 0.968421 -5.038549
v -13.982382 0.166915 -4.485726
v -11.053871 0.560995 -4.873699
v -13.088236 0.992571 -5.989051
v -12.154165 1.236891 -4.343846
v -12.032659 1.048127 -4.886529
v -10.305551 -0.068377 -4.165352
v -12.008369 0.697809 -3.067975
v -13.608507 1.218905 -5.006997
v -9.945882 -0.102797 -3.335402
v -13.355869 0.310621 -2.612913
v -12.103413 0.411948 -2.109386
v -13.303564 1.161535 -5.229840
v -13.662783 1.077377 -5.398527
v -11.569567 0.645767 -5.544046
v -13.097102 1.222904 -5.143836
v -13.532347 0.729718 -5.869033
v -11.631480 0.836098 -3.995838
v -13.451478 1.474531 -3.990041
v -13.184956 1.499831 -3.755822
v -13.352796 1.558109 -4.291742
v -13.388521 1.553417 -4.467945
v -13.440704 1.495892 -4.058509
v -13.335740 1.543791 -4.092237
v -11.193899 0.626081 -5.104866
v -11.136930 0.653293 -4.986941
v -10.686864 0.403815 -5.223794
v -11.122456 0.572732 -5.087493
v -11.038228 0.413305 -5.227470
v -11.017895 0.548127 -5.060428
v -11.116035 0.527672 -5.178613
v -11.438104 0.727697 -4.971775
v -11.519745 0.716470 -5.459381
v -11.403419 0.733683 -5.119142
v -11.550932 0.723221 -5.547678
v -11.322492 0.591435 -5.767191
v -11.405569 0.627144 -5.722386
v -11.271488 0.613541 -5.594088
v -11.269028 0.601936 -5.363930
v -11.124939 0.528467 -5.644532
v -11.208536 0.538441 -5.357743
v -11.317505 0.626823 -5.304610
v -11.305975 0.640744 -5.258816
v -11.990823 -0.127028 -6.354127
v -10.859735 0.353727 -5.397582
v -11.154225 0.588797 -5.247643
v -11.396095 0.648221 -5.363455
v -11.556532 -0.045152 -5.874002
v -12.881209 0.376546 -6.242785
v -12.787474 1.402113 -3.843784
v -13.341949 1.338740 -3.451018
v -13.991704 0.314484 -4.402524
v -13.449373 0.653643 -5.971324
v -13.484116 1.466819 -4.045204
v -11.696222 0.798307 -5.241954
v -10.085176 -0.128711 -2.716558
v -12.322139 1.183681 -4.877144
v -13.036116 0.943617 -5.989433
v -13.166657 1.041333 -2.865615
v -11.890897 0.883441 -5.060034
v -12.775073 1.122130 -2.961328
v -13.821260 0.697174 -5.512690
v -11.513134 0.807305 -3.979074
v -13.458667 0.560661 -6.026976
v -12.898880 -0.006785 -2.103544
v -12.798744 1.191243 -4.666235
v -12.814569 0.988057 -5.663030
v -12.649935 1.464887 -4.609747
v -13.481527 0.731055 -3.177022
v -12.410783 0.865885 -2.771243
v -12.606842 0.639271 -6.127628
v -12.269532 0.225302 -1.895132
v -13.411500 1.170016 -3.511082
v -11.666150 -0.067560 -5.910275
v -13.203869 0.589507 -6.052942
v -12.969478 1.192392 -5.120686
v -14.249214 -0.107535 -4.770343
v -13.354999 1.150646 -5.525876
v -12.737509 0.402627 -2.107968
v -11.251950 0.753185 -4.040092
v -13.567779 0.237617 -2.973577
v -12.018059 0.927525 -5.869359
v -12.439446 0.888140 -2.710141
v -13.811522 0.109361 -3.682954
v -11.680107 0.763194 -5.815569
v -13.994035 0.091498 -4.192577
v -13.134051 1.085356 -2.843816
v -13.555091 1.315046 -4.710919
v -13.586637 0.064274 -2.868747
v -12.418147 1.401830 -4.463757
v -12.398470 1.085333 -5.643317
v -12.607533 1.241047 -4.721756
v -12.618404 1.251067 -4.604394
v -13.630363 0.845058 -3.479553
v -13.643671 0.758919 -3.446840
v -13.451892 1.157446 -3.429095
v -13.662908 1.169478 -4.223979
v -13.565191 0.863486 -3.371511
v -13.651829 0.413723 -3.401798
v -13.417558 1.199058 -3.455239
v -13.767664 0.958395 -4.347528
v -13.737894 1.037871 -4.439133
v -13.747658 0.819239 -3.958068
v -13.794938 0.811294 -4.152348
v -13.754536 0.767479 -3.937309
v -13.693554 0.782634 -3.559781
v -13.722176 0.836431 -3.817420
v -13.739719 0.593814 -3.569543
v -13.678923 0.287165 -3.367593
v -13.473791 0.764673 -3.243188
v -13.713169 0.726268 -3.620771
v -11.938063 -0.079758 -6.095235
v -10.207299 0.147820 -3.421415
v -10.050011 0.018084 -3.235843
v -10.161427 0.164585 -3.627481
v -10.165408 0.105332 -3.579051
v -10.063434 -0.110934 -3.607912
v -11.811738 0.820156 -5.573476
v -11.819345 0.791240 -5.625430
v -13.415243 0.291098 -6.317563
v -12.998849 1.141043 -5.118516
v -11.856421 1.038016 -4.598480
v -12.597569 0.235381 -2.076428
v -13.293136 -0.028312 -6.456715
v -11.488238 0.781965 -4.712860
v -12.502750 0.834679 -2.521046
v -12.497010 1.015152 -3.041721
v -12.919203 1.136958 -5.622780
v -13.765378 0.657429 -5.708924
v -11.095697 0.641809 -4.625273
v -12.048013 0.653240 -6.047206
v -12.015580 0.739597 -6.068654
v -11.701962 0.159374 -1.954702
v -11.865452 0.937412 -4.900020
v -11.800330 0.818601 -5.788979
v -13.427835 0.428465 -2.858351
v -13.013170 1.094531 -5.788731
v -13.393929 0.463246 -6.108994
v -12.053567 -0.134204 -1.617056
v -11.525496 0.704801 -5.293646
v -12.951262 0.350906 -2.234486
v -13.072369 1.083307 -2.826977
v -12.565249 0.494954 -2.121109
v -11.935965 0.958490 -5.157073
v -12.876693 1.306722 -4.730002
v -13.438787 1.330452 -4.915648
v -11.475700 0.734188 -5.355273
v -11.536742 0.728904 -5.361465
v -13.948699 0.209134 -4.069517
v -12.167815 0.809158 -2.799613
v -11.722988 0.769239 -5.037096
v -12.911752 1.151937 -4.932941
v -12.726692 1.144804 -4.660948
v -13.131466 1.183582 -4.863420
v -13.215541 1.221800 -4.894558
v -12.963013 1.182617 -4.737739
v -12.464684 1.264759 -4.545277
v -13.037147 1.199822 -4.947813
v -12.953480 1.034909 -2.719185
v -12.737091 1.045232 -2.811254
v -13.044526 1.140440 -2.987953
v -12.657077 0.827620 -2.590318
v -12.681479 0.831306 -2.635160
v -12.814989 0.783884 -2.542210
v -12.878763 0.991747 -2.747964
v -13.028857 1.285883 -3.205570
v -12.953371 1.213606 -3.028921
v -12.541635 0.923132 -2.694500
v -12.581275 0.896913 -2.683794
v -12.551854 0.825696 -2.535892
v -13.249007 1.355668 -3.429294
v -12.896267 1.097783 -2.906241
v -12.669790 0.941681 -2.760455
v -12.590781 0.994420 -2.744931
v -13.358361 1.225277 -5.256135
v -12.752770 1.035579 -5.654078
v -12.911740 0.836828 -2.547658
v -12.539325 1.132549 -5.392283
v -13.643198 1.136057 -5.327801
v -11.889339 0.853078 -5.551418
v -11.672108 0.762492 -5.335762
v -13.107532 1.589045 -4.653590
v -12.214841 1.211788 -4.435426
v -12.883632 0.474436 -2.266129
v -12.507874 0.232086 -2.099397
v -12.981553 1.085759 -5.125208
v -12.107279 0.080415 -1.713764
v -12.934305 0.755146 -2.552630
v -12.640293 1.337362 -3.921819
v -13.059906 1.517597 -4.806904
v -13.861029 -0.128180 -5.788301
v -12.434013 0.320701 -2.039313
v -13.536919 -0.094129 -2.700410
v -13.370000 1.556253 -4.782759
v -12.513571 0.523400 -2.255673
v -13.372343 0.232408 -6.365321
v -12.742271 1.111597 -5.402248
v -13.475916 1.456401 -4.518389
v -12.648823 -0.073063 -1.954289
v -11.058638 -0.035858 -5.750867
v -13.141971 1.083863 -2.899922
v -10.381103 0.285369 -4.181609
v -11.744208 0.365271 -2.017274
v -12.490082 0.389442 -2.029151
v -12.413559 0.537328 -2.180280
v -11.692914 0.294109 -1.995296
v -11.778038 0.187733 -1.965264
v -12.417006 0.387722 -2.075704
v -12.222445 0.247446 -1.866083
v -12.153231 0.373264 -2.105686
v -12.096886 0.464228 -2.109391
v -12.217360 0.512744 -2.108724
v -11.948119 0.284317 -2.022744
v -11.978817 0.150446 -1.774007
v -12.292344 0.287484 -1.916525
v -12.646526 0.436088 -2.101287
v -12.027345 0.356099 -2.105691
v -12.751498 0.569931 -2.326694
v -10.904970 0.500489 -5.095068
v -11.284269 0.855626 -4.405690
v -10.515200 0.436109 -4.191369
v -10.519227 0.430774 -4.350980
v -10.974079 0.601361 -4.356349
v -10.514895 0.385742 -4.234262
v -10.423714 0.373750 -4.482095
v -11.061871 0.737105 -4.406330
v -10.636286 0.470349 -4.071251
v -10.982612 0.602656 -4.302048
v -10.573021 0.337831 -5.143572
v -10.917501 0.541256 -4.628873
v -10.761960 0.569824 -4.445626
v -10.998584 0.727470 -4.564938
v -12.604548 0.802282 -6.127990
v -13.455610 0.132035 -6.333205
v -13.470778 1.187822 -5.132560
v -12.489311 0.659280 -6.072045
v -12.305593 1.172156 -4.937294
v -13.953681 0.332489 -5.336613
v -11.865450 0.937370 -5.198014
v -11.892975 1.090043 -4.414636
v -12.945752 0.581520 -6.184678
v -12.202284 1.037519 -5.392130
v -13.499382 1.431338 -4.186157
v -11.224616 0.031260 -1.944368
v -13.618886 1.213431 -4.680105
v -13.490638 0.299439 -2.836978
v -13.538188 0.688244 -3.231558
v -12.836143 1.065191 -5.705019
v -10.990918 0.581277 -4.931810
v -12.421980 0.689304 -5.967882
v -12.741769 0.968199 -5.903831
v -10.213363 -0.074661 -4.569297
v -10.286495 -0.058121 -5.049352
v -10.332946 0.145183 -4.949323
v -10.307096 0.205549 -4.880542
v -10.264602 0.196537 -4.674658
v -13.694180 1.009678 -5.264969
v -14.011936 0.468576 -4.806085
v -13.975230 0.378323 -4.877626
v -14.029984 0.421972 -4.702848
v -13.579511 1.318777 -4.933392
v -13.589473 1.299084 -4.855893
v -13.757061 0.987123 -5.332746
v -13.698253 1.111958 -5.301987
v -13.960774 0.178532 -4.415029
v -14.057366 0.158888 -4.586092
v -14.012161 0.151626 -4.389800
v -13.938136 0.323770 -5.138986
v -12.813246 1.618814 -4.602890
v -12.840483 1.509433 -4.726469
v -13.539154 0.902639 -5.762306
v -13.818596 0.645573 -5.541718
v -13.581588 0.924621 -5.558634
v -13.567420 1.056862 -5.514576
v -13.515226 0.886462 -5.686548
v -13.590998 0.984806 -5.520014
v -13.873093 0.348849 -5.682897
v -13.562102 0.522911 -6.113575
v -13.592212 0.873444 -5.589913
v -13.638937 0.604969 -5.945910
v -13.585312 0.546673 -6.052662
v -13.122223 1.045933 -5.944165
v -13.375483 1.166773 -5.417715
v -13.770276 0.947838 -5.520107
v -13.732807 0.852273 -5.633695
v -13.567380 0.861576 -5.766551
v -13.490399 1.008099 -5.686732
v -13.567207 1.088807 -5.411480
v -13.308169 0.978287 -5.915019
v -13.393319 0.744613 -5.953616
v -13.584380 0.786307 -5.815963
v -13.420887 0.794478 -5.949995
v -13.319706 0.771603 -6.026067
v -13.636335 0.751201 -5.860724
v -13.762074 0.602611 -5.755264
v -13.798651 0.305165 -5.790806
v -13.826872 0.570052 -5.635254
v -13.753842 0.660127 -5.588790
v -13.694641 0.330847 -5.996831
v -13.402353 0.685312 -5.984623
v -13.849825 0.466074 -5.659108
v -13.330026 1.429831 -4.865595
v -13.224307 1.286978 -4.864572
v -13.971562 0.258475 -4.550559
v -13.555642 1.360584 -4.486679
v -12.568904 0.279973 -2.071229
v -12.646769 0.744366 -2.468778
v -13.121257 1.099141 -5.232462
v -13.075755 0.577022 -6.138326
v -12.945496 0.202138 -6.392342
v -12.497226 0.946801 -5.968265
v -12.755447 0.859069 -6.025315
v -12.911725 0.616998 -6.158940
v -12.092657 0.674607 -5.971971
v -13.006084 0.444314 -6.271111
v -12.431176 0.602067 -6.096172
v -12.256182 0.665424 -5.897656
v -12.249705 0.616295 -6.055944
v -12.374216 0.963664 -6.038969
v -12.635204 0.967473 -5.881454
v -12.835939 0.897341 -5.997682
v -12.869208 0.847138 -6.029857
v -12.944841 0.112848 -6.484027
v -11.847740 0.615119 -6.082222
v -11.895977 0.040685 -6.074573
v -12.018260 -0.052216 -6.133366
v -11.989619 0.475132 -6.136066
v -12.019613 0.545519 -6.071659
v -12.073862 -0.016884 -6.185576
v -13.654383 0.250061 -3.265591
v -13.622393 0.380676 -3.250400
v -11.663589 0.672550 -5.931693
v -11.943013 0.749432 -6.065499
v -11.691009 0.736280 -5.888344
v -11.477529 0.652788 -5.831980
v -12.214505 0.947522 -5.998517
v -11.900798 0.699447 -6.072346
v -13.367586 0.658443 -2.905825
v -13.077378 0.831445 -2.650623
v -13.303441 0.445049 -2.674481
v -13.529511 0.157582 -2.815351
v -13.247650 0.746171 -2.793906
v -13.343755 0.608216 -2.868784
v -13.051325 1.063406 -2.747733
v -13.258058 1.175933 -3.040847
v -13.435902 0.196995 -2.724847
v -13.473742 0.780098 -3.164126
v -12.560334 0.761709 -2.466710
v -12.471395 1.382074 -4.516738
v -12.875738 0.336279 -2.190972
v -12.428082 0.210785 -2.017485
v -11.833305 0.876373 -5.505514
v -12.754263 0.497694 -2.271906
v -12.852982 0.703767 -2.528781
v -12.785473 0.528177 -2.333625
v -12.830090 0.654943 -2.440454
v -12.758394 0.258234 -2.105245
v -12.937753 0.422190 -2.272767
v -13.008938 0.708739 -2.532315
v -12.800374 0.742386 -2.513185
v -12.743468 0.482343 -2.146045
v -12.977798 0.877724 -2.582083
v -12.704707 1.128952 -4.976843
v -12.659154 1.173431 -4.985585
v -12.824896 1.097484 -5.201664
v -13.043813 1.087727 -5.903095
v -12.933968 1.034515 -5.929549
v -12.876193 1.064051 -5.761621
v -13.134947 1.566545 -4.052896
v -14.045052 0.361006 -4.622357
v -13.617508 1.243240 -4.440594
v -13.904950 0.730253 -4.614476
v -13.954016 0.233680 -4.445086
v -13.995241 0.249343 -4.350597
v -11.783759 0.669922 -3.018771
v -13.122953 1.208133 -4.740144
v -10.433220 -0.131047 -2.426725
v -11.728765 0.851459 -5.121055
v -11.762352 0.826032 -5.171042
v -12.074880 0.994998 -5.422827
v -12.561500 0.927215 -5.914727
v -13.268957 1.245480 -3.092717
v -11.656506 0.763765 -4.741622
v -11.715594 0.796461 -4.712503
v -11.820117 0.059146 -1.738187
v -13.611893 0.194915 -6.204602
v -11.733252 0.755149 -5.521886
v -11.189592 0.772344 -4.201620
v -13.752636 -0.075256 -2.895399
v -13.832511 -0.015699 -3.815078
v -12.575809 1.105680 -5.534932
v -12.819616 1.077305 -5.403091
v -13.399291 -0.121134 -2.528694
v -14.139948 -0.085847 -4.262277
v -14.207058 -0.099166 -4.555553
v -14.205614 -0.127362 -5.005180
v -10.211273 0.194293 -3.569523
v -10.378570 0.317859 -3.660632
v -10.624817 0.461953 -3.949895
v -10.427156 0.374573 -3.990609
v -10.370293 0.361744 -3.725410
v -10.178157 0.143457 -3.845677
v -13.147799 1.262980 -5.107029
v -13.227589 1.239418 -5.129674
v -13.299376 1.154808 -5.305491
v -13.192943 1.134970 -5.089077
v -13.248773 1.134544 -5.120313
v -13.036159 1.109805 -5.154693
v -13.302464 1.213187 -5.211912
v -13.269871 1.138610 -5.189950
v -11.681547 0.772283 -5.154648
v -11.742505 0.912937 -4.619359
v -11.774791 0.881450 -4.689946
v -11.807028 0.953217 -4.661629
v -11.830597 0.850764 -4.927921
v -12.476662 -0.129177 -6.406092
v -11.322592 0.612526 -5.659092
v -12.462073 0.555165 -2.219754
v -10.641926 0.460375 -3.772184
v -11.696230 0.881581 -4.679527
v -12.069471 0.950913 -5.464309
v -13.210171 0.177137 -6.486454
v -13.310770 0.593429 -6.072866
v -12.317166 -0.126120 -1.783983
v -12.350642 0.057309 -1.857375
v -11.639128 0.898619 -4.695716
v -14.008415 -0.118210 -5.490757
v -11.399210 0.879648 -4.620701
v -11.358143 0.829281 -4.673932
v -12.452359 0.689758 -2.299251
v -12.190927 0.020712 -1.764487
v -11.636900 0.803593 -3.895111
v -11.459580 0.805313 -3.860733
v -12.241135 1.280525 -4.378526
v -12.556511 1.379710 -4.594927
v -10.396770 -0.049770 -4.228387
v -12.240337 -0.056111 -1.767803
v -12.143583 -0.009995 -1.691507
v -12.513854 -0.021403 -1.931548
v -13.065734 0.504519 -6.228143
v -13.424492 0.507922 -6.097866
v -13.152388 0.553032 -6.153301
v -13.128885 0.658007 -6.106276
v -13.243077 0.305336 -6.292062
v -13.513276 0.536433 -6.138004
v -13.089037 1.609169 -4.598678
v -10.908490 -0.018237 -5.509709
v -12.346044 1.112217 -4.988620
v -13.117415 0.830485 -5.953953
v -13.202284 0.980855 -5.949124
v -13.293882 0.674950 -6.083178
v -13.158007 0.922230 -5.965641
v -13.348585 0.864948 -5.966423
v -13.267440 0.728538 -6.087530
v -12.407306 1.200383 -4.505181
v -12.368964 1.222669 -4.792888
v -12.878670 1.094080 -5.531022
v -13.177000 -0.125638 -6.458690
v -13.149696 0.035059 -6.468918
v -13.411220 -0.117845 -6.390996
v -13.391004 -0.055079 -6.410625
v -11.312527 0.847783 -4.264739
v -11.757149 1.076792 -4.320281
v -11.431499 0.854894 -4.185773
v -12.373274 1.168144 -4.978012
v -13.161458 1.348286 -4.762813
v -12.575166 0.701751 -2.391001
v -12.601022 0.714371 -2.443415
v -11.661680 0.971069 -4.155338
v -10.693529 0.348875 -3.360029
v -13.390583 1.219535 -5.190770
v -12.797081 -0.014468 -2.036617
v -10.145689 0.099146 -3.760839
v -11.899542 0.917643 -3.749170
v -11.934230 0.602116 -2.561578
v -12.120424 0.997306 -5.495797
v -11.882918 0.910265 -5.598108
v -12.055689 0.909765 -5.752462
v -12.064938 0.971248 -5.764271
v -11.839096 0.854556 -5.686947
v -12.376218 1.110484 -5.233645
v -13.140173 -0.128698 -2.290195
v -13.430223 1.236270 -3.554017
v -10.668539 -0.015444 -5.456569
v -11.670224 0.243690 -2.014585
v -12.407576 0.636969 -5.973708
v -13.150837 1.261463 -4.783082
v -13.396757 0.261948 -2.609575
v -11.536121 0.955721 -4.649869
v -11.606599 0.935318 -4.709131
v -11.529206 0.900146 -4.721838
v -11.189600 0.600311 -4.917867
v -11.321109 0.752205 -4.671593
v -12.619408 0.129298 -2.052381
v -12.539480 0.200158 -2.045110
v -12.649802 0.202900 -2.066261
v -12.667685 0.298754 -2.066625
v -13.737299 0.080658 -5.981855
v -13.550009 0.022252 -6.245607
v -12.561357 1.244008 -4.929385
v -12.620020 1.221724 -4.826681
v -12.167521 1.168671 -4.617359
v -12.480489 0.492693 -2.178829
v -12.730919 0.661840 -2.421976
v -12.670214 0.671816 -2.447923
v -11.622421 0.778906 -5.241251
v -11.597046 0.752436 -5.195694
v -13.334575 0.120750 -6.434690
v -13.261844 0.041222 -6.531247
v -13.361019 0.329680 -6.304080
v -13.505709 0.479987 -6.224225
v -12.778022 1.331083 -4.683622
v -12.460497 0.132817 -1.955769
v -11.328437 0.660281 -5.481663
v -13.198676 0.116659 -6.514279
v -13.190933 0.224708 -6.329773
v -13.300360 0.406237 -6.223556
v -12.126966 0.830164 -6.007342
v -12.047253 0.712711 -5.996875
v -13.502353 0.811099 -5.871863
v -13.859954 -0.034659 -3.373397
v -13.566435 0.285088 -2.934088
v -12.863156 1.008920 -5.943872
v -12.847328 0.975136 -5.974400
v -13.570641 1.347794 -4.250830
v -11.595812 0.685556 -4.981489
v -12.640491 1.135257 -4.857093
v -12.649294 1.141386 -4.723209
v -12.617519 1.209799 -4.671400
v -12.672255 0.721144 -6.111454
v -10.941948 0.409761 -5.469000
v -11.544809 0.130014 -2.011651
v -12.234729 1.120138 -4.816729
v -12.219770 1.059636 -4.881163
v -11.447242 0.147115 -2.032453
v -12.370635 1.129968 -5.067974
v -13.232202 0.877056 -5.988281
v -13.229749 0.770229 -6.037278
v -13.416806 1.482731 -4.694764
v -13.491370 1.426831 -3.984620
v -10.980017 0.638972 -3.951727
v -10.911678 0.579269 -3.923050
v -13.908812 0.309231 -3.942623
v -11.371233 0.039407 -1.922582
v -12.719168 0.545360 -2.213961
v -11.999346 0.961715 -5.689332
v -13.282623 0.453188 -6.125266
v -13.191898 1.309923 -4.795868
v -11.360401 0.710792 -4.876455
v -11.348878 0.756501 -4.930404
v -10.718534 -0.132001 -2.154850
v -10.856842 -0.135611 -1.914244
v -14.049051 -0.125654 -5.253088
vn -0.9608 0.1400 -0.2392
vn -0.8985 0.3505 0.2642
vn -0.9495 0.2235 0.2203
vn -0.9986 -0.0490 -0.0200
vn -0.6713 0.5019 0.5453
vn -0.9676 0.2042 0.1483
vn -0.2356 0.7057 -0.6682
vn 0.0607 0.9418 -0.3306
vn -0.5046 0.7343 -0.4541
vn -0.7345 0.3509 0.5809
vn -0.6294 0.4785 0.6123
vn -0.7293 0.4757 0.4919
vn -0.9274 -0.0737 0.3668
vn 0.0311 0.7453 0.6660
vn 0.2710 0.5501 0.7899
vn -0.1865 0.2836 0.9406
vn 0.1427 0.8713 -0.4695
vn 0.3309 0.9426 -0.0442
vn 0.7208 0.4802 -0.4998
vn 0.7671 0.5972 -0.2344
vn 0.7492 0.6590 0.0660
vn 0.4579 0.8564 -0.2385
vn -0.8051 0.5067 -0.3084
vn -0.5574 0.7753 -0.2971
vn -0.1507 0.6661 -0.7305
vn 0.1776 0.3594 -0.9161
vn 0.0282 0.8039 -0.5941
vn 0.3716 -0.1138 -0.9214
vn 0.4980 0.3650 0.7866
vn 0.2791 0.6769 0.6811
vn 0.4251 0.8205 0.3823
vn 0.4445 0.8366 -0.3201
vn 0.6525 0.7532 0.0832
vn 0.4258 0.9026 -0.0635
vn -0.9536 0.2651 0.1427
vn -0.8331 0.4173 0.3632
vn -0.9561 0.1970 0.2170
vn -0.0247 0.6471 -0.7620
vn -0.0313 0.3136 -0.9490
vn 0.1161 0.4419 -0.8895
vn 0.2005 0.2638 -0.9435
vn -0.2074 0.2906 -0.9341
vn 0.1238 0.2548 -0.9590
vn 0.3763 0.4326 -0.8193
vn 0.2914 0.8919 -0.3459
vn 0.1590 0.9865 -0.0398
vn 0.5559 0.7882 0.2639
vn 0.4448 0.8255 0.3475
vn 0.4639 0.7559 0.4619
vn -0.2850 0.4831 0.8279
vn -0.5113 0.3210 0.7972
vn -0.1151 0.3437 0.9320
vn -0.2561 0.6168 0.7443
vn -0.1656 0.7036 0.6910
vn -0.1918 0.6540 0.7318
vn -0.6708 0.7379 0.0740
vn -0.3929 0.9186 0.0429
vn -0.6595 0.7500 0.0509
vn 0.8808 0.4017 0.2508
vn 0.6762 0.6884 0.2626
vn 0.8573 0.5148 -0.0033
vn -0.9110 0.1410 0.3876
vn -0.8386 -0.0433 0.5430
vn -0.8958 0.2942 0.3331
vn 0.4115 0.9007 -0.1391
vn 0.4291 0.9006 0.0691
vn 0.4153 0.8913 -0.1819
vn 0.3804 0.8594 -0.3418
vn 0.5242 0.8114 -0.2585
vn 0.3609 0.9318 -0.0390
vn -0.6183 0.0822 0.7816
vn -0.5432 0.4682 0.6969
vn -0.8710 0.4170 -0.2597
vn -0.9350 0.0805 -0.3454
vn -0.8585 0.3050 -0.4124
vn 0.4069 0.9051 0.1232
vn 0.3202 0.8372 0.4433
vn 0.4727 0.8536 0.2189
vn 0.1727 0.6487 -0.7412
vn 0.1888 0.6809 -0.7077
vn 0.2899 0.6529 -0.6998
vn -0.1786 0.5255 0.8318
vn -0.1457 0.3823 0.9125
vn 0.0521 0.1233 0.9910
vn -0.2383 0.3503 -0.9058
vn 0.0234 0.3770 -0.9259
vn -0.4014 0.6461 -0.6492
vn -0.2463 0.5274 0.8131
vn -0.1531 0.7346 0.6610
vn -0.5379 0.4854 0.6892
vn 0.4829 0.8701 0.0986
vn 0.5455 0.7812 0.3036
vn 0.6316 0.7246 0.2755
vn 0.8815 -0.0135 -0.4720
vn 0.9068 0.2592 -0.3326
vn 0.8294 0.5581 -0.0247
vn 0.4980 0.8666 0.0325
vn 0.0097 0.8765 0.4813
vn 0.1412 0.9143 0.3797
vn -0.1104 0.8437 0.5254
vn 0.7879 0.5893 -0.1788
vn 0.3184 0.8930 -0.3181
vn 0.4868 0.8735 0.0063
vn 0.3333 0.2026 -0.9208
vn -0.4348 0.5040 -0.7463
vn -0.7513 0.0383 -0.6589
vn -0.2577 0.3154 -0.9133
vn 0.6586 0.7350 0.1615
vn 0.2793 0.9390 0.2005
vn 0.2313 0.8766 -0.4221
vn -0.8525 -0.0077 -0.5226
vn -0.8193 -0.2673 -0.5072
vn -0.5217 0.3774 -0.7652
vn -0.9660 -0.0159 0.2580
vn -0.8240 0.4882 0.2874
vn 0.1103 -0.9907 0.0796
vn -0.3714 0.6971 0.6132
vn -0.1520 0.9201 0.3609
vn -0.6167 0.7076 0.3450
vn 0.5802 0.7985 0.1608
vn 0.3587 0.9305 -0.0739
vn 0.6542 0.7550 0.0450
vn -0.3398 0.7782 -0.5281
vn -0.6105 0.6885 -0.3914
vn -0.2582 0.7567 -0.6007
vn -0.7875 -0.0915 0.6095
vn -0.7500 0.5323 0.3927
vn -0.6630 0.6259 -0.4108
vn -0.8310 0.5494 -0.0872
vn -0.7301 0.6007 -0.3258
vn -0.3127 0.7913 0.5255
vn -0.5044 0.5532 0.6630
vn -0.3052 0.7186 0.6248
vn -0.0544 0.8595 0.5082
vn 0.3477 0.9288 -0.1280
vn 0.4017 0.8253 -0.3969
vn -0.9094 0.3936 0.1347
vn -0.8891 0.4507 0.0794
vn -0.8750 0.3425 0.3422
vn -0.0141 0.0793 -0.9968
vn 0.0142 0.3018 -0.9533
vn 0.4509 0.8762 0.1702
vn 0.3256 0.9007 0.2874
vn 0.1558 0.9875 0.0246
vn 0.0136 0.5705 -0.8212
vn 0.0574 0.4379 -0.8972
vn 0.1064 0.3822 0.9179
vn -0.1334 0.3199 0.9380
vn -0.1876 0.2880 0.9391
vn -0.0604 0.8313 -0.5526
vn 0.1946 0.9215 -0.3360
vn 0.3446 0.7806 -0.5214
vn -0.4605 0.7278 -0.5081
vn -0.1443 0.8951 -0.4219
vn -0.5893 0.2690 -0.7618
vn 0.2598 0.9044 0.3386
vn 0.2843 0.9381 0.1977
vn 0.4331 0.8354 -0.3383
vn 0.7813 0.5798 -0.2311
vn 0.5753 0.7372 0.3543
vn 0.4468 0.8773 0.1752
vn 0.4710 0.8555 0.2150
vn -0.5394 0.5297 0.6546
vn -0.3829 0.8195 0.4264
vn -0.5141 0.5615 0.6484
vn -0.9015 0.1505 -0.4057
vn -0.8452 0.2047 -0.4937
vn -0.8732 -0.0787 -0.4810
vn 0.3583 0.8827 -0.3041
vn 0.4318 0.9019 0.0073
vn 0.5253 0.8004 -0.2888
vn 0.4159 -0.1278 -0.9004
vn 0.4125 0.6460 -0.6423
vn 0.5419 -0.0380 -0.8396
vn 0.4019 0.9092 0.1092
vn -0.9680 0.0829 -0.2370
vn -0.9445 -0.0148 -0.3281
vn -0.7254 0.4052 0.5565
vn -0.4650 0.5575 0.6877
vn 0.2997 0.9373 -0.1780
vn 0.8511 0.5129 -0.1122
vn 0.7400 0.6718 -0.0327
vn 0.9576 0.1334 0.2553
vn 0.4067 0.6771 -0.6133
vn 0.2497 0.7090 -0.6595
vn 0.5746 0.3359 -0.7463
vn 0.1741 0.9458 -0.2741
vn 0.4896 0.6812 -0.5443
vn 0.6080 0.7762 -0.1669
vn 0.4844 0.8665 -0.1203
vn 0.1306 0.9673 -0.2173
vn 0.7619 0.5668 -0.3135
vn 0.1734 0.8976 -0.4052
vn 0.1537 -0.0722 -0.9855
vn 0.2586 0.0703 -0.9634
vn -0.0295 0.3612 0.9320
vn -0.0188 0.3564 0.9341
vn -0.6546 0.4185 -0.6296
vn -0.6537 0.1192 -0.7473
vn -0.7764 -0.0048 -0.6302
vn -0.8639 -0.0009 -0.5037
vn 0.4870 0.8447 0.2221
vn 0.7014 0.6538 0.2838
vn 0.6795 0.6634 0.3132
vn -0.1011 0.5690 0.8161
vn -0.0561 0.7867 0.6148
vn -0.1455 0.7295 0.6684
vn -0.1464 0.2341 -0.9611
vn -0.3555 -0.2976 -0.8860
vn 0.3314 0.7567 -0.5635
vn 0.3988 0.5486 -0.7349
vn 0.3866 0.5005 -0.7746
vn -0.1659 0.4578 -0.8734
vn -0.1831 0.6774 -0.7125
vn -0.8190 0.5602 0.1246
vn -0.8672 0.3018 0.3960
vn -0.9545 0.2552 0.1542
vn 0.3481 0.8854 -0.3079
vn -0.5581 0.7801 -0.2830
vn 0.5565 0.3475 -0.7547
vn 0.6000 0.2442 -0.7618
vn 0.4015 0.7755 -0.4873
vn -0.4983 0.8634 0.0794
vn -0.1635 -0.1738 -0.9711
vn 0.1441 -0.1275 -0.9813
vn 0.0860 -0.3318 -0.9394
vn -0.1507 0.9163 -0.3711
vn 0.0142 0.5212 -0.8533
vn -0.5375 -0.0314 -0.8427
vn -0.3246 -0.2937 -0.8991
vn -0.3092 0.3503 0.8841
vn 0.1930 0.0935 0.9767
vn 0.0565 -0.1604 0.9854
vn -0.7334 0.1760 0.6567
vn -0.8607 -0.0480 0.5068
vn 0.5313 0.5907 -0.6073
vn 0.4625 0.7937 -0.3953
vn 0.5857 0.4526 -0.6724
vn -0.6402 0.6854 0.3469
vn -0.3145 0.5991 0.7363
vn -0.9425 -0.2929 0.1609
vn -0.9407 0.0285 0.3381
vn -0.8723 -0.1037 0.4779
vn -0.1290 0.3740 -0.9184
vn -0.3248 -0.1854 -0.9274
vn -0.2548 0.5640 -0.7855
vn 0.0799 0.6642 -0.7433
vn 0.1475 0.8147 -0.5608
vn -0.3730 0.0389 -0.9270
vn 0.0138 0.5965 -0.8025
vn 0.8426 0.5179 -0.1473
vn 0.6144 0.7889 0.0111
vn 0.6343 0.7690 -0.0791
vn 0.2973 0.9369 -0.1842
vn 0.3717 0.9017 -0.2210
vn 0.3917 0.7839 -0.4818
vn -0.0795 -0.1424 -0.9866
vn -0.3027 -0.2219 -0.9269
vn -0.8052 0.3653 -0.4671
vn -0.9365 0.1280 -0.3265
vn 0.6719 0.7131 -0.1999
vn 0.7559 0.6351 -0.1591
vn 0.3781 0.8389 -0.3915
vn 0.1463 0.5092 -0.8481
vn -0.0442 0.6516 -0.7573
vn 0.0532 0.4686 -0.8818
vn 0.2084 0.9546 -0.2128
vn 0.1057 0.8772 -0.4683
vn 0.3376 0.8905 -0.3050
vn -0.4198 0.8258 -0.3766
vn -0.5153 0.7709 -0.3744
vn -0.7636 0.6446 0.0376
vn 0.1875 0.3394 -0.9218
vn -0.5125 0.7784 0.3626
vn -0.2512 0.9400 0.2307
vn -0.5968 0.7606 0.2555
vn -0.4824 0.8704 0.0983
vn -0.2983 0.9524 0.0633
vn -0.7914 0.6002 0.1157
vn 0.5095 0.8511 0.1270
vn 0.3451 0.7989 -0.4925
vn 0.4336 0.8962 0.0942
vn 0.3276 0.9447 0.0153
vn -0.9474 0.3068 -0.0913
vn -0.6746 0.7265 -0.1306
vn -0.9257 0.3634 0.1053
vn -0.7568 0.6005 -0.2582
vn -0.9303 0.3647 0.0394
vn 0.0586 0.9434 -0.3265
vn -0.7071 0.3815 0.5954
vn -0.8764 0.2971 0.3789
vn -0.7993 0.3993 0.4492
vn -0.5483 0.3783 0.7458
vn -0.7261 0.3217 0.6077
vn -0.6933 0.7170 0.0731
vn -0.6677 0.6838 0.2943
vn -0.5126 0.8535 0.0936
vn -0.0265 -0.0050 0.9996
vn 0.0917 0.0942 0.9913
vn -0.1022 0.3552 0.9292
vn -0.1634 -0.1196 0.9793
vn 0.0969 0.5266 0.8446
vn 0.1119 0.6980 0.7073
vn -0.0550 0.4571 0.8877
vn 0.2117 0.5434 0.8123
vn -0.4872 0.2826 0.8263
vn -0.4056 0.4015 0.8211
vn -0.4483 -0.0284 0.8934
vn -0.4616 0.0516 0.8856
vn -0.2693 0.3304 0.9046
vn -0.2329 0.5310 0.8147
vn -0.4981 0.3977 0.7706
vn -0.3876 0.5246 0.7580
vn -0.5754 0.0225 0.8176
vn -0.5387 -0.2906 0.7908
vn -0.5606 0.5395 0.6282
vn -0.7906 0.4364 0.4295
vn -0.5611 0.3399 0.7548
vn -0.3807 0.3689 0.8479
vn -0.4201 0.2208 0.8802
vn -0.5880 0.4645 0.6622
vn -0.1311 0.0757 0.9885
vn -0.0022 0.7096 0.7046
vn -0.2823 0.6951 0.6612
vn -0.4079 0.5421 0.7347
vn -0.6608 0.6263 0.4137
vn -0.1519 0.4464 0.8818
vn 0.0549 0.3217 0.9453
vn 0.0463 0.8123 0.5814
vn -0.0176 0.1503 0.9885
vn -0.1227 0.0430 0.9915
vn 0.5502 0.8351 -0.0001
vn 0.1229 0.9916 0.0408
vn 0.2480 0.4169 -0.8744
vn 0.6896 0.2724 -0.6710
vn -0.7919 0.3406 0.5068
vn 0.1172 0.1371 -0.9836
vn 0.0618 0.5643 -0.8232
vn 0.9714 0.2227 0.0820
vn 0.8986 0.4362 -0.0486
vn 0.8548 0.3363 -0.3953
vn 0.8027 0.5165 -0.2980
vn 0.9426 0.2949 0.1568
vn 0.7417 0.5584 -0.3717
vn 0.3197 0.9271 -0.1958
vn 0.5218 0.8379 -0.1601
vn 0.5357 0.7318 0.4214
vn 0.4662 0.7919 0.3944
vn 0.4886 0.7779 0.3951
vn -0.7513 0.3290 0.5721
vn -0.4142 0.5333 0.7376
vn 0.2397 0.4110 -0.8795
vn -0.4124 -0.0116 -0.9109
vn 0.5551 0.8309 -0.0370
vn 0.5504 0.8173 -0.1704
vn 0.4348 0.8949 -0.1008
vn 0.5151 0.8498 0.1120
vn 0.4236 0.7971 -0.4303
vn 0.1453 0.9768 -0.1573
vn 0.0819 0.8698 -0.4865
vn 0.2433 0.9199 -0.3075
vn -0.1258 0.5387 -0.8330
vn 0.1679 0.7220 0.6712
vn -0.2189 0.6419 0.7349
vn 0.2138 0.6249 0.7508
vn 0.2180 0.7145 0.6648
vn 0.8567 0.3367 0.3907
vn 0.3742 0.9270 0.0262
vn 0.5988 0.7782 0.1896
vn 0.8202 0.5553 0.1375
vn 0.2651 0.3378 -0.9031
vn -0.4482 0.0268 -0.8935
vn -0.7722 0.2892 0.5657
vn 0.0847 0.9509 0.2976
vn -0.1375 0.9900 -0.0312
vn 0.2402 0.9445 0.2242
vn -0.7565 0.6306 0.1732
vn -0.6885 0.3456 0.6377
vn -0.7238 0.5708 0.3877
vn -0.6431 0.3060 0.7020
vn -0.3829 0.3581 -0.8516
vn -0.6459 0.1684 -0.7446
vn -0.7965 -0.0513 -0.6024
vn -0.3841 0.6284 -0.6764
vn -0.6658 -0.1969 -0.7196
vn -0.6092 0.2200 -0.7619
vn -0.3392 0.5259 -0.7800
vn -0.0839 0.9877 -0.1319
vn -0.2562 0.9360 -0.2416
vn -0.1380 0.9884 -0.0641
vn -0.7827 0.6211 -0.0397
vn -0.5453 0.8153 -0.1948
vn -0.8985 0.4266 0.1033
vn -0.8611 0.4893 0.1385
vn -0.8813 0.4725 0.0058
vn -0.9065 0.3999 0.1355
vn -0.9163 0.3483 0.1980
vn -0.8840 0.4222 0.2007
vn -0.8558 0.4936 0.1546
vn -0.9135 0.3081 0.2658
vn -0.8793 0.4752 -0.0306
vn -0.9140 0.3378 0.2248
vn -0.8895 0.4206 0.1786
vn -0.8231 0.5030 0.2639
vn -0.9099 0.2231 0.3497
vn -0.8716 0.3249 0.3671
vn -0.9342 0.2971 0.1974
vn -0.9447 0.2475 0.2152
vn -0.9158 0.3624 0.1732
vn -0.9590 0.1025 0.2642
vn -0.9624 0.1598 0.2198
vn -0.9439 0.2012 0.2618
vn -0.8883 0.2191 0.4036
vn -0.9146 0.2217 0.3382
vn -0.9654 -0.0537 0.2551
vn -0.9072 0.3326 0.2577
vn -0.9692 0.1475 0.1971
vn -0.8557 0.4809 0.1912
vn -0.7474 0.4026 0.5285
vn -0.7566 0.5384 0.3711
vn -0.8894 0.4158 0.1898
vn -0.9347 0.3010 0.1891
vn -0.6111 0.4931 0.6192
vn -0.8571 0.3363 0.3903
vn -0.6319 0.6812 0.3696
vn -0.7873 0.4309 0.4410
vn -0.7536 0.2991 0.5853
vn -0.8095 0.2763 0.5181
vn -0.8824 0.3370 0.3284
vn -0.8697 0.3759 0.3198
vn -0.9239 0.2302 0.3056
vn -0.9610 0.1820 -0.2082
vn -0.7906 0.1495 -0.5938
vn -0.8627 0.3032 0.4046
vn 0.3091 0.7699 -0.5583
vn -0.0643 0.4174 -0.9064
vn -0.0823 0.4627 -0.8827
vn 0.2811 0.8363 -0.4706
vn -0.2549 0.7585 -0.5998
vn 0.0694 0.6408 -0.7646
vn -0.4392 0.3978 -0.8055
vn -0.4428 0.4679 -0.7649
vn 0.1112 0.8996 -0.4224
vn 0.2862 0.8719 -0.3973
vn 0.0179 0.5483 -0.8361
vn 0.2307 0.6236 -0.7469
vn -0.1659 0.7014 0.6932
vn -0.2907 0.7590 0.5826
vn -0.1249 0.8447 0.5205
vn 0.0902 0.7181 0.6901
vn -0.4159 0.7649 0.4920
vn 0.7416 0.6641 -0.0950
vn 0.7388 0.6285 -0.2434
vn 0.6929 0.6051 -0.3920
vn 0.4663 0.7661 -0.4423
vn 0.8291 0.5329 0.1691
vn -0.8948 0.3167 0.3147
vn 0.0737 0.8523 0.5178
vn 0.6495 0.7187 -0.2482
vn 0.4714 0.8438 -0.2565
vn 0.9169 0.3605 0.1714
vn 0.8834 0.4415 0.1570
vn 0.6746 0.6938 0.2520
vn 0.6023 0.7788 0.1753
vn 0.9373 0.3322 -0.1050
vn 0.6263 0.7446 0.2309
vn 0.7848 0.6169 -0.0599
vn 0.8765 0.4604 -0.1403
vn 0.8471 0.4826 -0.2226
vn 0.8975 0.2475 -0.3650
vn 0.6064 0.7925 -0.0643
vn 0.6497 0.7589 0.0449
vn 0.5890 0.7204 -0.3663
vn 0.4335 0.8578 -0.2761
vn 0.4686 0.4618 -0.7530
vn 0.2958 0.1244 -0.9471
vn 0.2092 0.8965 -0.3906
vn 0.4859 0.4296 -0.7611
vn 0.6468 0.4028 -0.6476
vn -0.0327 0.9690 0.2447
vn -0.2981 0.7524 0.5874
vn -0.2979 0.8514 0.4318
vn -0.5120 0.7851 0.3485
vn -0.0119 0.3996 -0.9166
vn 0.0482 0.6268 -0.7777
vn -0.1564 -0.5294 -0.8338
vn -0.5541 -0.0941 -0.8271
vn 0.5079 0.5931 -0.6247
vn 0.6185 0.5798 -0.5304
vn 0.5553 0.8314 -0.0212
vn 0.2675 0.8751 -0.4034
vn 0.2558 0.9596 0.1171
vn 0.1812 0.9766 0.1156
vn 0.3219 0.9464 -0.0258
vn 0.3553 0.9150 0.1912
vn 0.5075 0.8474 -0.1560
vn 0.3335 0.9424 -0.0271
vn -0.7666 0.6334 -0.1054
vn -0.8784 0.4735 0.0646
vn -0.7897 0.6117 -0.0468
vn -0.1657 0.6779 -0.7162
vn -0.5870 0.4541 -0.6702
vn -0.3854 0.6075 -0.6945
vn -0.3692 0.4551 -0.8103
vn -0.3505 0.6815 -0.6424
vn -0.3321 0.4265 -0.8413
vn -0.4997 0.3705 -0.7829
vn 0.6068 0.7779 0.1633
vn -0.3109 0.5356 0.7852
vn 0.1113 0.6703 0.7337
vn 0.1684 0.8486 0.5015
vn 0.3096 0.7313 0.6077
vn -0.3104 0.4380 0.8437
vn 0.2290 0.5482 0.8044
vn 0.2995 0.7387 0.6038
vn 0.0491 0.7685 0.6379
vn 0.0883 0.7424 0.6641
vn 0.1559 0.8133 0.5605
vn 0.1896 0.7244 0.6628
vn 0.2738 0.6853 0.6748
vn 0.2158 0.5948 0.7743
vn 0.4376 0.7710 0.4627
vn 0.4787 0.8224 0.3075
vn 0.3726 0.8296 0.4158
vn 0.4306 0.8694 0.2425
vn 0.3539 0.8586 0.3709
vn 0.4094 0.7675 0.4933
vn 0.2338 0.9330 0.2737
vn 0.3171 0.9060 0.2803
vn 0.4382 0.8725 0.2161
vn 0.4442 0.8613 0.2465
vn 0.2788 0.9273 0.2500
vn 0.4077 0.8744 0.2631
vn 0.2255 0.9701 0.0895
vn 0.4417 0.6887 0.5749
vn 0.4230 0.8669 0.2638
vn 0.3728 0.9260 0.0598
vn 0.3260 0.9052 -0.2728
vn 0.4555 0.8712 0.1831
vn 0.4280 0.5276 -0.7338
vn 0.4242 0.8182 0.3882
vn 0.2511 0.9661 -0.0597
vn 0.1570 0.9823 0.1017
vn 0.2923 0.9410 0.1705
vn 0.5054 0.8566 -0.1038
vn 0.3560 0.9313 0.0766
vn 0.3777 0.9258 0.0185
vn 0.5879 0.8061 -0.0682
vn 0.4818 0.8753 0.0407
vn 0.4876 0.8344 0.2570
vn 0.2623 0.8524 0.4523
vn 0.3415 0.9326 0.1167
vn 0.4645 0.8359 0.2924
vn 0.4452 0.8285 0.3396
vn 0.5745 0.6730 0.4659
vn 0.4262 0.8553 0.2947
vn 0.5311 0.8473 0.0012
vn 0.5215 0.5988 -0.6079
vn 0.3021 0.6542 -0.6934
vn -0.5084 0.6411 -0.5748
vn -0.5887 -0.1089 -0.8010
vn -0.8759 0.0758 -0.4765
vn -0.9453 0.1520 -0.2887
vn -0.9095 0.2560 -0.3276
vn -0.6528 0.5984 -0.4645
vn -0.1945 0.5493 -0.8126
vn -0.2977 0.4769 -0.8270
vn -0.2644 0.6785 -0.6854
vn 0.0301 0.5752 -0.8175
vn -0.0222 0.4671 -0.8839
vn -0.2446 0.4321 -0.8680
vn -0.1221 0.4034 -0.9068
vn -0.1547 0.3037 -0.9401
vn 0.1523 0.3129 -0.9375
vn 0.1705 0.3972 -0.9018
vn -0.0031 0.7984 -0.6021
vn 0.2156 0.3645 -0.9059
vn 0.1851 0.5527 -0.8126
vn 0.0603 0.7754 -0.6286
vn 0.0849 0.5816 -0.8090
vn 0.0267 0.2995 -0.9537
vn -0.8693 0.4935 -0.0271
vn -0.9741 0.1900 -0.1225
vn -0.9202 0.2567 -0.2955
vn -0.8479 0.4626 -0.2589
vn -0.9957 -0.0608 -0.0701
vn -0.7779 0.6229 -0.0830
vn -0.8203 0.5425 0.1812
vn -0.8176 0.5758 -0.0021
vn -0.9090 0.4143 0.0454
vn -0.8828 0.4688 -0.0301
vn -0.9922 0.1097 -0.0599
vn -0.9952 -0.0072 0.0973
vn -0.9988 0.0066 0.0477
vn -0.9845 0.1308 -0.1172
vn -0.9944 -0.0101 -0.1055
vn -0.9712 0.1403 -0.1927
vn -0.6651 0.7101 0.2310
vn -0.9792 -0.0650 -0.1924
vn -0.8460 0.4699 -0.2518
vn -0.9955 -0.0897 -0.0302
vn -0.9380 -0.0654 0.3405
vn 0.1672 0.3620 -0.9171
vn -0.2960 0.8402 -0.4544
vn -0.7177 0.3524 -0.6006
vn -0.5664 0.2746 -0.7771
vn -0.4330 0.1243 -0.8928
vn -0.5516 0.2571 -0.7935
vn -0.6095 0.3807 -0.6954
vn -0.7230 0.6192 -0.3063
vn -0.3761 0.8747 -0.3056
vn -0.8049 0.5537 -0.2134
vn -0.7668 0.6366 -0.0825
vn -0.8284 0.5564 -0.0643
vn -0.8684 0.4443 -0.2203
vn -0.7677 0.6370 -0.0698
vn -0.9891 0.1045 -0.1037
vn 0.4746 0.8798 -0.0258
vn 0.5054 0.8297 -0.2372
vn 0.6231 0.0308 -0.7815
vn -0.7549 0.3127 0.5765
vn -0.6527 0.1447 0.7436
vn -0.7088 0.1502 0.6892
vn 0.4683 0.8836 0.0028
vn 0.4348 0.8629 -0.2577
vn 0.0290 0.9681 -0.2488
vn -0.1943 0.9809 -0.0001
vn 0.2245 0.5027 0.8348
vn 0.4339 0.8935 0.1156
vn 0.4811 0.8765 -0.0154
vn 0.4143 0.8085 0.4179
vn 0.4051 0.6766 0.6149
vn 0.5200 0.8170 -0.2492
vn 0.2194 0.9360 -0.2753
vn -0.0336 0.9955 0.0882
vn 0.6155 0.5851 -0.5280
vn 0.0536 0.5570 0.8288
vn -0.0188 0.9869 0.1605
vn 0.0369 0.9455 0.3235
vn 0.2946 0.5295 -0.7955
vn 0.0139 0.9578 -0.2871
vn 0.3370 0.4141 -0.8455
vn -0.0751 0.9798 -0.1853
vn 0.2491 0.7057 -0.6632
vn 0.1312 0.9768 -0.1693
vn 0.0828 0.9576 -0.2759
vn 0.2956 0.2522 -0.9214
vn 0.2166 0.1820 -0.9592
vn 0.4522 0.7213 -0.5246
vn 0.3432 0.7443 -0.5729
vn 0.4905 0.3688 -0.7895
vn 0.5383 0.5530 -0.6360
vn 0.4950 0.5567 -0.6672
vn 0.4075 -0.0424 -0.9122
vn 0.5679 -0.0427 -0.8220
vn 0.2987 0.0924 -0.9499
vn 0.6211 0.7118 -0.3279
vn 0.4943 0.1798 -0.8505
vn 0.6310 0.1469 -0.7618
vn 0.4658 0.3731 -0.8024
vn 0.7025 0.4156 -0.5777
vn 0.6789 0.4383 -0.5891
vn 0.6229 0.6814 -0.3842
vn -0.1325 0.4554 -0.8804
vn -0.6074 0.7740 -0.1789
vn 0.1775 -0.2110 -0.9612
vn 0.2600 -0.2714 -0.9267
vn 0.5279 0.2111 -0.8227
vn 0.4341 -0.1691 -0.8849
vn 0.5946 -0.2498 -0.7642
vn 0.4085 0.1966 -0.8913
vn 0.3754 -0.2724 -0.8859
vn 0.2543 0.0169 -0.9670
vn 0.6193 0.1117 -0.7771
vn 0.7720 0.1957 -0.6048
vn 0.3013 0.7468 -0.5929
vn 0.4154 0.3397 -0.8438
vn 0.5580 0.8053 0.2003
vn 0.3054 0.9522 -0.0104
vn -0.9106 0.0663 0.4079
vn -0.8682 0.1477 0.4738
vn 0.4877 0.7969 -0.3565
vn 0.2047 0.9342 -0.2923
vn -0.2808 0.9552 0.0931
vn -0.4927 0.8700 -0.0175
vn 0.2682 0.9507 -0.1558
vn 0.7702 0.4311 -0.4700
vn 0.6164 0.6510 -0.4430
vn 0.3802 0.8391 -0.3890
vn 0.4127 0.8521 -0.3220
vn 0.1967 0.8208 -0.5363
vn 0.3794 0.6480 -0.6604
vn -0.1727 0.9616 -0.2135
vn -0.0482 0.9743 -0.2199
vn -0.2287 0.9731 -0.0281
vn -0.2927 0.8745 -0.3867
vn -0.1470 0.9873 -0.0599
vn -0.1011 0.9644 -0.2445
vn 0.3370 0.8740 -0.3500
vn 0.8621 0.4988 -0.0898
vn 0.4206 0.9062 -0.0448
vn 0.5143 0.8067 -0.2910
vn 0.5142 0.8408 -0.1693
vn -0.3361 0.4453 -0.8299
vn -0.3784 0.5671 -0.7316
vn 0.0200 0.8373 -0.5464
vn 0.2883 0.9509 0.1127
vn 0.2401 0.9678 0.0758
vn 0.4524 0.8553 -0.2525
vn -0.2644 0.7449 -0.6126
vn 0.0780 0.9657 -0.2478
vn 0.2638 0.9515 -0.1580
vn 0.2689 0.9434 -0.1940
vn 0.2761 0.9588 -0.0670
vn 0.2151 0.9602 -0.1784
vn -0.0621 0.8784 -0.4739
vn -0.0246 0.9734 -0.2279
vn 0.0393 0.9773 -0.2082
vn 0.1491 0.6360 -0.7571
vn 0.0510 -0.3496 -0.9355
vn 0.3336 0.9210 -0.2010
vn 0.4172 0.8578 0.3003
vn 0.1652 0.9795 0.1148
vn 0.3023 0.9312 -0.2038
vn 0.8653 0.4854 -0.1251
vn 0.5095 0.7852 -0.3521
vn 0.3742 0.8752 -0.3066
vn 0.2673 0.9470 -0.1781
vn 0.3622 0.8057 -0.4686
vn 0.6031 0.7974 -0.0176
vn 0.5501 0.8329 -0.0611
vn 0.0300 -0.9992 0.0280
vt 0.269207 0.185140
vt 0.263309 0.185159
vt 0.272255 0.182174
vt 0.272339 0.176555
vt 0.275588 0.172928
vt 0.275441 0.179559
vt 0.366291 0.450635
vt 0.375834 0.450699
vt 0.369503 0.454612
vt 0.434722 0.252643
vt 0.435788 0.256426
vt 0.431535 0.271203
vt 0.482027 0.256030
vt 0.478516 0.256398
vt 0.479814 0.252643
vt 0.373867 0.118441
vt 0.373159 0.129969
vt 0.368583 0.123851
vt 0.187065 0.389870
vt 0.192116 0.383577
vt 0.195628 0.390804
vt 0.161083 0.477824
vt 0.165344 0.475999
vt 0.165344 0.481380
vt 0.239776 0.129237
vt 0.234961 0.130764
vt 0.233527 0.126075
vt 0.398385 0.252643
vt 0.405792 0.259905
vt 0.398600 0.260958
vt 0.454921 0.335068
vt 0.459760 0.329890
vt 0.459760 0.353319
vt 0.109176 0.476246
vt 0.112049 0.469371
vt 0.113857 0.473079
vt 0.328608 0.234834
vt 0.322222 0.234222
vt 0.331079 0.231840
vt 0.417471 0.451628
vt 0.417471 0.459645
vt 0.410530 0.453905
vt 0.048299 0.483039
vt 0.048299 0.489410
vt 0.043183 0.486126
vt 0.397453 0.241872
vt 0.395316 0.245217
vt 0.397513 0.235418
vt 0.179561 0.069854
vt 0.173281 0.062892
vt 0.177635 0.056222
vt 0.386036 0.114323
vt 0.391884 0.112503
vt 0.400284 0.119346
vt 0.071884 0.313420
vt 0.071531 0.308453
vt 0.076025 0.312274
vt 0.216726 0.373170
vt 0.212869 0.373008
vt 0.213763 0.365621
vt 0.478927 0.044894
vt 0.477602 0.049438
vt 0.475524 0.043218
vt 0.295629 0.225181
vt 0.295893 0.220023
vt 0.298574 0.223878
vt 0.089779 0.303453
vt 0.102985 0.313248
vt 0.106482 0.321104
vt 0.471567 0.489084
vt 0.476502 0.486729
vt 0.476502 0.491941
vt 0.244207 0.400054
vt 0.236737 0.388339
vt 0.244719 0.382853
vt 0.297376 0.068353
vt 0.290597 0.071937
vt 0.292817 0.060844
vt 0.131947 0.049085
vt 0.120082 0.032404
vt 0.124720 0.031745
vt 0.009250 0.470409
vt 0.003741 0.477696
vt 0.003728 0.469749
vt 0.483831 0.216417
vt 0.479746 0.215728
vt 0.483831 0.211634
vt 0.091906 0.418955
vt 0.094238 0.425936
vt 0.086481 0.422240
vt 0.366683 0.188981
vt 0.373843 0.197921
vt 0.366254 0.193015
vt 0.142530 0.308257
vt 0.141429 0.303776
vt 0.145494 0.291389
vt 0.078386 0.482238
vt 0.079001 0.485841
vt 0.073431 0.484316
vt 0.103982 0.309843
vt 0.122328 0.211900
vt 0.135103 0.215116
vt 0.119436 0.216639
vt 0.161906 0.330893
vt 0.164309 0.337933
vt 0.152919 0.339136
vt 0.417649 0.308421
vt 0.416328 0.313029
vt 0.413003 0.310399
vt 0.447471 0.369292
vt 0.447471 0.373147
vt 0.442825 0.371624
vt 0.095882 0.180790
vt 0.092179 0.179984
vt 0.095237 0.176968
vt 0.486416 0.302691
vt 0.482748 0.299723
vt 0.483974 0.294827
vt 0.164638 0.361161
vt 0.164638 0.388079
vt 0.162631 0.373523
vt 0.129852 0.230416
vt 0.152115 0.226249
vt 0.154049 0.231185
vt 0.140566 0.297673
vt 0.134997 0.299694
vt 0.139090 0.293157
vt 0.321840 0.296107
vt 0.317394 0.279317
vt 0.321992 0.278864
vt 0.441058 0.041934
vt 0.442289 0.046682
vt 0.434795 0.041577
vt 0.205045 0.420559
vt 0.197368 0.421923
vt 0.204178 0.408856
vt 0.081553 0.188151
vt 0.076961 0.193353
vt 0.076296 0.188525
vt 0.467796 0.222456
vt 0.472535 0.211634
vt 0.472535 0.224884
vt 0.163505 0.488591
vt 0.163505 0.494842
vt 0.161083 0.492551
vt 0.268611 0.207154
vt 0.267535 0.211016
vt 0.264923 0.205226
vt 0.096411 0.420600
vt 0.101965 0.423498
vt 0.139577 0.311498
vt 0.137208 0.315971
vt 0.135168 0.313034
vt 0.375834 0.460975
vt 0.369354 0.460166
vt 0.077140 0.315248
vt 0.076024 0.321827
vt 0.071025 0.319658
vt 0.419186 0.400681
vt 0.423023 0.399756
vt 0.424013 0.415105
vt 0.494877 0.309903
vt 0.494877 0.316999
vt 0.493147 0.314003
vt 0.114866 0.200580
vt 0.464854 0.019930
vt 0.463479 0.015123
vt 0.468309 0.018470
vt 0.172634 0.475639
vt 0.176601 0.465706
vt 0.176601 0.479412
vt 0.334820 0.457347
vt 0.335114 0.451250
vt 0.340324 0.456502
vt 0.461551 0.386883
vt 0.461551 0.410092
vt 0.459475 0.395412
vt 0.202864 0.098580
vt 0.183764 0.085305
vt 0.198419 0.089447
vt 0.282674 0.375642
vt 0.270659 0.360324
vt 0.283677 0.361718
vt 0.137697 0.303760
vt 0.402834 0.477740
vt 0.397963 0.472320
vt 0.402834 0.469973
vt 0.072166 0.348577
vt 0.072999 0.362006
vt 0.043367 0.358470
vt 0.107861 0.260276
vt 0.116193 0.254531
vt 0.124133 0.257756
vt 0.079001 0.478981
vt 0.381427 0.170244
vt 0.402689 0.173588
vt 0.391599 0.191959
vt 0.216558 0.482269
vt 0.217438 0.489375
vt 0.212572 0.489375
vt 0.461485 0.198424
vt 0.461485 0.204285
vt 0.457426 0.204122
vt 0.182045 0.353522
vt 0.178786 0.348900
vt 0.183962 0.349234
vt 0.100852 0.465313
vt 0.099339 0.454399
vt 0.100852 0.443311
vt 0.453260 0.322363
vt 0.449561 0.300357
vt 0.453260 0.292892
vt 0.323490 0.293127
vt 0.307374 0.018027
vt 0.316931 0.022792
vt 0.314266 0.030518
vt 0.141133 0.321370
vt 0.175716 0.494610
vt 0.172634 0.488933
vt 0.175716 0.486623
vt 0.098430 0.193989
vt 0.088969 0.194545
vt 0.092108 0.189015
vt 0.489772 0.390024
vt 0.492211 0.386883
vt 0.492211 0.396786
vt 0.090606 0.473814
vt 0.090634 0.480327
vt 0.086481 0.477845
vt 0.263551 0.439943
vt 0.255526 0.437677
vt 0.254607 0.431886
vt 0.033177 0.488345
vt 0.027958 0.488345
vt 0.029271 0.481409
vt 0.370009 0.492629
vt 0.366291 0.486372
vt 0.370009 0.484763
vt 0.404193 0.293490
vt 0.405792 0.319555
vt 0.399664 0.293842
vt 0.381203 0.025404
vt 0.384255 0.020930
vt 0.386241 0.035887
vt 0.399051 0.245160
vt 0.418894 0.442817
vt 0.410851 0.442817
vt 0.413647 0.439048
vt 0.423941 0.486317
vt 0.423941 0.493964
vt 0.421398 0.489699
vt 0.214522 0.253736
vt 0.211248 0.253558
vt 0.212470 0.247730
vt 0.486479 0.285650
vt 0.482864 0.283864
vt 0.486479 0.276494
vt 0.493682 0.211634
vt 0.493682 0.220545
vt 0.491043 0.214461
vt 0.373509 0.026437
vt 0.371163 0.022730
vt 0.376418 0.009863
vt 0.432620 0.412798
vt 0.439414 0.409808
vt 0.436151 0.414953
vt 0.492540 0.448958
vt 0.494513 0.444894
vt 0.494513 0.452971
vt 0.460727 0.292892
vt 0.465048 0.295922
vt 0.460471 0.300420
vt 0.484487 0.170244
vt 0.484487 0.181242
vt 0.480436 0.176191
vt 0.363359 0.315528
vt 0.371814 0.307489
vt 0.370898 0.313551
vt 0.017451 0.484854
vt 0.020483 0.477856
vt 0.020483 0.487825
vt 0.033794 0.387511
vt 0.040371 0.403356
vt 0.030111 0.397197
vt 0.421570 0.317985
vt 0.422098 0.313584
vt 0.428031 0.321542
vt 0.238425 0.484973
vt 0.233527 0.481956
vt 0.238425 0.475807
vt 0.318214 0.477560
vt 0.312440 0.468522
vt 0.319064 0.471110
vt 0.293528 0.075030
vt 0.290840 0.077425
vt 0.472800 0.319241
vt 0.475536 0.315407
vt 0.475536 0.322591
vt 0.488298 0.066290
vt 0.490984 0.062077
vt 0.490984 0.068932
vt 0.265157 0.292865
vt 0.251066 0.294318
vt 0.264663 0.283685
vt 0.494891 0.413393
vt 0.492564 0.408194
vt 0.494891 0.406771
vt 0.010090 0.435927
vt 0.003728 0.430604
vt 0.007023 0.428282
vt 0.361934 0.236672
vt 0.370994 0.241318
vt 0.364517 0.244849
vt 0.067028 0.286711
vt 0.070254 0.291039
vt 0.065691 0.294143
vt 0.251021 0.202500
vt 0.241468 0.187190
vt 0.248189 0.180312
vt 0.246118 0.176169
vt 0.238325 0.161726
vt 0.249057 0.176884
vt 0.089851 0.493108
vt 0.086481 0.493108
vt 0.087775 0.487538
vt 0.215717 0.054182
vt 0.214237 0.064281
vt 0.208191 0.055060
vt 0.277865 0.183322
vt 0.281965 0.187020
vt 0.279533 0.195831
vt 0.280042 0.190581
vt 0.269824 0.189663
vt 0.267823 0.427294
vt 0.267823 0.437306
vt 0.263903 0.418300
vt 0.312440 0.492318
vt 0.314958 0.484772
vt 0.316176 0.492318
vt 0.427590 0.084193
vt 0.432284 0.076277
vt 0.432284 0.091870
vt 0.043789 0.339125
vt 0.028059 0.321749
vt 0.041251 0.330265
vt 0.045399 0.335757
vt 0.268360 0.474840
vt 0.273183 0.470760
vt 0.273183 0.475872
vt 0.271352 0.481371
vt 0.371449 0.139735
vt 0.368902 0.137733
vt 0.370690 0.168461
vt 0.366067 0.161917
vt 0.370583 0.176095
vt 0.367453 0.167481
vt 0.363976 0.169061
vt 0.018876 0.112382
vt 0.013313 0.098108
vt 0.018634 0.103142
vt 0.374072 0.106208
vt 0.367881 0.106823
vt 0.061096 0.239375
vt 0.056812 0.255688
vt 0.048790 0.260151
vt 0.044943 0.270982
vt 0.058655 0.269180
vt 0.067963 0.249900
vt 0.070475 0.263127
vt 0.066200 0.260055
vt 0.040536 0.277341
vt 0.045149 0.263322
vt 0.453496 0.069992
vt 0.453568 0.058755
vt 0.458195 0.061874
vt 0.458195 0.083324
vt 0.435491 0.266455
vt 0.054583 0.297017
vt 0.057324 0.292077
vt 0.059071 0.281769
vt 0.058127 0.300140
vt 0.062882 0.299676
vt 0.065329 0.268297
vt 0.064446 0.273014
vt 0.060978 0.273814
vt 0.075901 0.303883
vt 0.432531 0.398185
vt 0.432472 0.407958
vt 0.066150 0.320671
vt 0.489632 0.098678
vt 0.491630 0.090536
vt 0.491630 0.101360
vt 0.068371 0.298962
vt 0.072250 0.283841
vt 0.069793 0.282093
vt 0.076864 0.273353
vt 0.078005 0.283021
vt 0.068092 0.277479
vt 0.067831 0.273412
vt 0.065072 0.278481
vt 0.198034 0.379858
vt 0.201468 0.374574
vt 0.205335 0.374788
vt 0.205360 0.393747
vt 0.202144 0.390760
vt 0.191907 0.392578
vt 0.302117 0.220218
vt 0.410530 0.488711
vt 0.414186 0.486317
vt 0.414186 0.493617
vt 0.015878 0.443794
vt 0.007979 0.438616
vt 0.372965 0.083870
vt 0.380446 0.084211
vt 0.386241 0.092373
vt 0.402084 0.197547
vt 0.385963 0.202919
vt 0.402689 0.226564
vt 0.386260 0.215205
vt 0.385860 0.191294
vt 0.130077 0.251778
vt 0.132038 0.256649
vt 0.123982 0.252902
vt 0.271265 0.488582
vt 0.271265 0.494367
vt 0.268360 0.491532
vt 0.023681 0.066821
vt 0.047870 0.053223
vt 0.042208 0.071381
vt 0.370865 0.207086
vt 0.370595 0.210108
vt 0.416738 0.463651
vt 0.298294 0.475087
vt 0.303895 0.469579
vt 0.303895 0.479679
vt 0.122924 0.300734
vt 0.126222 0.302385
vt 0.116745 0.307746
vt 0.123859 0.293908
vt 0.124257 0.286643
vt 0.129025 0.287752
vt 0.485935 0.309903
vt 0.485935 0.320446
vt 0.482748 0.319000
vt 0.136060 0.293422
vt 0.474887 0.119986
vt 0.474887 0.133168
vt 0.470077 0.125218
vt 0.353168 0.481495
vt 0.355025 0.476584
vt 0.355025 0.484873
vt 0.017679 0.152924
vt 0.027368 0.167891
vt 0.014031 0.160235
vt 0.387623 0.130484
vt 0.381427 0.120512
vt 0.400284 0.163033
vt 0.123391 0.321117
vt 0.122681 0.333728
vt 0.120385 0.327089
vt 0.470865 0.329890
vt 0.471800 0.335687
vt 0.468704 0.335946
vt 0.209785 0.260146
vt 0.207909 0.255896
vt 0.044879 0.343042
vt 0.095122 0.297550
vt 0.284972 0.466396
vt 0.285820 0.479621
vt 0.281763 0.479621
vt 0.151551 0.487320
vt 0.151551 0.493895
vt 0.148342 0.487497
vt 0.271063 0.212370
vt 0.241509 0.414642
vt 0.236283 0.409736
vt 0.468849 0.196243
vt 0.473192 0.197500
vt 0.474519 0.203673
vt 0.439414 0.386883
vt 0.431224 0.391783
vt 0.068043 0.331321
vt 0.339570 0.489474
vt 0.334820 0.483568
vt 0.339570 0.482096
vt 0.297213 0.020537
vt 0.299099 0.016714
vt 0.455804 0.270357
vt 0.460722 0.252643
vt 0.460722 0.273970
vt 0.461637 0.170244
vt 0.461637 0.191213
vt 0.456952 0.190094
vt 0.304019 0.010982
vt 0.297878 0.012436
vt 0.222838 0.369108
vt 0.215037 0.399854
vt 0.014215 0.406180
vt 0.017597 0.373666
vt 0.020746 0.392150
vt 0.199285 0.459060
vt 0.193657 0.447993
vt 0.198756 0.452485
vt 0.199285 0.441754
vt 0.458486 0.135172
vt 0.458530 0.126784
vt 0.462865 0.139776
vt 0.462865 0.119986
vt 0.269585 0.163184
vt 0.262561 0.167493
vt 0.277474 0.148511
vt 0.283599 0.153577
vt 0.294406 0.164455
vt 0.278069 0.168647
vt 0.288851 0.181809
vt 0.283138 0.176305
vt 0.275710 0.166056
vt 0.280279 0.172023
vt 0.256597 0.162995
vt 0.262378 0.150094
vt 0.261511 0.181254
vt 0.482780 0.360530
vt 0.482780 0.372984
vt 0.479464 0.371996
vt 0.252050 0.180316
vt 0.253374 0.167149
vt 0.283016 0.181675
vt 0.264488 0.176713
vt 0.268597 0.170809
vt 0.126530 0.470798
vt 0.128416 0.466045
vt 0.127035 0.476995
vt 0.271007 0.179164
vt 0.265019 0.180585
vt 0.294250 0.176611
vt 0.297598 0.177400
vt 0.293705 0.185570
vt 0.334032 0.163928
vt 0.328191 0.172840
vt 0.301424 0.196780
vt 0.310212 0.198718
vt 0.322017 0.216110
vt 0.319669 0.207023
vt 0.327994 0.207951
vt 0.451928 0.449835
vt 0.447032 0.442636
vt 0.451928 0.422165
vt 0.339281 0.186701
vt 0.351383 0.204926
vt 0.346028 0.177112
vt 0.274747 0.170083
vt 0.267516 0.201518
vt 0.279311 0.201652
vt 0.078704 0.471769
vt 0.073431 0.471769
vt 0.073478 0.457784
vt 0.263816 0.233778
vt 0.301941 0.239751
vt 0.285126 0.199042
vt 0.402834 0.432505
vt 0.402834 0.458244
vt 0.399421 0.449316
vt 0.035972 0.439199
vt 0.035972 0.455559
vt 0.030901 0.442991
vt 0.385989 0.418436
vt 0.395213 0.413657
vt 0.392577 0.417219
vt 0.027958 0.448800
vt 0.354722 0.234231
vt 0.342463 0.236696
vt 0.314049 0.429938
vt 0.325351 0.443691
vt 0.312440 0.443691
vt 0.335972 0.240820
vt 0.330311 0.213895
vt 0.315010 0.227002
vt 0.399213 0.425293
vt 0.293480 0.206614
vt 0.281625 0.216723
vt 0.298127 0.201150
vt 0.286413 0.202890
vt 0.101853 0.484499
vt 0.099339 0.482754
vt 0.101853 0.472525
vt 0.309787 0.229654
vt 0.009250 0.479714
vt 0.299216 0.279824
vt 0.294933 0.279438
vt 0.305054 0.270222
vt 0.297187 0.262720
vt 0.097413 0.415031
vt 0.093640 0.412748
vt 0.098371 0.432091
vt 0.093630 0.435038
vt 0.088624 0.430302
vt 0.350339 0.318245
vt 0.356147 0.315902
vt 0.351307 0.322678
vt 0.305228 0.262462
vt 0.032713 0.462771
vt 0.032102 0.467357
vt 0.029617 0.468769
vt 0.303528 0.276826
vt 0.303099 0.282674
vt 0.366354 0.212828
vt 0.362859 0.195860
vt 0.362418 0.191378
vt 0.361934 0.187593
vt 0.371051 0.213947
vt 0.478084 0.069231
vt 0.479101 0.060570
vt 0.481087 0.058755
vt 0.481087 0.073270
vt 0.398690 0.099585
vt 0.389527 0.107928
vt 0.394372 0.104717
vt 0.067732 0.238396
vt 0.485541 0.468187
vt 0.485541 0.480519
vt 0.483714 0.474038
vt 0.151290 0.279279
vt 0.280954 0.179574
vt 0.443554 0.014262
vt 0.440225 0.028174
vt 0.434795 0.012846
vt 0.188449 0.063557
vt 0.439845 0.010181
vt 0.354641 0.149423
vt 0.341064 0.155094
vt 0.457653 0.221103
vt 0.460584 0.211634
vt 0.460584 0.237387
vt 0.160334 0.433203
vt 0.148342 0.411118
vt 0.160334 0.401610
vt 0.212572 0.475057
vt 0.217532 0.465037
vt 0.219130 0.475057
vt 0.155782 0.330657
vt 0.161157 0.323145
vt 0.444418 0.377471
vt 0.447310 0.378997
vt 0.408378 0.038560
vt 0.411864 0.035330
vt 0.413398 0.039614
vt 0.411381 0.048913
vt 0.407220 0.026940
vt 0.100846 0.022617
vt 0.085724 0.013603
vt 0.088665 0.003728
vt 0.396019 0.035785
vt 0.106288 0.006600
vt 0.409085 0.022019
vt 0.393453 0.015686
vt 0.413398 0.003728
vt 0.138243 0.335496
vt 0.136755 0.328959
vt 0.145986 0.328568
vt 0.149571 0.332214
vt 0.147042 0.323663
vt 0.165423 0.326865
vt 0.459140 0.471914
vt 0.464118 0.467599
vt 0.464118 0.478942
vt 0.419862 0.311180
vt 0.342025 0.394278
vt 0.342025 0.427637
vt 0.334820 0.412864
vt 0.418560 0.241642
vt 0.409901 0.233220
vt 0.413502 0.229205
vt 0.418560 0.226092
vt 0.108889 0.219647
vt 0.103503 0.219197
vt 0.112261 0.208204
vt 0.114026 0.222746
vt 0.110553 0.223126
vt 0.482420 0.092920
vt 0.482420 0.102472
vt 0.480283 0.090536
vt 0.252925 0.254621
vt 0.247517 0.267225
vt 0.243600 0.265345
vt 0.418527 0.436258
vt 0.410530 0.433432
vt 0.423191 0.431518
vt 0.162201 0.353949
vt 0.137417 0.346811
vt 0.154742 0.351536
vt 0.049309 0.475827
vt 0.046808 0.469098
vt 0.049309 0.465289
vt 0.422508 0.294342
vt 0.415195 0.292623
vt 0.422052 0.279434
vt 0.413003 0.284049
vt 0.413102 0.252643
vt 0.422508 0.265014
vt 0.095804 0.170100
vt 0.093606 0.160991
vt 0.085932 0.193679
vt 0.486339 0.146987
vt 0.486339 0.156033
vt 0.482140 0.152314
vt 0.415769 0.182850
vt 0.410935 0.186313
vt 0.418407 0.170244
vt 0.339914 0.464558
vt 0.341529 0.474884
vt 0.334820 0.474884
vt 0.315030 0.314110
vt 0.319136 0.311364
vt 0.321107 0.316598
vt 0.449500 0.044400
vt 0.456469 0.035385
vt 0.455587 0.047245
vt 0.450696 0.051225
vt 0.387733 0.244849
vt 0.378205 0.244849
vt 0.384938 0.234269
vt 0.464045 0.146987
vt 0.464045 0.162580
vt 0.458486 0.151771
vt 0.486416 0.292892
vt 0.372904 0.477551
vt 0.366291 0.477551
vt 0.370831 0.468187
vt 0.245142 0.417204
vt 0.246358 0.403947
vt 0.247396 0.422689
vt 0.285421 0.404564
vt 0.281763 0.400897
vt 0.288941 0.393212
vt 0.289187 0.383598
vt 0.295252 0.388345
vt 0.294640 0.382853
vt 0.295430 0.392510
vt 0.339794 0.446205
vt 0.340324 0.434849
vt 0.049560 0.181202
vt 0.031826 0.172051
vt 0.045192 0.169771
vt 0.036690 0.165055
vt 0.297007 0.398010
vt 0.073482 0.197590
vt 0.066262 0.198569
vt 0.074648 0.193756
vt 0.297007 0.416344
vt 0.081132 0.201853
vt 0.083771 0.203048
vt 0.100581 0.207578
vt 0.089432 0.213892
vt 0.085868 0.204866
vt 0.085973 0.209710
vt 0.100309 0.213250
vt 0.103997 0.199133
vt 0.097636 0.190441
vt 0.446626 0.392131
vt 0.452263 0.386883
vt 0.451499 0.399133
vt 0.362684 0.175862
vt 0.043509 0.162487
vt 0.034895 0.149835
vt 0.041982 0.154646
vt 0.028041 0.138765
vt 0.026158 0.133858
vt 0.012350 0.142311
vt 0.027586 0.123088
vt 0.003728 0.105078
vt 0.010291 0.078576
vt 0.364906 0.114292
vt 0.033133 0.086789
vt 0.100792 0.132275
vt 0.056993 0.053068
vt 0.107676 0.063698
vt 0.073187 0.146792
vt 0.018911 0.102099
vt 0.018037 0.099159
vt 0.025173 0.112710
vt 0.030413 0.123220
vt 0.072919 0.164623
vt 0.034926 0.134951
vt 0.086724 0.176879
vt 0.097752 0.147111
vt 0.106678 0.136372
vt 0.116578 0.124241
vt 0.106470 0.145491
vt 0.173710 0.193366
vt 0.175902 0.182244
vt 0.183091 0.204869
vt 0.150805 0.132906
vt 0.151355 0.102916
vt 0.173744 0.099003
vt 0.175306 0.088931
vt 0.187036 0.118841
vt 0.202269 0.113723
vt 0.194346 0.125816
vt 0.168937 0.081146
vt 0.200383 0.085299
vt 0.161809 0.111765
vt 0.155149 0.112987
vt 0.159129 0.104412
vt 0.159358 0.086912
vt 0.176106 0.048317
vt 0.150307 0.044521
vt 0.142647 0.045472
vt 0.141674 0.031471
vt 0.170075 0.064226
vt 0.115187 0.180831
vt 0.117659 0.065582
vt 0.051825 0.020712
vt 0.065211 0.017967
vt 0.105360 0.056235
vt 0.071932 0.017478
vt 0.120763 0.061941
vt 0.149319 0.069886
vt 0.110731 0.021510
vt 0.113260 0.017139
vt 0.132618 0.330986
vt 0.416874 0.319366
vt 0.326624 0.492934
vt 0.323388 0.488145
vt 0.326624 0.484772
vt 0.374418 0.315615
vt 0.379233 0.310863
vt 0.383481 0.318782
vt 0.369975 0.318458
vt 0.312440 0.297193
vt 0.427584 0.003728
vt 0.427584 0.051543
vt 0.420609 0.017144
vt 0.315893 0.010870
vt 0.320222 0.011527
vt 0.305934 0.003728
vt 0.475652 0.284418
vt 0.467933 0.284418
vt 0.472141 0.276494
vt 0.343219 0.070922
vt 0.310739 0.055587
vt 0.337524 0.051396
vt 0.304855 0.042406
vt 0.310556 0.041683
vt 0.311037 0.063185
vt 0.303818 0.065837
vt 0.320603 0.040868
vt 0.479073 0.413232
vt 0.481218 0.406771
vt 0.485352 0.413232
vt 0.464469 0.437683
vt 0.459140 0.434266
vt 0.464469 0.426813
vt 0.233527 0.267972
vt 0.287398 0.072323
vt 0.274905 0.079409
vt 0.278546 0.071058
vt 0.290098 0.064369
vt 0.280040 0.055231
vt 0.287903 0.048305
vt 0.289011 0.040713
vt 0.289402 0.028828
vt 0.308887 0.027483
vt 0.287019 0.034908
vt 0.020483 0.451006
vt 0.020483 0.470645
vt 0.019007 0.453995
vt 0.289288 0.036514
vt 0.259808 0.268209
vt 0.266984 0.278566
vt 0.268480 0.272366
vt 0.275451 0.283018
vt 0.409901 0.210792
vt 0.416764 0.208442
vt 0.416607 0.217296
vt 0.126530 0.429201
vt 0.127507 0.406022
vt 0.132129 0.407329
vt 0.131204 0.401610
vt 0.140398 0.412545
vt 0.141130 0.429201
vt 0.298974 0.285469
vt 0.297852 0.291882
vt 0.292329 0.294221
vt 0.298382 0.295471
vt 0.289501 0.300396
vt 0.278840 0.283889
vt 0.295039 0.306505
vt 0.293186 0.311489
vt 0.264575 0.311951
vt 0.299985 0.321333
vt 0.285367 0.326536
vt 0.370994 0.221159
vt 0.367696 0.235211
vt 0.400455 0.069898
vt 0.410814 0.079975
vt 0.393912 0.091360
vt 0.298425 0.340135
vt 0.178835 0.443193
vt 0.172634 0.447084
vt 0.174606 0.437840
vt 0.254923 0.268444
vt 0.249855 0.274632
vt 0.246308 0.279975
vt 0.401343 0.056124
vt 0.410814 0.057392
vt 0.393453 0.066375
vt 0.428031 0.301554
vt 0.255080 0.124337
vt 0.253056 0.119610
vt 0.259022 0.114020
vt 0.265234 0.094629
vt 0.268838 0.087296
vt 0.273777 0.091606
vt 0.262228 0.134654
vt 0.316883 0.085226
vt 0.346624 0.086028
vt 0.352842 0.102333
vt 0.318558 0.097550
vt 0.354722 0.117563
vt 0.335685 0.131224
vt 0.336481 0.143354
vt 0.298315 0.134868
vt 0.271245 0.101156
vt 0.330684 0.146799
vt 0.271350 0.095861
vt 0.326400 0.144198
vt 0.323355 0.131033
vt 0.314776 0.120433
vt 0.318466 0.114797
vt 0.325939 0.124055
vt 0.334041 0.137331
vt 0.329707 0.128126
vt 0.333362 0.141829
vt 0.329747 0.140489
vt 0.327930 0.134165
vt 0.030978 0.132596
vt 0.028204 0.117252
vt 0.087576 0.448239
vt 0.086481 0.443310
vt 0.092127 0.443760
vt 0.092127 0.460428
vt 0.365323 0.128091
vt 0.366825 0.099585
vt 0.372671 0.103330
vt 0.478927 0.034857
vt 0.370825 0.300882
vt 0.372198 0.288873
vt 0.377332 0.296542
vt 0.376376 0.285428
vt 0.495267 0.487731
vt 0.495267 0.494312
vt 0.493246 0.491212
vt 0.459114 0.284712
vt 0.455804 0.282747
vt 0.459114 0.281182
vt 0.326610 0.287331
vt 0.338107 0.315781
vt 0.329206 0.299477
vt 0.205045 0.401982
vt 0.199448 0.409981
vt 0.286555 0.448426
vt 0.291082 0.449266
vt 0.284148 0.455835
vt 0.281763 0.452290
vt 0.321600 0.461311
vt 0.312440 0.461311
vt 0.316045 0.454449
vt 0.087495 0.436099
vt 0.186016 0.479557
vt 0.183812 0.471452
vt 0.186016 0.465706
vt 0.321493 0.455560
vt 0.318701 0.450903
vt 0.328228 0.321046
vt 0.324087 0.315031
vt 0.489366 0.027416
vt 0.485645 0.022505
vt 0.489366 0.018846
vt 0.196930 0.486821
vt 0.196930 0.493965
vt 0.193657 0.491681
vt 0.324043 0.305875
vt 0.196593 0.413171
vt 0.195126 0.434543
vt 0.195311 0.427071
vt 0.198388 0.426411
vt 0.193657 0.415718
vt 0.374215 0.209729
vt 0.245661 0.146849
vt 0.250390 0.167668
vt 0.253574 0.148170
vt 0.241163 0.135738
vt 0.254406 0.133519
vt 0.248776 0.123149
vt 0.318780 0.126534
vt 0.495464 0.153127
vt 0.493550 0.149429
vt 0.495464 0.146987
vt 0.479299 0.338758
vt 0.482297 0.329890
vt 0.482297 0.343486
vt 0.469681 0.226586
vt 0.144504 0.277265
vt 0.136652 0.282136
vt 0.140668 0.273435
vt 0.131438 0.281218
vt 0.133311 0.276054
vt 0.147516 0.268385
vt 0.059283 0.466564
vt 0.061156 0.454373
vt 0.065477 0.465064
vt 0.065477 0.452705
vt 0.075079 0.327198
vt 0.079270 0.341670
vt 0.075900 0.348404
vt 0.055350 0.338707
vt 0.031996 0.321956
vt 0.039850 0.326403
vt 0.022720 0.287398
vt 0.074756 0.349954
vt 0.075341 0.366455
vt 0.009970 0.304626
vt 0.415768 0.127449
vt 0.419652 0.146834
vt 0.407495 0.124704
vt 0.351676 0.245432
vt 0.420609 0.084845
vt 0.424128 0.075472
vt 0.003728 0.315711
vt 0.423455 0.058755
vt 0.419643 0.218881
vt 0.129706 0.269212
vt 0.137655 0.266805
vt 0.389862 0.448963
vt 0.384283 0.442788
vt 0.389545 0.444503
vt 0.304474 0.382853
vt 0.304474 0.413057
vt 0.304219 0.400355
vt 0.494422 0.190785
vt 0.494422 0.199076
vt 0.491809 0.195116
vt 0.414940 0.419981
vt 0.410530 0.404305
vt 0.079270 0.318686
vt 0.113086 0.488049
vt 0.113086 0.492832
vt 0.109176 0.489105
vt 0.080327 0.185594
vt 0.092833 0.186958
vt 0.106931 0.183818
vt 0.097942 0.175909
vt 0.204101 0.172805
vt 0.194505 0.147888
vt 0.174194 0.113654
vt 0.171774 0.097341
vt 0.207918 0.162131
vt 0.476502 0.479517
vt 0.471591 0.479517
vt 0.475789 0.468187
vt 0.221890 0.182970
vt 0.224053 0.187630
vt 0.192729 0.214038
vt 0.211323 0.164180
vt 0.220185 0.174984
vt 0.033991 0.139174
vt 0.063771 0.183235
vt 0.450278 0.414264
vt 0.449966 0.408324
vt 0.452263 0.406885
vt 0.375834 0.396913
vt 0.375834 0.443423
vt 0.374676 0.434768
vt 0.173930 0.220204
vt 0.186452 0.220839
vt 0.183284 0.225728
vt 0.166111 0.230280
vt 0.125365 0.229275
vt 0.154064 0.445083
vt 0.148682 0.445303
vt 0.153168 0.440415
vt 0.322004 0.377680
vt 0.312440 0.365113
vt 0.329735 0.369465
vt 0.314121 0.359663
vt 0.332733 0.387066
vt 0.333508 0.368506
vt 0.342601 0.383609
vt 0.478606 0.262584
vt 0.482027 0.265772
vt 0.133692 0.336413
vt 0.257416 0.261682
vt 0.259151 0.258606
vt 0.435613 0.329890
vt 0.433966 0.347347
vt 0.430329 0.333121
vt 0.428661 0.352048
vt 0.425896 0.340671
vt 0.493483 0.425084
vt 0.496272 0.422165
vt 0.496272 0.427148
vt 0.340256 0.451606
vt 0.073725 0.373666
vt 0.073725 0.418442
vt 0.059283 0.403180
vt 0.244548 0.296913
vt 0.246527 0.330892
vt 0.268428 0.350541
vt 0.203147 0.268444
vt 0.207419 0.263642
vt 0.216443 0.276822
vt 0.216602 0.256886
vt 0.197148 0.268701
vt 0.212362 0.279462
vt 0.172634 0.280301
vt 0.216131 0.291780
vt 0.117713 0.439372
vt 0.109176 0.439372
vt 0.115668 0.412748
vt 0.216284 0.302801
vt 0.172654 0.300192
vt 0.172634 0.430628
vt 0.181093 0.400959
vt 0.186445 0.430628
vt 0.278786 0.359002
vt 0.269106 0.354878
vt 0.482561 0.399560
vt 0.479073 0.390895
vt 0.482561 0.386883
vt 0.218094 0.316793
vt 0.176810 0.313222
vt 0.111354 0.364728
vt 0.119319 0.370638
vt 0.117023 0.377436
vt 0.216634 0.337814
vt 0.183874 0.331090
vt 0.426855 0.180769
vt 0.435331 0.170244
vt 0.435331 0.204423
vt 0.086481 0.361161
vt 0.087304 0.376906
vt 0.104870 0.403279
vt 0.109671 0.405536
vt 0.090630 0.405536
vt 0.088493 0.393020
vt 0.114063 0.385628
vt 0.473224 0.170244
vt 0.473224 0.184653
vt 0.468849 0.172390
vt 0.442869 0.181625
vt 0.449741 0.170244
vt 0.447951 0.184705
vt 0.446119 0.196118
vt 0.442543 0.186620
vt 0.449741 0.192506
vt 0.165344 0.461936
vt 0.161275 0.455742
vt 0.165344 0.440415
vt 0.128549 0.282375
vt 0.146073 0.281011
vt 0.044690 0.448394
vt 0.047996 0.452189
vt 0.043183 0.458078
vt 0.049471 0.457463
vt 0.397570 0.308041
vt 0.390693 0.300806
vt 0.372729 0.067280
vt 0.379125 0.075678
vt 0.370848 0.052628
vt 0.383634 0.053431
vt 0.375345 0.032519
vt 0.380886 0.046956
vt 0.393443 0.291394
vt 0.410530 0.342331
vt 0.415391 0.337503
vt 0.418685 0.340372
vt 0.394331 0.288884
vt 0.402922 0.264606
vt 0.399875 0.283347
vt 0.400062 0.288269
vt 0.397205 0.291094
vt 0.254629 0.481764
vt 0.254607 0.471687
vt 0.258661 0.474161
vt 0.404428 0.275752
vt 0.383768 0.035550
vt 0.412060 0.329890
vt 0.413397 0.348535
vt 0.488298 0.083036
vt 0.489235 0.076144
vt 0.491888 0.083036
vt 0.373268 0.310664
vt 0.369422 0.306107
vt 0.442349 0.322363
vt 0.435243 0.315230
vt 0.438847 0.301233
vt 0.442349 0.295078
vt 0.418338 0.322363
vt 0.463507 0.492616
vt 0.459140 0.487014
vt 0.463507 0.486154
vt 0.411407 0.450029
vt 0.304676 0.211310
vt 0.299086 0.207819
vt 0.401014 0.484951
vt 0.401014 0.493331
vt 0.397963 0.486920
vt 0.483714 0.491434
vt 0.486034 0.487731
vt 0.486034 0.494559
vt 0.049471 0.439199
vt 0.257475 0.212449
vt 0.429720 0.278313
vt 0.435788 0.286854
vt 0.130940 0.469278
vt 0.436138 0.037623
vt 0.440879 0.051218
vt 0.437558 0.045798
vt 0.442289 0.035385
vt 0.470872 0.058755
vt 0.470872 0.073021
vt 0.465406 0.068876
vt 0.465995 0.073430
vt 0.491593 0.263269
vt 0.489239 0.256427
vt 0.491593 0.252643
vt 0.393878 0.404501
vt 0.384283 0.413048
vt 0.317242 0.240557
vt 0.326550 0.240800
vt 0.399072 0.392898
vt 0.399213 0.405522
vt 0.423461 0.090237
vt 0.031771 0.335413
vt 0.419652 0.112056
vt 0.416979 0.099585
vt 0.130940 0.478919
vt 0.384283 0.479473
vt 0.388593 0.480148
vt 0.384564 0.485211
vt 0.388593 0.487548
vt 0.138152 0.491186
vt 0.140908 0.486951
vt 0.140908 0.493972
vt 0.417294 0.369389
vt 0.416711 0.379671
vt 0.412668 0.372015
vt 0.418685 0.366121
vt 0.431446 0.372152
vt 0.432500 0.379388
vt 0.425896 0.379388
vt 0.148341 0.452230
vt 0.154064 0.459498
vt 0.226315 0.204019
vt 0.196687 0.225062
vt 0.209271 0.223401
vt 0.328281 0.348318
vt 0.337894 0.344432
vt 0.431224 0.480151
vt 0.435931 0.475240
vt 0.435931 0.484715
vt 0.247312 0.486274
vt 0.245636 0.480738
vt 0.247312 0.475807
vt 0.451275 0.119986
vt 0.451275 0.152556
vt 0.447103 0.141058
vt 0.446992 0.124773
vt 0.065830 0.287614
vt 0.450766 0.008086
vt 0.456267 0.003728
vt 0.456267 0.027256
vt 0.178693 0.008461
vt 0.151312 0.024295
vt 0.167654 0.011860
vt 0.402484 0.170948
vt 0.130940 0.486130
vt 0.130940 0.492180
vt 0.126177 0.490757
vt 0.481880 0.222716
vt 0.186016 0.494541
vt 0.183349 0.491511
vt 0.186016 0.489248
vt 0.184855 0.486769
vt 0.456952 0.199896
vt 0.313179 0.477560
vt 0.478240 0.097780
vt 0.364353 0.322299
vt 0.372086 0.264260
vt 0.382912 0.252643
vt 0.383481 0.256972
vt 0.379508 0.269478
vt 0.380993 0.306931
vt 0.130258 0.447213
vt 0.126530 0.449661
vt 0.132042 0.436413
vt 0.030905 0.135146
vt 0.374215 0.144830
vt 0.471591 0.453738
vt 0.474673 0.444894
vt 0.474673 0.460975
vt 0.043183 0.470896
vt 0.047093 0.465802
vt 0.341007 0.288461
vt 0.327968 0.280631
vt 0.340903 0.281602
vt 0.344192 0.271113
vt 0.342681 0.267100
vt 0.324646 0.273569
vt 0.337767 0.263509
vt 0.321116 0.271970
vt 0.330751 0.253632
vt 0.330404 0.257836
vt 0.319623 0.304066
vt 0.325958 0.302329
vt 0.321678 0.306806
vt 0.324088 0.289213
vt 0.201728 0.400959
vt 0.059638 0.480479
vt 0.062889 0.473776
vt 0.062926 0.485013
vt 0.059283 0.485013
vt 0.011795 0.452385
vt 0.003728 0.455640
vt 0.005640 0.451006
vt 0.474519 0.191865
vt 0.451928 0.457758
vt 0.445869 0.463608
vt 0.445068 0.457047
vt 0.135913 0.272222
vt 0.475536 0.292892
vt 0.475536 0.296682
vt 0.472259 0.295820
vt 0.494073 0.170244
vt 0.494073 0.179499
vt 0.491699 0.176716
vt 0.493628 0.295483
vt 0.495666 0.292892
vt 0.495666 0.298459
vt 0.494381 0.119986
vt 0.494381 0.128143
vt 0.492026 0.122351
vt 0.489985 0.011634
vt 0.485645 0.006162
vt 0.489985 0.003728
vt 0.291082 0.453110
vt 0.286713 0.459185
vt 0.456469 0.050393
vt 0.141019 0.436413
vt 0.141019 0.457810
vt 0.139253 0.444960
vt 0.465048 0.309632
vt 0.481884 0.454205
vt 0.485328 0.444894
vt 0.485328 0.455230
vt 0.218992 0.362716
vt 0.212572 0.357092
vt 0.216851 0.353102
vt 0.219410 0.355921
vt 0.446730 0.402946
vt 0.488645 0.058755
vt 0.088188 0.467639
vt 0.090634 0.470191
vt 0.418635 0.393416
vt 0.304858 0.448426
vt 0.304858 0.462367
vt 0.298294 0.457279
vt 0.246999 0.465507
vt 0.245731 0.458568
vt 0.246999 0.452983
vt 0.078704 0.425654
vt 0.078704 0.450573
vt 0.076801 0.438037
vt 0.412696 0.391027
vt 0.485226 0.244297
vt 0.481813 0.235908
vt 0.485226 0.233798
vt 0.443554 0.003728
vt 0.273602 0.447154
vt 0.272583 0.450732
vt 0.268360 0.454021
vt 0.273602 0.459581
vt 0.269508 0.463548
vt 0.123937 0.295070
vt 0.146615 0.378968
vt 0.141900 0.386226
vt 0.138238 0.381203
vt 0.474601 0.244247
vt 0.467796 0.235618
vt 0.474601 0.233798
vt 0.187457 0.348149
vt 0.190744 0.345025
vt 0.194511 0.345169
vt 0.194687 0.355399
vt 0.172634 0.363766
vt 0.174478 0.357158
vt 0.403319 0.359720
vt 0.385361 0.385686
vt 0.396168 0.359949
vt 0.205360 0.354151
vt 0.402648 0.351818
vt 0.394498 0.353090
vt 0.392210 0.452573
vt 0.284589 0.486832
vt 0.285853 0.492873
vt 0.281763 0.492873
vt 0.139155 0.388181
vt 0.140595 0.393995
vt 0.131793 0.392571
vt 0.126530 0.379033
vt 0.392210 0.432505
vt 0.059283 0.434645
vt 0.061776 0.431332
vt 0.069589 0.445493
vt 0.489509 0.349779
vt 0.493120 0.346785
vt 0.493120 0.352492
vt 0.465306 0.322562
vt 0.460471 0.322562
vt 0.461478 0.316843
vt 0.063516 0.425763
vt 0.069589 0.425654
vt 0.356147 0.252643
vt 0.130962 0.368826
vt 0.132070 0.376124
vt 0.390503 0.472262
vt 0.384283 0.467584
vt 0.390503 0.459785
vt 0.141107 0.367567
vt 0.155420 0.361161
vt 0.020746 0.417067
vt 0.012366 0.419798
vt 0.224255 0.435677
vt 0.215822 0.435853
vt 0.212572 0.432386
vt 0.224255 0.407065
vt 0.003728 0.402480
vt 0.155420 0.394398
vt 0.007490 0.389410
vt 0.397608 0.339675
vt 0.402208 0.346922
vt 0.108331 0.301203
vt 0.106301 0.307232
vt 0.098918 0.297736
vt 0.460058 0.379155
vt 0.454921 0.376662
vt 0.460058 0.360531
vt 0.367082 0.389701
vt 0.358197 0.389642
vt 0.371167 0.372566
vt 0.274552 0.411089
vt 0.254607 0.408713
vt 0.259690 0.403391
vt 0.436570 0.242053
vt 0.426855 0.238200
vt 0.436570 0.211634
vt 0.274552 0.382853
vt 0.393856 0.337830
vt 0.384283 0.348417
vt 0.357506 0.375878
vt 0.354437 0.387235
vt 0.108741 0.286244
vt 0.086481 0.273792
vt 0.104517 0.284173
vt 0.474928 0.161954
vt 0.471257 0.150848
vt 0.474928 0.146987
vt 0.349812 0.373876
vt 0.478434 0.003728
vt 0.478434 0.019501
vt 0.475521 0.006822
vt 0.106524 0.275787
vt 0.099783 0.272799
vt 0.104739 0.262750
vt 0.094208 0.257041
vt 0.353621 0.356800
vt 0.365757 0.370161
vt 0.367629 0.367447
vt 0.224649 0.487044
vt 0.226062 0.482268
vt 0.226062 0.492813
vt 0.270888 0.171263
vt 0.052071 0.402845
vt 0.029573 0.373666
vt 0.052071 0.390976
vt 0.043079 0.374798
vt 0.222838 0.345025
vt 0.402689 0.243651
vt 0.045863 0.415083
vt 0.046833 0.425663
vt 0.039599 0.423145
vt 0.218094 0.240183
vt 0.210927 0.238396
vt 0.040075 0.410568
vt 0.027958 0.428084
vt 0.034037 0.431987
vt 0.011795 0.461439
vt 0.005996 0.462537
vt 0.443000 0.271952
vt 0.448593 0.252643
vt 0.448593 0.281809
vt 0.312440 0.409675
vt 0.327608 0.394278
vt 0.317062 0.414231
vt 0.067379 0.269385
vt 0.078921 0.271059
vt 0.247396 0.398016
vt 0.233527 0.416152
vt 0.484814 0.119986
vt 0.484814 0.131554
vt 0.482098 0.124080
vt 0.492943 0.360531
vt 0.492943 0.369261
vt 0.489991 0.363501
vt 0.135015 0.306214
vt 0.206272 0.100972
vt 0.191576 0.066935
vt 0.210683 0.080315
vt 0.209610 0.067496
vt 0.188298 0.054409
vt 0.187363 0.050280
vt 0.204905 0.059317
vt 0.132042 0.458833
vt 0.215361 0.110002
vt 0.214254 0.095026
vt 0.131664 0.304648
vt 0.120321 0.308059
vt 0.148342 0.472027
vt 0.152278 0.466710
vt 0.152278 0.473244
vt 0.472252 0.375389
vt 0.467270 0.370729
vt 0.472252 0.360531
vt 0.118786 0.314844
vt 0.130876 0.317508
vt 0.151797 0.480108
vt 0.125197 0.318901
vt 0.489509 0.331478
vt 0.492382 0.329890
vt 0.492382 0.339574
vt 0.410530 0.479106
vt 0.416052 0.470863
vt 0.417101 0.479106
vt 0.115405 0.300918
vt 0.121459 0.253223
vt 0.111494 0.297476
vt 0.466653 0.095020
vt 0.471028 0.090536
vt 0.471028 0.106812
vt 0.193657 0.472918
vt 0.197700 0.466272
vt 0.197700 0.479610
vt 0.356307 0.469372
vt 0.349812 0.461681
vt 0.357188 0.465503
vt 0.357616 0.458845
vt 0.217549 0.083865
vt 0.435613 0.364940
vt 0.154113 0.297021
vt 0.149288 0.314139
vt 0.149452 0.322509
vt 0.415980 0.162805
vt 0.407495 0.162805
vt 0.410026 0.154659
vt 0.413064 0.154045
vt 0.430910 0.141790
vt 0.439780 0.131740
vt 0.439780 0.152556
vt 0.144839 0.248945
vt 0.429300 0.147037
vt 0.426863 0.142874
vt 0.113857 0.480837
vt 0.158155 0.266050
vt 0.158288 0.271780
vt 0.349812 0.477801
vt 0.163342 0.274120
vt 0.436691 0.468028
vt 0.431224 0.464337
vt 0.436691 0.453282
vt 0.165423 0.257099
vt 0.448519 0.213857
vt 0.450441 0.211634
vt 0.450441 0.237882
vt 0.281763 0.434129
vt 0.297327 0.423555
vt 0.293738 0.429594
vt 0.443782 0.230992
vt 0.157899 0.239291
vt 0.297327 0.441214
vt 0.371802 0.359281
vt 0.377071 0.376958
vt 0.115059 0.238396
vt 0.377071 0.329890
vt 0.140876 0.466045
vt 0.140876 0.479739
vt 0.138152 0.473134
vt 0.109731 0.284026
vt 0.472725 0.308195
vt 0.214913 0.443064
vt 0.219686 0.443982
vt 0.215946 0.448212
vt 0.219060 0.450787
vt 0.450614 0.476732
vt 0.450614 0.484543
vt 0.445068 0.477136
vt 0.111530 0.306786
vt 0.212572 0.450062
vt 0.219686 0.457825
vt 0.122334 0.321250
vt 0.115532 0.448964
vt 0.115532 0.462160
vt 0.109176 0.451796
vt 0.112404 0.446583
vt 0.114238 0.333524
vt 0.131795 0.322912
vt 0.128799 0.336023
vt 0.126583 0.318624
vt 0.123666 0.340059
vt 0.143758 0.346035
vt 0.442825 0.342645
vt 0.442831 0.329890
vt 0.447710 0.341631
vt 0.447710 0.362081
vt 0.349812 0.414647
vt 0.350558 0.410882
vt 0.359945 0.419029
vt 0.362451 0.405610
vt 0.439820 0.422165
vt 0.439820 0.446071
vt 0.431224 0.426854
vt 0.367465 0.421456
vt 0.468309 0.003728
vt 0.367465 0.396913
vt 0.225305 0.323451
vt 0.225932 0.298160
vt 0.225932 0.329268
vt 0.361934 0.050571
vt 0.363139 0.045613
vt 0.370772 0.039186
vt 0.375860 0.005645
vt 0.378128 0.003728
vt 0.492753 0.470106
vt 0.494832 0.468187
vt 0.494832 0.474813
vt 0.472087 0.344578
vt 0.466972 0.339704
vt 0.472087 0.339494
vt 0.438019 0.124528
vt 0.430329 0.121878
vt 0.437315 0.112741
vt 0.426863 0.111581
vt 0.432651 0.101662
vt 0.438019 0.099585
vt 0.475151 0.422165
vt 0.475151 0.437183
vt 0.471681 0.425570
vt 0.238519 0.468596
vt 0.233527 0.465632
vt 0.236846 0.459066
vt 0.460402 0.422165
vt 0.238519 0.452983
vt 0.444350 0.058755
vt 0.446284 0.065656
vt 0.439496 0.067663
vt 0.446284 0.085699
vt 0.245861 0.274229
vt 0.464379 0.444894
vt 0.464379 0.460387
vt 0.459140 0.448881
vt 0.244632 0.430810
vt 0.242348 0.435173
vt 0.237431 0.429901
vt 0.244632 0.445771
vt 0.238888 0.440417
vt 0.413927 0.204040
vt 0.416788 0.192787
vt 0.419643 0.188494
vt 0.419576 0.198952
vt 0.411796 0.175589
vt 0.233527 0.431314
vt 0.027958 0.389624
vt 0.398796 0.465456
vt 0.423328 0.427192
vt 0.312446 0.287694
vt 0.446284 0.092910
vt 0.446284 0.109990
vt 0.445430 0.097392
vt 0.254607 0.457600
vt 0.261148 0.447154
vt 0.261148 0.462011
vt 0.101965 0.415610
vt 0.157585 0.033333
vt 0.171602 0.024010
vt 0.165534 0.032684
vt 0.042530 0.431987
vt 0.257742 0.493767
vt 0.254607 0.490676
vt 0.257742 0.488975
vt 0.468762 0.395507
vt 0.471861 0.386883
vt 0.471861 0.404086
vt 0.468804 0.399707
vt 0.145859 0.065144
vt 0.126361 0.014545
vt 0.155853 0.034890
vt 0.191822 0.008132
vt 0.481730 0.193301
vt 0.484597 0.190785
vt 0.484597 0.203673
vt 0.212771 0.022551
vt 0.015878 0.427009
vt 0.214661 0.079655
vt 0.358900 0.357113
vt 0.492438 0.237407
vt 0.494064 0.233798
vt 0.494064 0.242578
vt 0.402689 0.233775
vt 0.028186 0.416471
vt 0.468571 0.252643
vt 0.471304 0.263011
vt 0.467933 0.263927
vt 0.471304 0.269282
vt 0.305228 0.300360
vt 0.027958 0.474197
vt 0.034716 0.474197
vt 0.403121 0.338832
vt 0.403319 0.329890
vt 0.290976 0.458364
vt 0.398460 0.317113
vt 0.238132 0.150698
vt 0.342601 0.329890
vt 0.349812 0.440599
vt 0.357663 0.428668
vt 0.357021 0.440619
vt 0.357663 0.451633
vt 0.226005 0.238396
vt 0.226005 0.290948
vt 0.225305 0.266352
vt 0.301364 0.493805
vt 0.298294 0.488110
vt 0.301364 0.486891
vt 0.364875 0.440422
vt 0.367077 0.428668
vt 0.367077 0.443181
vt 0.451928 0.469520
vt 0.486272 0.431611
vt 0.482362 0.423468
vt 0.486272 0.422165
vt 0.164168 0.469148
vt 0.003728 0.488882
vt 0.007802 0.486925
vt 0.007802 0.492523
vt 0.351467 0.469372
vt 0.258661 0.469222
vt 0.226315 0.034823
vt 0.215896 0.046057
vt 0.219929 0.029369
vt 0.459441 0.090536
vt 0.459441 0.111555
vt 0.453496 0.098694
vt 0.223640 0.077808
vt 0.424013 0.386883
vt 0.257363 0.252643
vt 0.463681 0.043427
vt 0.468312 0.034857
vt 0.468312 0.051225
vt 0.178835 0.458494
vt 0.327608 0.422726
vt 0.489046 0.044787
vt 0.486139 0.040092
vt 0.489046 0.034857
s 1
usemtl material_atlas_00001_1
f 1344/2741/1332 1333/2742/1333 1330/2743/1334
f 1354/2744/1335 1356/2745/1336 1345/2746/1337
f 1889/2747/1338 1419/2748/1339 1819/2749/1340
f 1996/2750/1341 1519/2751/1342 1503/2752/1343
f 1350/2753/1344 1354/2754/1335 1345/2755/1337
f 1374/2756/1345 1506/2757/1346 2043/2758/1347
f 1387/2759/1348 1636/2760/1349 1756/2761/1350
f 1688/2762/1351 1985/2763/1352 1425/2764/1353
f 1426/2765/1354 1702/2766/1355 1456/2767/1356
f 1601/2768/1357 1661/2769/1358 1384/2770/1359
f 1373/2771/1360 1360/2772/1361 1362/2773/1362
f 1376/2774/1363 1509/2775/1364 1429/2776/1365
f 2030/2777/1366 1502/2778/1367 1589/2779/1368
f 1912/2780/1369 1524/2781/1370 1914/2782/1371
f 1398/2783/1372 1473/2784/1373 1832/2785/1374
f 1916/2786/1375 1694/2787/1376 1816/2788/1377
f 1734/2789/1378 1731/2790/1379 1461/2791/1380
f 1695/2792/1381 1946/2793/1382 1647/2794/1383
f 1862/2795/1384 1864/2796/1385 1868/2797/1386
f 1872/2798/1387 1871/2799/1388 2035/2800/1389
f 1483/2801/1390 1482/2802/1391 1421/2803/1392
f 1855/2804/1393 1618/2805/1394 1577/2806/1395
f 1590/2807/1396 1643/2808/1397 1593/2809/1398
f 1956/2810/1399 1745/2811/1400 1446/2812/1401
f 1580/2813/1402 1401/2814/1403 1695/2815/1381
f 1805/2816/1404 1806/2817/1405 1803/2818/1406
f 1927/2819/1407 1906/2820/1408 1909/2821/1409
f 1930/2822/1410 2024/2823/1411 1377/2824/1412
f 2003/2825/1413 1693/2826/1414 1631/2827/1415
f 1958/2828/1416 2045/2829/1417 1797/2830/1418
f 1713/2831/1419 1938/2832/1420 1926/2833/1421
f 1435/2834/1422 2015/2835/1423 1659/2836/1424
f 1629/2837/1425 1584/2838/1426 1480/2839/1427
f 1643/2808/1397 1417/2840/1428 1593/2809/1398
f 1675/2841/1429 1674/2842/1430 1669/2843/1431
f 1539/2844/1432 1537/2845/1433 1476/2846/1434
f 1377/2847/1412 2023/2848/1435 1930/2849/1410
f 1822/2850/1436 2027/2851/1437 1639/2852/1438
f 1462/2853/1439 1591/2854/1440 1578/2855/1441
f 1507/2856/1442 1493/2857/1443 1463/2858/1444
f 1898/2859/1445 1902/2860/1446 1454/2861/1447
f 1890/2862/1448 1679/2863/1449 1559/2864/1450
f 1919/2865/1451 1563/2866/1452 1886/2867/1453
f 1787/2868/1454 1422/2869/1455 1522/2870/1456
f 1356/2871/1336 1332/2872/1457 1355/2873/1458
f 1795/2874/1459 1783/2875/1460 1782/2876/1461
f 1678/2877/1462 1815/2878/1463 1856/2879/1464
f 1856/2880/1464 1938/2881/1420 1634/2882/1465
f 2044/2883/1466 1973/2884/1467 1956/2885/1399
f 1581/2886/1468 1608/2887/1469 1991/2888/1470
f 1960/2889/1471 1957/2890/1472 2045/2829/1417
f 1648/2891/1473 1655/2892/1474 1656/2893/1475
f 1819/2749/1340 1827/2894/1476 1479/2895/1477
f 1672/2896/1478 1685/2897/1479 1696/2898/1480
f 1433/2899/1481 1727/2900/1482 1467/2901/1483
f 1789/2902/1484 1953/2903/1485 1786/2904/1486
f 1674/2842/1430 1675/2841/1429 1569/2905/1487
f 1987/2906/1488 2054/2907/1489 1986/2908/1490
f 1381/2909/1491 1472/2910/1492 1546/2911/1493
f 1869/2912/1494 2053/2913/1495 1505/2914/1496
f 1785/2915/1497 1807/2916/1498 1804/2917/1499
f 1997/2918/1500 1728/2919/1501 1936/2920/1502
f 1582/2921/1503 1620/2922/1504 1475/2923/1505
f 2015/2835/1423 1435/2834/1422 2014/2924/1506
f 1637/2925/1507 1806/2926/1405 1400/2927/1508
f 1567/2928/1509 1853/2929/1510 1855/2930/1393
f 1989/2931/1511 2044/2932/1466 1446/2933/1401
f 1480/2839/1427 1694/2934/1376 1629/2837/1425
f 1710/2935/1512 1944/2936/1513 1452/2937/1514
f 1994/2938/1515 1824/2939/1516 1744/2940/1517
f 1416/2941/1518 1915/2942/1519 1918/2943/1520
f 1913/2944/1521 1683/2945/1522 1521/2946/1523
f 1891/2947/1524 1633/2948/1525 2001/2949/1526
f 1938/2950/1420 1720/2951/1527 1719/2952/1528
f 1787/2868/1454 1522/2870/1456 1781/2953/1529
f 1742/2954/1530 2007/2955/1531 1443/2956/1532
f 1655/2892/1474 1648/2891/1473 1555/2957/1533
f 1509/2958/1364 1469/2959/1534 1652/2960/1535
f 1681/2961/1536 1671/2962/1537 1677/2963/1538
f 1512/2964/1539 1566/2965/1540 1958/2966/1416
f 1756/2967/1350 1684/2968/1541 1575/2969/1542
f 1399/2970/1543 1741/2971/1544 1382/2972/1545
f 1919/2973/1451 1886/2974/1453 1659/2975/1424
f 2033/2976/1546 1481/2977/1547 1751/2978/1548
f 1663/2979/1549 1517/2980/1550 1811/2981/1551
f 1665/2982/1552 1963/2983/1553 1600/2984/1554
f 1916/2786/1375 1629/2985/1425 1694/2787/1376
f 2017/2986/1555 1967/2987/1556 1420/2988/1557
f 1380/2989/1558 1575/2990/1542 1684/2991/1541
f 1492/2992/1559 1390/2993/1560 2026/2994/1561
f 1716/2995/1562 1712/2996/1563 1814/2997/1564
f 1587/2998/1565 1505/2999/1496 1391/3000/1566
f 1857/3001/1567 1598/3002/1568 1942/3003/1569
f 1861/3004/1570 1692/3005/1571 1505/3006/1496
f 1470/3007/1572 1447/3008/1573 1606/3009/1574
f 1583/3010/1575 1951/3011/1576 1817/3012/1577
f 1789/3013/1484 1949/3014/1578 1953/3015/1485
f 1485/3016/1579 1934/3017/1580 1920/3018/1581
f 1732/3019/1582 1730/3020/1583 1729/3021/1584
f 1964/3022/1585 2010/3023/1586 2041/3024/1587
f 1420/3025/1557 1967/3026/1556 1966/3027/1588
f 1957/3028/1472 1960/3029/1471 1566/3030/1540
f 1390/3031/1560 1436/3032/1589 2026/3033/1561
f 1780/3034/1590 1570/3035/1591 1806/2817/1405
f 1618/3036/1394 1855/3037/1393 1447/3038/1573
f 1627/3039/1592 1988/3040/1593 1626/3041/1594
f 1557/3042/1595 1818/3043/1596 1823/3044/1597
f 1459/3045/1598 1542/3046/1599 1434/3047/1600
f 1498/3048/1601 1769/3049/1602 1770/3050/1603
f 1835/3051/1604 1473/3052/1373 1398/3053/1372
f 1587/3054/1565 1869/3055/1494 1505/3056/1496
f 1414/3057/1605 1386/3058/1606 1527/3059/1607
f 1531/3060/1608 1529/3061/1609 1562/3062/1610
f 1455/3063/1611 1480/3064/1427 1584/3065/1426
f 1538/3066/1612 1534/3067/1613 1757/3068/1614
f 1335/3069/1615 1339/3070/1616 1330/2743/1334
f 1346/3071/1617 1330/2743/1334 1358/3072/1618
f 1349/3073/1619 1344/2741/1332 1330/2743/1334
f 1330/2743/1334 1346/3071/1617 1349/3073/1619
f 1349/3073/1619 1333/2742/1333 1344/2741/1332
f 1399/2970/1543 1382/2972/1545 1889/3074/1338
f 1399/2970/1543 1889/3074/1338 1479/3075/1477
f 1382/2972/1545 1468/3076/1620 1889/3074/1338
f 1419/2748/1339 1827/2894/1476 1819/2749/1340
f 1986/3077/1490 1590/3078/1396 1987/3079/1488
f 1754/3080/1621 1854/3081/1622 1644/3082/1623
f 1851/3083/1624 1996/3084/1341 1503/3085/1343
f 1406/3086/1625 1851/3083/1624 1503/3085/1343
f 1343/3087/1626 1334/3088/1627 1359/3089/1628
f 1359/3089/1628 1339/3090/1616 1343/3087/1626
f 1506/2757/1346 1714/3091/1629 1993/3092/1630
f 1714/3091/1629 1719/3093/1528 1725/3094/1631
f 1719/3093/1528 1720/3095/1527 1725/3094/1631
f 1713/2831/1419 1520/3096/1632 1720/3095/1527
f 1520/3096/1632 1718/3097/1633 1725/3094/1631
f 1720/3095/1527 1520/3096/1632 1725/3094/1631
f 1993/3092/1630 1714/3091/1629 1725/3094/1631
f 1993/3092/1630 2043/2758/1347 1506/2757/1346
f 2052/3098/1634 1360/3099/1361 1752/3100/1635
f 1361/3101/1636 1374/2756/1345 1752/3102/1635
f 1932/3103/1637 1947/3104/1638 1707/3105/1639
f 1980/3106/1640 1707/3105/1639 2002/3107/1641
f 2002/3107/1641 1707/3105/1639 1947/3104/1638
f 1933/3108/1642 1859/3109/1643 2021/3110/1644
f 1573/3111/1645 1392/3112/1646 1980/3106/1640
f 1947/3104/1638 1933/3108/1642 2021/3110/1644
f 1933/3113/1642 1945/3114/1647 1401/3115/1403
f 2021/3110/1644 1859/3109/1643 2002/3107/1641
f 1401/3115/1403 1859/3116/1643 1933/3113/1642
f 1519/2751/1342 1848/3117/1648 1503/2752/1343
f 1649/3118/1649 1980/3106/1640 1858/3119/1650
f 1858/3119/1650 1980/3106/1640 1865/3120/1651
f 1947/3104/1638 2021/3110/1644 2002/3107/1641
f 1866/3121/1652 1649/3118/1649 1692/3122/1571
f 2002/3107/1641 2003/3123/1413 1631/3124/1415
f 2002/3107/1641 1631/3124/1415 2004/3125/1653
f 1868/2797/1386 1864/2796/1385 2012/3126/1654
f 1864/3127/1385 1692/3005/1571 1863/3128/1655
f 1867/3129/1656 1862/2795/1384 1696/2898/1480
f 1862/2795/1384 1868/2797/1386 1672/2896/1478
f 1696/2898/1480 1862/2795/1384 1672/2896/1478
f 1726/3130/1657 2012/3131/1654 1863/3132/1655
f 1858/3119/1650 1692/3122/1571 1649/3118/1649
f 1863/3133/1655 2012/3126/1654 1864/2796/1385
f 1869/3055/1494 1587/3054/1565 1724/3134/1658
f 1724/3134/1658 1587/3054/1565 1397/3135/1659
f 1712/3136/1563 1651/3137/1660 1724/3134/1658
f 1651/3137/1660 1869/3055/1494 1724/3134/1658
f 1724/3134/1658 1408/3138/1661 1712/3136/1563
f 1408/3138/1661 1814/3139/1564 1712/3136/1563
f 2002/3107/1641 2004/3125/1653 1865/3120/1651
f 2004/3125/1653 2005/3140/1662 1865/3120/1651
f 2005/3140/1662 1397/3135/1659 1865/3120/1651
f 1980/3106/1640 2002/3107/1641 1865/3120/1651
f 1397/3135/1659 1587/3054/1565 1865/3120/1651
f 1965/3141/1663 1487/3142/1664 1900/3143/1665
f 1900/3143/1665 1380/3144/1558 1684/3145/1541
f 1684/3145/1541 1756/2761/1350 1965/3141/1663
f 1900/3143/1665 1684/3145/1541 1965/3141/1663
f 1636/2760/1349 1965/3141/1663 1756/2761/1350
f 1756/2761/1350 1876/3146/1666 1387/2759/1348
f 1577/2806/1395 1618/2805/1394 1755/3147/1667
f 1618/3148/1394 1447/3149/1573 1755/3150/1667
f 1810/3151/1668 1654/3152/1669 1498/3048/1601
f 1456/3153/1356 1810/3154/1668 1498/3155/1601
f 1452/2937/1514 1760/3156/1670 1764/3157/1671
f 1760/3156/1670 1761/3158/1672 1764/3157/1671
f 1763/3159/1673 1764/3157/1671 1761/3158/1672
f 1764/3157/1671 1445/3160/1674 1452/2937/1514
f 1449/3161/1675 2042/3162/1676 1446/2933/1401
f 1446/2933/1401 1745/3163/1400 1449/3161/1675
f 1449/3164/1675 1745/3165/1400 1565/3166/1677
f 2059/3167/1678 1367/3168/1679 1366/3169/1680
f 1975/3170/1681 1976/3171/1682 1926/2833/1421
f 1460/3172/1683 1914/2782/1371 1524/2781/1370
f 1583/3173/1575 1959/3174/1684 1951/3175/1576
f 1482/3176/1391 1375/3177/1685 1403/3178/1686
f 1421/3179/1392 1482/3176/1391 1403/3178/1686
f 1403/3178/1686 1388/3180/1687 1421/3179/1392
f 1388/3180/1687 1747/3181/1688 1421/3179/1392
f 1747/3182/1688 1886/3183/1453 1887/3184/1689
f 1421/3179/1392 1747/3181/1688 1887/3185/1689
f 1925/3186/1690 1442/3187/1691 1496/3188/1692
f 1928/3189/1693 1920/3190/1581 1934/3191/1580
f 1722/3192/1694 1717/3193/1695 1695/3194/1381
f 1893/3195/1696 1722/3196/1694 1695/2792/1381
f 1893/3195/1696 1695/2792/1381 1647/2794/1383
f 1647/2794/1383 1372/3197/1697 1893/3195/1696
f 1457/3198/1698 1545/3199/1699 1431/3200/1700
f 1431/3201/1700 1491/3202/1701 1457/3203/1698
f 1492/2992/1559 1841/3204/1702 1640/3205/1703
f 1406/3086/1625 1846/3206/1704 1851/3083/1624
f 1590/2807/1396 1986/3207/1490 1417/2840/1428
f 1986/3208/1490 1988/3209/1593 1417/3210/1428
f 1590/2807/1396 1417/2840/1428 1643/2808/1397
f 2058/3211/1705 1540/3212/1706 2057/3213/1707
f 1604/3214/1708 1608/2887/1469 1581/2886/1468
f 1700/3215/1709 1859/3216/1643 1580/2813/1402
f 1859/3216/1643 1401/2814/1403 1580/2813/1402
f 1401/3217/1403 1939/3218/1710 1695/3219/1381
f 1692/3005/1571 1864/3127/1385 1867/3220/1656
f 1864/3127/1385 1862/3221/1384 1867/3220/1656
f 1696/2898/1480 1847/3222/1711 1867/3129/1656
f 1805/3223/1404 1780/3224/1590 1806/3225/1405
f 1742/2954/1530 1628/3226/1712 1704/3227/1713
f 1894/3228/1714 2019/3229/1715 1453/3230/1716
f 2019/3231/1715 1742/3232/1530 1453/3233/1716
f 2016/3234/1717 1742/2954/1530 1704/3227/1713
f 1704/3227/1713 1383/3235/1718 2016/3234/1717
f 1383/3235/1718 1704/3227/1713 1628/3226/1712
f 2008/3236/1719 1705/3237/1720 1872/2798/1387
f 1873/3238/1721 1661/3239/1358 1871/3240/1388
f 1705/3237/1720 1871/2799/1388 1872/2798/1387
f 1600/3241/1554 2008/3242/1719 2009/3243/1722
f 1872/3244/1387 2009/3243/1722 2008/3242/1719
f 2036/3245/1723 2035/3246/1389 1661/3247/1358
f 2035/3246/1389 1871/3248/1388 1661/3247/1358
f 1605/3249/1724 1331/3250/1725 1610/3251/1726
f 1610/3251/1726 1609/3252/1727 1605/3249/1724
f 1609/3252/1727 1612/3253/1728 1353/3254/1729
f 1612/3253/1728 1357/3255/1730 1334/3256/1627
f 1605/3249/1724 1609/3252/1727 1352/3257/1731
f 1612/3253/1728 1334/3256/1627 1355/3258/1458
f 1353/3254/1729 1612/3253/1728 1355/3258/1458
f 2033/3259/1546 1879/3260/1732 1331/3250/1725
f 1341/3261/1733 2033/3259/1546 1331/3250/1725
f 2048/3262/1734 1751/3263/1548 1481/3264/1547
f 2048/3265/1734 1481/3266/1547 1341/3261/1733
f 1334/3256/1627 1357/3255/1730 1359/3267/1628
f 1342/3268/1735 1331/3250/1725 1337/3269/1736
f 1350/3270/1344 1345/3271/1337 1348/3272/1737
f 1350/3273/1344 1348/3274/1737 1342/3268/1735
f 1337/3269/1736 1350/3273/1344 1342/3268/1735
f 1333/2742/1333 2048/3265/1734 1341/3261/1733
f 1611/3275/1738 1613/3276/1739 1615/3277/1740
f 1657/3278/1741 2051/3279/1742 1613/3276/1739
f 1611/3275/1738 1657/3278/1741 1613/3276/1739
f 1613/3276/1739 2051/3279/1742 1619/3280/1743
f 2051/3279/1742 1616/3281/1744 1619/3280/1743
f 1615/3277/1740 1613/3276/1739 1619/3280/1743
f 1839/3282/1745 1607/3283/1746 1617/3284/1747
f 1619/3285/1743 1616/3286/1744 1839/3287/1745
f 1607/3283/1746 1592/3288/1748 1617/3284/1747
f 1617/3284/1747 1592/3288/1748 2029/3289/1749
f 1898/3290/1445 2029/3289/1749 1592/3288/1748
f 1331/3250/1725 1333/2742/1333 1341/3261/1733
f 1355/3258/1458 1351/3291/1750 1353/3254/1729
f 1351/3291/1750 1352/3257/1731 1353/3254/1729
f 1339/3070/1616 1359/3267/1628 1357/3255/1730
f 1336/3292/1751 1991/2888/1470 1333/2742/1333
f 1336/3292/1751 1333/2742/1333 1349/3073/1619
f 1340/3293/1752 1336/3292/1751 1346/3071/1617
f 1336/3292/1751 1349/3073/1619 1346/3071/1617
f 1604/3294/1708 1581/3295/1468 1340/3296/1752
f 1604/3214/1708 1855/2804/1393 1890/3297/1448
f 1846/3298/1704 1855/2804/1393 1577/2806/1395
f 1346/3071/1617 1357/3255/1730 1347/3299/1753
f 1347/3299/1753 1357/3255/1730 1615/3277/1740
f 1855/3300/1393 1604/3301/1708 1477/3302/1754
f 1855/3303/1393 1477/3304/1754 1447/3305/1573
f 1602/3306/1755 1470/3307/1572 1606/3308/1574
f 1606/3309/1574 1447/3305/1573 1477/3304/1754
f 1337/3269/1736 1331/3250/1725 1605/3249/1724
f 2029/3289/1749 1897/3310/1756 1597/3311/1757
f 1897/3312/1756 1701/3313/1758 1597/3314/1757
f 1353/3254/1729 1352/3257/1731 1609/3252/1727
f 1340/3293/1752 1346/3071/1617 1347/3299/1753
f 1597/3311/1757 1849/3315/1759 1589/2779/1368
f 1849/3315/1759 2030/2777/1366 1589/2779/1368
f 2029/3289/1749 1597/3311/1757 1838/3316/1760
f 1617/3284/1747 1502/2778/1367 1839/3282/1745
f 1839/3282/1745 1502/2778/1367 1428/3317/1761
f 1597/3311/1757 1589/2779/1368 1838/3316/1760
f 1477/3318/1754 1602/3306/1755 1606/3308/1574
f 1340/3293/1752 1602/3319/1755 1477/3320/1754
f 1340/3293/1752 1477/3320/1754 1604/3214/1708
f 2029/3289/1749 1838/3316/1760 1617/3284/1747
f 1347/3299/1753 1615/3277/1740 1614/3321/1762
f 1614/3321/1762 1615/3277/1740 1619/3280/1743
f 1338/3322/1763 1347/3299/1753 1614/3321/1762
f 1614/3321/1762 1602/3319/1755 1338/3322/1763
f 2006/3323/1764 1463/3324/1444 1443/3325/1532
f 1502/2778/1367 1474/3326/1765 1428/3317/1761
f 1930/2822/1410 1395/3327/1766 2024/2823/1411
f 1829/3328/1767 1830/3329/1768 1875/3330/1769
f 1830/3329/1768 1512/3331/1539 1875/3330/1769
f 1512/3332/1539 1958/2828/1416 1790/3333/1770
f 1958/2828/1416 1960/2889/1471 2045/2829/1417
f 2046/3334/1771 1801/3335/1772 2045/2829/1417
f 1801/3335/1772 1961/3336/1773 2045/2829/1417
f 1957/2890/1472 2046/3334/1771 2045/2829/1417
f 1797/2830/1418 1790/3333/1770 1958/2828/1416
f 1790/3337/1770 1874/3338/1774 1512/3339/1539
f 1874/3340/1774 1875/3330/1769 1512/3331/1539
f 1875/3341/1769 2031/3342/1775 2032/3343/1776
f 2032/3344/1776 1486/3345/1777 1829/3328/1767
f 2032/3344/1776 1829/3328/1767 1875/3330/1769
f 1961/3336/1773 1797/2830/1418 2045/2829/1417
f 2013/3346/1778 1703/3347/1779 1976/3171/1682
f 1703/3347/1779 2011/3348/1780 1926/2833/1421
f 1713/2831/1419 2011/3348/1780 1489/3349/1781
f 1938/2832/1420 1975/3170/1681 1926/2833/1421
f 1976/3171/1682 1815/3350/1463 2013/3346/1778
f 1926/2833/1421 1976/3171/1682 1703/3347/1779
f 1815/3351/1463 1670/3352/1782 1671/3353/1537
f 1815/3351/1463 1671/3353/1537 2013/3354/1778
f 2011/3348/1780 1713/2831/1419 1926/2833/1421
f 1932/3355/1637 1647/2794/1383 1946/2793/1382
f 1939/3356/1710 1945/3357/1647 1946/2793/1382
f 1945/3358/1647 1933/3108/1642 1932/3103/1637
f 1933/3108/1642 1947/3104/1638 1932/3103/1637
f 1932/3359/1637 1946/3360/1382 1945/3361/1647
f 1695/2792/1381 1939/3356/1710 1946/2793/1382
f 2015/2835/1423 2014/2924/1506 1563/2866/1452
f 1563/2866/1452 1919/2865/1451 2015/2835/1423
f 1919/2865/1451 1659/2836/1424 2015/2835/1423
f 1450/3362/1783 1435/2834/1422 1659/2836/1424
f 1343/3363/1626 1339/3070/1616 1335/3069/1615
f 1642/3364/1784 1922/3365/1785 1450/3366/1783
f 1728/2919/1501 1734/2789/1378 1740/3367/1786
f 1450/3366/1783 1923/3368/1787 1642/3364/1784
f 1902/3369/1446 1898/3290/1445 1594/3370/1788
f 1594/3370/1788 1898/3290/1445 1657/3278/1741
f 1657/3278/1741 1898/3290/1445 1592/3288/1748
f 1607/3371/1746 1839/3372/1745 1616/3373/1744
f 1657/3278/1741 1592/3288/1748 2051/3279/1742
f 1592/3374/1748 1607/3375/1746 1616/3376/1744
f 1616/3281/1744 2051/3279/1742 1592/3288/1748
f 1669/3377/1431 1680/3378/1789 1675/3379/1429
f 1554/3380/1790 1533/3381/1791 1539/2844/1432
f 1640/3382/1703 1639/2852/1438 2027/2851/1437
f 2027/2851/1437 1390/3383/1560 1640/3382/1703
f 1624/3384/1792 1623/3385/1793 1905/3386/1794
f 1624/3384/1792 1905/3386/1794 1621/3387/1795
f 1981/3388/1796 1623/3385/1793 1624/3384/1792
f 1621/3389/1795 1622/3390/1797 1518/3391/1798
f 1624/3384/1792 1621/3387/1795 1625/3392/1799
f 1981/3388/1796 1624/3384/1792 1625/3392/1799
f 1621/3389/1795 1518/3391/1798 1625/3393/1799
f 1910/3394/1800 1981/3388/1796 1508/3395/1801
f 1508/3395/1801 1710/3396/1512 1910/3394/1800
f 1625/3392/1799 1508/3395/1801 1981/3388/1796
f 1381/3397/1491 2022/3398/1802 1547/3399/1803
f 1381/3397/1491 1547/3399/1803 1549/3400/1804
f 1547/3399/1803 1550/3401/1805 1549/3400/1804
f 1536/3402/1806 1537/2845/1433 1539/2844/1432
f 1539/2844/1432 1533/3381/1791 1536/3402/1806
f 1549/3403/1804 1554/3404/1790 1476/3405/1434
f 1381/3397/1491 1549/3400/1804 1476/2846/1434
f 1377/2847/1412 1379/3406/1807 2023/2848/1435
f 1582/3407/1503 1552/3408/1808 1620/3409/1504
f 1552/3410/1808 1837/3411/1809 1834/3412/1810
f 1834/3412/1810 1620/3413/1504 1552/3410/1808
f 1650/3414/1811 1852/3415/1812 1680/3416/1789
f 1669/2843/1431 1709/3417/1813 1650/3414/1811
f 1650/3414/1811 1680/3416/1789 1669/2843/1431
f 1595/3418/1814 1852/3415/1812 1650/3414/1811
f 1709/3417/1813 1595/3418/1814 1650/3414/1811
f 1822/3419/1436 1825/3420/1815 2027/3421/1437
f 2019/3422/1715 2018/3423/1816 1628/3424/1712
f 1632/3425/1817 1966/3426/1588 1969/3427/1818
f 1553/3428/1819 1548/3429/1820 2039/3430/1821
f 1393/3431/1822 1578/3432/1441 1591/3433/1440
f 1883/3434/1823 1412/3435/1824 1465/3436/1825
f 1412/3435/1824 1516/3437/1826 1465/3436/1825
f 1516/3437/1826 1488/3438/1827 1658/3439/1828
f 1393/3440/1822 1591/2854/1440 1658/3441/1828
f 1516/3437/1826 1658/3439/1828 1465/3436/1825
f 1670/3442/1782 1815/2878/1463 1677/2963/1538
f 1677/2963/1538 1671/2962/1537 1670/3442/1782
f 1772/3443/1829 1771/3444/1830 1765/3445/1831
f 1572/3446/1832 1949/3447/1578 1788/3448/1833
f 1788/3449/1833 1802/3450/1834 1525/3451/1835
f 1802/3452/1834 1799/3453/1836 1525/3454/1835
f 1572/3455/1832 1788/3456/1833 1561/3457/1837
f 1437/3458/1838 1572/3455/1832 1561/3457/1837
f 1525/3459/1835 1561/3460/1837 1788/3461/1833
f 2033/3462/1546 1341/3463/1733 1481/3464/1547
f 1463/2858/1444 2006/3465/1764 1507/2856/1442
f 1462/3466/1439 1488/3467/1827 1448/3468/1839
f 1716/3469/1562 1700/3215/1709 1723/3470/1840
f 1723/3470/1840 1489/3471/1781 1716/3469/1562
f 2053/3472/1495 1869/3473/1494 1651/3474/1660
f 1651/3474/1660 1712/3475/1563 1489/3476/1781
f 1712/3475/1563 1716/3477/1562 1489/3476/1781
f 2053/3472/1495 1651/3474/1660 2011/3478/1780
f 1726/3479/1657 2053/2913/1495 2013/3480/1778
f 1489/3481/1781 1723/3482/1840 1466/3483/1841
f 1723/3482/1840 1411/3484/1842 1466/3483/1841
f 2053/3472/1495 2011/3478/1780 1703/3485/1779
f 2012/3486/1654 1726/3487/1657 2013/3488/1778
f 2053/3472/1495 1703/3485/1779 2013/3489/1778
f 1868/3490/1386 2012/3486/1654 2013/3488/1778
f 1672/3491/1478 1868/3490/1386 1671/2962/1537
f 1673/3492/1843 1870/3493/1844 1439/3494/1845
f 1870/3493/1844 1685/3495/1479 1439/3494/1845
f 1673/3492/1843 1439/3494/1845 1681/2961/1536
f 1439/3494/1845 1672/3491/1478 1671/2962/1537
f 1680/3416/1789 1852/3415/1812 1667/3496/1846
f 1439/3494/1845 1671/2962/1537 1681/2961/1536
f 1680/3416/1789 1667/3496/1846 1673/3492/1843
f 1680/3416/1789 1673/3492/1843 1668/3497/1847
f 1682/3498/1848 1569/2905/1487 1668/3497/1847
f 1569/2905/1487 1680/3416/1789 1668/3497/1847
f 1668/3499/1847 1673/3500/1843 1681/3501/1536
f 2013/3488/1778 1671/2962/1537 1868/3490/1386
f 1489/3476/1781 2011/3478/1780 1651/3474/1660
f 1466/3502/1841 1713/2831/1419 1489/3349/1781
f 1718/3503/1633 1466/3483/1841 1411/3484/1842
f 1721/3504/1849 1725/3505/1631 1718/3503/1633
f 1721/3504/1849 1718/3503/1633 1411/3484/1842
f 1411/3484/1842 1723/3482/1840 1717/3193/1695
f 1715/3506/1850 1721/3504/1849 1722/3192/1694
f 1721/3504/1849 1411/3484/1842 1717/3193/1695
f 1721/3504/1849 1717/3193/1695 1722/3192/1694
f 1641/3507/1851 1715/3506/1850 1893/3508/1696
f 1722/3192/1694 1893/3508/1696 1715/3506/1850
f 2040/3509/1852 1641/3507/1851 1893/3508/1696
f 2040/3509/1852 1893/3508/1696 2052/3098/1634
f 1893/3508/1696 1372/3510/1697 2052/3098/1634
f 1372/3510/1697 2060/3511/1853 1360/3099/1361
f 2052/3098/1634 1372/3510/1697 1360/3099/1361
f 1374/2756/1345 2043/2758/1347 2052/3512/1634
f 2060/3511/1853 2059/3167/1678 1362/3513/1362
f 2059/3167/1678 1366/3169/1680 1362/3513/1362
f 1360/3099/1361 2060/3511/1853 1362/3513/1362
f 1362/3513/1362 1366/3169/1680 1883/3514/1823
f 1366/3169/1680 1368/3515/1854 1363/3516/1855
f 1362/3513/1362 1883/3514/1823 1983/3517/1856
f 1361/3518/1636 1373/3519/1360 1362/3513/1362
f 1374/3520/1345 1361/3518/1636 1362/3513/1362
f 1506/3521/1346 1374/3520/1345 1362/3513/1362
f 1506/3521/1346 1362/3513/1362 1983/3517/1856
f 1418/3522/1857 1369/3523/1858 1983/3517/1856
f 1369/3523/1858 1506/3521/1346 1983/3517/1856
f 1591/2854/1440 1494/3524/1859 1658/3441/1828
f 1494/3524/1859 1983/3517/1856 1658/3441/1828
f 1883/3514/1823 1366/3169/1680 1363/3516/1855
f 1465/3525/1825 1658/3441/1828 1983/3517/1856
f 1465/3525/1825 1983/3517/1856 1883/3514/1823
f 1412/3526/1824 1883/3514/1823 1458/3527/1860
f 1458/3527/1860 1883/3514/1823 1363/3516/1855
f 1458/3527/1860 1516/3528/1826 1412/3526/1824
f 1558/3529/1861 1697/3530/1862 1495/3531/1863
f 1982/3532/1864 1697/3530/1862 1458/3527/1860
f 1697/3530/1862 1558/3529/1861 1458/3527/1860
f 1941/3533/1865 1982/3532/1864 1458/3527/1860
f 1396/3534/1866 1970/3535/1867 1728/2919/1501
f 1971/3536/1868 1396/3534/1866 1728/2919/1501
f 1728/2919/1501 1997/2918/1500 1485/3537/1579
f 1728/2919/1501 1485/3537/1579 1971/3536/1868
f 1485/3537/1579 1748/3538/1869 1971/3536/1868
f 1728/2919/1501 1970/3535/1867 1896/3539/1870
f 1937/3540/1871 1936/2920/1502 1728/2919/1501
f 1740/3367/1786 1937/3540/1871 1728/2919/1501
f 1526/3541/1872 1940/3542/1873 1571/3543/1874
f 1896/3539/1870 1526/3541/1872 1571/3543/1874
f 1896/3539/1870 1571/3543/1874 1588/3544/1875
f 1571/3543/1874 1941/3533/1865 1588/3544/1875
f 1739/3545/1876 1740/3367/1786 1461/2791/1380
f 1461/2791/1380 1740/3367/1786 1734/2789/1378
f 1735/3546/1877 1907/3547/1878 1908/3548/1879
f 1735/3546/1877 1908/3548/1879 1739/3545/1876
f 1736/3549/1880 1907/3547/1878 1735/3546/1877
f 1731/2790/1379 1736/3549/1880 1739/3545/1876
f 1736/3549/1880 1735/3546/1877 1739/3545/1876
f 1458/3527/1860 1558/3529/1861 1635/3550/1881
f 1941/3533/1865 1458/3527/1860 1370/3551/1882
f 2059/3167/1678 1564/3552/1883 1367/3168/1679
f 1564/3552/1883 1365/3553/1884 1368/3515/1854
f 1367/3168/1679 1564/3552/1883 1368/3515/1854
f 1978/3554/1885 1364/3555/1886 1621/3389/1795
f 1364/3555/1886 1622/3390/1797 1621/3389/1795
f 1365/3553/1884 1978/3554/1885 1368/3515/1854
f 1978/3554/1885 1363/3516/1855 1368/3515/1854
f 1461/2791/1380 1731/2790/1379 1739/3545/1876
f 1458/3527/1860 1363/3516/1855 1370/3551/1882
f 1896/3539/1870 1734/2789/1378 1728/2919/1501
f 1370/3551/1882 1371/3556/1887 1588/3544/1875
f 1588/3544/1875 2049/3557/1888 1896/3539/1870
f 1905/3558/1794 1623/3559/1793 1909/2821/1409
f 1978/3554/1885 1621/3389/1795 1906/2820/1408
f 1621/3389/1795 1905/3558/1794 1906/2820/1408
f 1370/3551/1882 1588/3544/1875 1941/3533/1865
f 1905/3558/1794 1909/2821/1409 1906/2820/1408
f 1906/2820/1408 1927/2819/1407 1978/3554/1885
f 1927/2819/1407 1371/3556/1887 1978/3554/1885
f 1363/3516/1855 1978/3554/1885 1371/3556/1887
f 1371/3556/1887 1370/3551/1882 1363/3516/1855
f 1520/3096/1632 1713/2831/1419 1466/3502/1841
f 1718/3097/1633 1520/3096/1632 1466/3502/1841
f 2022/3398/1802 1381/3397/1491 1496/3560/1692
f 1379/3406/1807 1967/3026/1556 2017/3561/1555
f 2017/3562/1555 2023/3563/1435 1379/3564/1807
f 1921/3565/1889 1892/3566/1890 1450/3567/1783
f 1450/3567/1783 1922/3568/1785 1921/3565/1889
f 1787/2868/1454 1793/3569/1891 1422/2869/1455
f 1707/3105/1639 1980/3106/1640 1392/3112/1646
f 1968/3570/1892 1699/3571/1893 2007/3572/1531
f 1969/3573/1818 1968/3574/1892 2007/2955/1531
f 2017/3575/1555 1969/3573/1818 2016/3234/1717
f 1930/3576/1410 2017/3577/1555 2016/3578/1717
f 1935/3579/1894 1804/3580/1499 1699/3581/1893
f 1804/3580/1499 1807/3582/1498 1507/3583/1442
f 1807/3582/1498 1785/3584/1497 1809/3585/1895
f 1804/3580/1499 2006/3586/1764 1699/3581/1893
f 1383/3587/1718 1930/3588/1410 2016/3589/1717
f 1463/3590/1444 1493/3591/1443 1443/3592/1532
f 1742/2954/1530 2016/3234/1717 1969/3573/1818
f 1807/3582/1498 1809/3585/1895 1803/2818/1406
f 2019/3422/1715 1628/3424/1712 1742/3593/1530
f 2007/2955/1531 2006/3586/1764 1443/2956/1532
f 2007/2955/1531 1742/2954/1530 1969/3573/1818
f 1400/3594/1508 1792/3595/1896 1793/3596/1891
f 1637/3597/1507 1400/3594/1508 1793/3596/1891
f 1793/3596/1891 1802/3598/1834 1637/3597/1507
f 1802/3598/1834 1788/3599/1833 1803/2818/1406
f 1803/2818/1406 1637/3597/1507 1802/3598/1834
f 1788/3599/1833 1789/3600/1484 1803/2818/1406
f 1807/3582/1498 1803/2818/1406 1789/3600/1484
f 2007/2955/1531 1699/3581/1893 2006/3586/1764
f 2019/3601/1715 1894/3602/1714 1953/3603/1485
f 1894/3602/1714 1507/3583/1442 1807/3582/1498
f 1894/3602/1714 1807/3582/1498 1953/3603/1485
f 1507/3583/1442 2006/3586/1764 1804/3580/1499
f 1953/3604/1485 1807/3605/1498 1786/3606/1486
f 1789/3600/1484 1786/3607/1486 1807/3582/1498
f 1823/3044/1597 2055/3608/1897 1948/3609/1898
f 1948/3609/1898 2055/3608/1897 1950/3610/1899
f 1823/3044/1597 1948/3609/1898 1749/3611/1900
f 1948/3612/1898 1817/3613/1577 1749/3614/1900
f 1557/3042/1595 1823/3044/1597 1749/3611/1900
f 1821/3615/1901 1962/3616/1902 2046/3617/1771
f 1962/3616/1902 1801/3618/1772 2046/3617/1771
f 2046/3617/1771 1957/3619/1472 1821/3615/1901
f 1957/3619/1472 1830/3620/1768 1821/3615/1901
f 1829/3328/1767 1486/3345/1777 1820/3621/1903
f 1820/3621/1903 1382/3622/1545 2038/3623/1904
f 1829/3328/1767 1820/3621/1903 1830/3329/1768
f 2038/3623/1904 1741/3624/1544 1579/3625/1905
f 1830/3329/1768 1820/3621/1903 2038/3623/1904
f 1830/3329/1768 2038/3623/1904 1821/3626/1901
f 1579/3625/1905 1744/3627/1517 1824/3628/1516
f 2038/3623/1904 1579/3625/1905 1821/3626/1901
f 1821/3626/1901 1579/3625/1905 1557/3042/1595
f 1579/3625/1905 1824/3628/1516 1423/3629/1906
f 1821/3626/1901 1557/3042/1595 1749/3611/1900
f 1557/3042/1595 1579/3625/1905 1423/3629/1906
f 1824/3628/1516 1826/3630/1907 1438/3631/1908
f 1826/3632/1907 1836/3633/1909 1835/3051/1604
f 1824/3628/1516 1438/3631/1908 1423/3629/1906
f 1818/3634/1596 1557/3635/1595 1423/3636/1906
f 1438/3631/1908 1826/3630/1907 1835/3637/1604
f 1836/3638/1909 1639/3639/1438 1473/3640/1373
f 2025/3641/1910 1823/3044/1597 1952/3642/1911
f 1823/3044/1597 1818/3043/1596 2024/3643/1411
f 1952/3642/1911 1823/3044/1597 2024/3643/1411
f 1836/3633/1909 1473/3052/1373 1835/3051/1604
f 1377/3644/1412 2024/3645/1411 1818/3634/1596
f 1423/3636/1906 1831/3646/1912 1818/3634/1596
f 1831/3647/1912 1379/3406/1807 1377/2847/1412
f 1818/3634/1596 1831/3646/1912 1377/3644/1412
f 1770/3648/1603 1769/3649/1602 1517/3650/1550
f 1772/3651/1829 1422/3652/1455 1771/3653/1830
f 1422/3652/1455 1792/3595/1896 1771/3653/1830
f 1753/3654/1913 1770/3648/1603 1517/3650/1550
f 1803/2818/1406 1806/2817/1405 1637/3597/1507
f 1785/3584/1497 1935/3579/1894 1746/3655/1914
f 1935/3579/1894 2061/3656/1915 1746/3655/1914
f 1809/3585/1895 1785/3584/1497 1746/3655/1914
f 2061/3656/1915 1904/3657/1916 1776/3658/1917
f 1746/3655/1914 2061/3656/1915 1776/3658/1917
f 1904/3657/1916 1585/3659/1918 1774/3660/1919
f 1585/3659/1918 1902/3369/1446 1774/3660/1919
f 1902/3369/1446 1775/3661/1920 1774/3660/1919
f 1805/2816/1404 1803/2818/1406 1809/3585/1895
f 1780/3034/1590 1805/2816/1404 1809/3585/1895
f 1775/3661/1920 1902/3369/1446 1594/3370/1788
f 1753/3654/1913 1517/3650/1550 1880/3662/1921
f 1504/3663/1922 1880/3662/1921 1517/3650/1550
f 1594/3370/1788 1657/3278/1741 1882/3664/1923
f 1657/3278/1741 1611/3275/1738 1612/3253/1728
f 1772/3651/1829 1765/3665/1831 1504/3663/1922
f 1611/3275/1738 1615/3277/1740 1357/3255/1730
f 1772/3651/1829 1504/3663/1922 1517/3650/1550
f 1611/3275/1738 1357/3255/1730 1612/3253/1728
f 1657/3278/1741 1612/3253/1728 1560/3666/1924
f 1612/3253/1728 1878/3667/1925 1560/3666/1924
f 1746/3655/1914 1766/3668/1926 1570/3035/1591
f 1766/3668/1926 1792/3595/1896 1570/3035/1591
f 1767/3669/1927 1776/3658/1917 1904/3657/1916
f 1410/3670/1928 1767/3669/1927 1904/3657/1916
f 1410/3670/1928 1904/3657/1916 1774/3660/1919
f 1792/3595/1896 1400/3594/1508 1570/3035/1591
f 1746/3655/1914 1570/3035/1591 1780/3034/1590
f 1657/3278/1741 1560/3666/1924 1882/3664/1923
f 1594/3370/1788 1882/3664/1923 1775/3661/1920
f 1746/3655/1914 1780/3034/1590 1809/3585/1895
f 1774/3660/1919 1510/3671/1929 1405/3672/1930
f 1510/3671/1929 1773/3673/1931 1881/3674/1932
f 1881/3674/1932 1812/3675/1933 1510/3671/1929
f 1812/3675/1933 1405/3672/1930 1510/3671/1929
f 1641/3507/1851 2040/3509/1852 1993/3676/1630
f 2040/3509/1852 2052/3098/1634 2043/3677/1347
f 1752/3102/1635 1374/2756/1345 2052/3512/1634
f 1715/3678/1850 1641/3679/1851 1993/3680/1630
f 1721/3681/1849 1715/3678/1850 1993/3680/1630
f 1993/3676/1630 1725/3505/1631 1721/3504/1849
f 2043/2758/1347 1993/3092/1630 2040/3682/1852
f 1932/3103/1637 1707/3105/1639 1392/3112/1646
f 1360/3683/1361 1373/3684/1360 1752/3102/1635
f 1887/3685/1689 1483/2801/1390 1421/2803/1392
f 1999/3686/1934 1937/3687/1871 1633/3688/1525
f 1937/3687/1871 2001/3689/1526 1633/3688/1525
f 2005/3140/1662 2004/3125/1653 1631/3124/1415
f 1631/3124/1415 1814/3139/1564 2005/3140/1662
f 1397/3135/1659 2005/3140/1662 1408/3138/1661
f 1408/3690/1661 1724/3691/1658 1397/3692/1659
f 1814/3139/1564 1408/3138/1661 2005/3140/1662
f 1709/3693/1813 1567/3694/1509 1595/3695/1814
f 1782/3696/1461 1797/3697/1418 1795/3698/1459
f 1796/3699/1935 1782/2876/1461 1784/3700/1936
f 1801/3701/1772 1962/3702/1902 1808/3703/1937
f 1808/3703/1937 1798/3704/1938 1801/3701/1772
f 1800/3705/1939 1561/3706/1837 1525/3707/1835
f 1961/3336/1773 1801/3335/1772 1800/3708/1939
f 1797/3709/1418 1961/3710/1773 1800/3711/1939
f 1800/3705/1939 1525/3707/1835 2028/3712/1940
f 2028/3712/1940 1525/3707/1835 1799/3713/1836
f 1797/3697/1418 1800/3714/1939 2028/3715/1940
f 2028/3716/1940 1799/3717/1836 1794/3718/1941
f 1799/3719/1836 1385/3720/1942 1794/3721/1941
f 1797/3697/1418 2028/3715/1940 1779/3722/1943
f 1784/3700/1936 1782/2876/1461 1781/3723/1529
f 2028/3724/1940 1794/3725/1941 1779/3726/1943
f 1781/3723/1529 1782/2876/1461 1783/2875/1460
f 1787/3727/1454 1781/3723/1529 1783/2875/1460
f 1797/3697/1418 1779/3722/1943 1795/3698/1459
f 1815/3350/1463 1976/3171/1682 1856/3728/1464
f 1706/3729/1944 2033/3259/1546 1751/3730/1548
f 1751/3730/1548 2048/3265/1734 1562/3062/1610
f 1813/3731/1945 1879/3260/1732 2033/3259/1546
f 1813/3731/1945 2033/3259/1546 1706/3729/1944
f 1813/3731/1945 1706/3729/1944 2047/3732/1946
f 1706/3729/1944 1751/3730/1548 1562/3062/1610
f 1562/3062/1610 1702/2766/1355 1706/3729/1944
f 1426/2765/1354 2047/3732/1946 1702/2766/1355
f 1706/3729/1944 1702/2766/1355 2047/3732/1946
f 1879/3260/1732 1813/3731/1945 1753/3654/1913
f 1813/3731/1945 2047/3732/1946 1596/3733/1947
f 1610/3251/1726 1331/3250/1725 1879/3260/1732
f 1813/3731/1945 1596/3733/1947 1753/3654/1913
f 1596/3733/1947 2047/3732/1946 1498/3734/1601
f 1426/2765/1354 1456/2767/1356 1498/3734/1601
f 2047/3732/1946 1426/2765/1354 1498/3734/1601
f 1610/3251/1726 1879/3260/1732 1753/3654/1913
f 1596/3733/1947 1770/3648/1603 1753/3654/1913
f 1753/3654/1913 1880/3662/1921 1610/3251/1726
f 1609/3252/1727 1610/3251/1726 1880/3662/1921
f 1612/3253/1728 1609/3252/1727 1880/3662/1921
f 1768/3735/1948 1878/3667/1925 1880/3662/1921
f 1878/3667/1925 1612/3253/1728 1880/3662/1921
f 1771/3653/1830 1792/3595/1896 1766/3668/1926
f 1771/3653/1830 1766/3668/1926 1504/3663/1922
f 1766/3668/1926 1768/3735/1948 1880/3662/1921
f 1766/3668/1926 1880/3662/1921 1504/3663/1922
f 1856/3736/1464 1976/3737/1682 1975/3738/1681
f 1975/3739/1681 1938/3740/1420 1856/3741/1464
f 1634/2882/1465 1678/3742/1462 1856/2880/1464
f 1642/3743/1784 1568/3744/1949 1376/3745/1363
f 1568/3744/1949 1469/3746/1534 1509/3747/1364
f 1376/3745/1363 1568/3744/1949 1509/3747/1364
f 1413/3748/1950 1642/3743/1784 1376/3745/1363
f 1744/3749/1517 1399/3750/1543 1758/3751/1951
f 1399/3750/1543 1479/3752/1477 1758/3751/1951
f 1896/3539/1870 1731/2790/1379 1734/2789/1378
f 1870/3753/1844 1852/3754/1812 1847/3222/1711
f 1696/2898/1480 1685/2897/1479 1870/3753/1844
f 1847/3222/1711 1696/2898/1480 1870/3753/1844
f 1852/3754/1812 1595/3755/1814 1567/2928/1509
f 1847/3222/1711 1852/3754/1812 1567/2928/1509
f 1847/3222/1711 1567/2928/1509 1850/3756/1952
f 1867/3129/1656 1847/3222/1711 1850/3756/1952
f 1980/3106/1640 1649/3118/1649 1573/3111/1645
f 1866/3121/1652 1692/3122/1571 1867/3129/1656
f 1649/3118/1649 1866/3121/1652 1519/3757/1342
f 1866/3121/1652 1867/3129/1656 1848/3758/1648
f 1866/3121/1652 1848/3758/1648 1519/3757/1342
f 1573/3111/1645 1649/3118/1649 1990/3759/1953
f 1867/3129/1656 1850/3756/1952 1848/3758/1648
f 1567/2928/1509 1709/3760/1813 1853/2929/1510
f 1853/2929/1510 1890/3761/1448 1855/2930/1393
f 1990/3759/1953 1392/3112/1646 1573/3111/1645
f 1604/3214/1708 1890/3297/1448 1608/2887/1469
f 1901/3762/1954 1990/3759/1953 1996/3084/1341
f 1854/3763/1622 1701/3764/1758 1996/3765/1341
f 1597/3311/1757 1701/3766/1758 1849/3315/1759
f 2030/3767/1366 1849/3768/1759 1754/3080/1621
f 1701/3769/1758 1901/3762/1954 1996/3084/1341
f 1849/3768/1759 1701/3770/1758 1854/3081/1622
f 1996/3084/1341 1990/3759/1953 1519/3757/1342
f 1754/3080/1621 1849/3768/1759 1854/3081/1622
f 1649/3118/1649 1519/3757/1342 1990/3759/1953
f 1817/3613/1577 1821/3771/1901 1749/3614/1900
f 1446/2933/1401 2042/3162/1676 1378/3772/1955
f 2042/3162/1676 1514/3773/1956 1378/3772/1955
f 1524/3774/1370 1912/3775/1369 1911/3776/1957
f 1902/3777/1446 1585/3778/1918 1903/3779/1958
f 1479/3780/1477 1889/3781/1338 1819/3782/1340
f 1752/3102/1635 1373/3684/1360 1361/3101/1636
f 1467/2901/1483 1553/3783/1819 1537/3784/1433
f 1537/3784/1433 1433/2899/1481 1467/2901/1483
f 1685/2897/1479 1672/2896/1478 1439/3785/1845
f 1779/3726/1943 1794/3725/1941 1783/2875/1460
f 1973/3786/1467 1745/3787/1400 1956/3788/1399
f 1983/3517/1856 1494/3524/1859 1418/3522/1857
f 1494/3524/1859 1591/2854/1440 1634/3789/1465
f 1591/2854/1440 1462/2853/1439 1676/3790/1959
f 1634/3789/1465 1677/2963/1538 1678/2877/1462
f 1462/2853/1439 1448/3791/1839 1682/3498/1848
f 1635/3550/1881 1448/3791/1839 1488/3792/1827
f 1488/3792/1827 1516/3528/1826 1635/3550/1881
f 1495/3531/1863 1697/3530/1862 1432/3793/1960
f 1558/3529/1861 1495/3531/1863 1635/3550/1881
f 1635/3550/1881 1516/3528/1826 1458/3527/1860
f 1448/3791/1839 1635/3550/1881 1569/2905/1487
f 1635/3550/1881 1495/3531/1863 1674/2842/1430
f 1569/2905/1487 1635/3550/1881 1674/2842/1430
f 1697/3530/1862 1982/3532/1864 1424/3794/1961
f 1462/2853/1439 1682/3498/1848 1676/3790/1959
f 1982/3532/1864 1940/3542/1873 1526/3541/1872
f 1424/3794/1961 1982/3532/1864 1971/3536/1868
f 1697/3530/1862 1424/3794/1961 1432/3793/1960
f 1982/3532/1864 1526/3541/1872 1977/3795/1962
f 1526/3541/1872 1896/3539/1870 1972/3796/1963
f 1896/3539/1870 1970/3535/1867 1972/3796/1963
f 1970/3535/1867 1396/3534/1866 1972/3796/1963
f 1977/3795/1962 1396/3534/1866 1971/3536/1868
f 1526/3541/1872 1972/3796/1963 1977/3795/1962
f 1982/3532/1864 1977/3795/1962 1971/3536/1868
f 1432/3793/1960 1424/3794/1961 1598/3797/1568
f 1598/3798/1568 1857/3799/1567 1432/3800/1960
f 1432/3793/1960 1409/3801/1964 1495/3531/1863
f 1409/3801/1964 1777/3802/1965 1877/3803/1966
f 1495/3531/1863 1409/3801/1964 1877/3803/1966
f 1857/3804/1567 1576/3805/1967 1432/3793/1960
f 1711/3806/1968 1369/3523/1858 1418/3522/1857
f 1938/3807/1420 1711/3806/1968 1418/3522/1857
f 1634/3789/1465 1938/3807/1420 1418/3522/1857
f 1418/3522/1857 1494/3524/1859 1634/3789/1465
f 1634/3789/1465 1591/2854/1440 1677/2963/1538
f 1591/3808/1440 1676/3809/1959 1677/3810/1538
f 1815/2878/1463 1678/2877/1462 1677/2963/1538
f 1569/2905/1487 1682/3498/1848 1448/3791/1839
f 1777/3811/1965 1430/3812/1969 1877/3813/1966
f 1877/3803/1966 1528/3814/1970 1495/3531/1863
f 1528/3814/1970 1430/3815/1969 1386/3816/1606
f 1386/3816/1606 1414/3817/1605 1528/3814/1970
f 1528/3814/1970 1414/3817/1605 1679/2863/1449
f 1414/3817/1605 1559/2864/1450 1679/2863/1449
f 1679/2863/1449 1890/2862/1448 1674/2842/1430
f 1890/2862/1448 1853/3818/1510 1674/2842/1430
f 1853/3818/1510 1709/3417/1813 1669/2843/1431
f 1853/3818/1510 1669/2843/1431 1674/2842/1430
f 1528/3814/1970 1679/2863/1449 1674/2842/1430
f 1495/3531/1863 1528/3814/1970 1674/2842/1430
f 1680/3416/1789 1569/2905/1487 1675/2841/1429
f 1560/3819/1924 1881/3820/1932 1882/3821/1923
f 1881/3674/1932 1773/3673/1931 1882/3664/1923
f 1698/3822/1971 1456/3823/1356 1690/3824/1972
f 1456/3823/1356 1702/3825/1355 1690/3824/1972
f 1778/3826/1973 1698/3822/1971 1690/3824/1972
f 1690/3824/1972 1954/3827/1974 1778/3826/1973
f 1778/3826/1973 1954/3827/1974 1777/3828/1965
f 1332/3829/1457 1354/2754/1335 1350/2753/1344
f 1350/2753/1344 1337/3830/1736 1332/3829/1457
f 1496/3560/1692 1381/3397/1491 1546/3831/1493
f 2055/3608/1897 1646/3832/1975 1949/3833/1578
f 1949/3833/1578 1950/3610/1899 2055/3608/1897
f 1882/3664/1923 1773/3673/1931 1775/3661/1920
f 1459/3834/1598 2034/3835/1976 1542/3836/1599
f 1394/3837/1977 1540/3838/1706 2034/3835/1976
f 1540/3838/1706 1542/3836/1599 2034/3835/1976
f 1863/3839/1655 1861/3840/1570 1726/3841/1657
f 1861/3842/1570 1505/2914/1496 2053/2913/1495
f 1726/3479/1657 1861/3842/1570 2053/2913/1495
f 1804/3580/1499 1935/3579/1894 1785/3584/1497
f 1924/3843/1978 1966/3844/1588 1831/3845/1912
f 1831/3846/1912 1423/3629/1906 1924/3847/1978
f 1423/3629/1906 1438/3631/1908 1837/3848/1809
f 1832/3849/1374 1845/3850/1979 1842/3851/1980
f 1845/3850/1979 1841/3204/1702 1842/3851/1980
f 1841/3204/1702 1492/2992/1559 1500/3852/1981
f 1500/3852/1981 1842/3851/1980 1841/3204/1702
f 1398/3853/1372 1832/3849/1374 1840/3854/1982
f 1832/3849/1374 1842/3851/1980 1840/3854/1982
f 1398/3853/1372 1840/3854/1982 1475/3855/1505
f 1840/3854/1982 1843/3856/1983 1475/3855/1505
f 1438/3631/1908 1835/3637/1604 1837/3848/1809
f 1835/3857/1604 1398/3858/1372 1475/3859/1505
f 1843/3856/1983 1544/3860/1984 1556/3861/1985
f 1475/3855/1505 1843/3856/1983 1556/3861/1985
f 1552/3862/1808 1924/3863/1978 1837/3864/1809
f 1833/3865/1986 1620/2922/1504 1834/3866/1810
f 1833/3867/1986 1834/3868/1810 1837/3869/1809
f 1475/2923/1505 1833/3865/1986 1835/3637/1604
f 1833/3865/1986 1837/3848/1809 1835/3637/1604
f 1837/3848/1809 1924/3847/1978 1423/3629/1906
f 1544/3860/1984 1548/3870/1820 1407/3871/1987
f 1553/3872/1819 1467/3873/1483 1535/3874/1988
f 1548/3870/1820 1553/3875/1819 1708/3876/1989
f 1544/3860/1984 1407/3871/1987 1556/3861/1985
f 1708/3876/1989 1407/3871/1987 1548/3870/1820
f 1955/3877/1990 1708/3878/1989 1553/3879/1819
f 1955/3880/1990 1553/3872/1819 1992/3881/1991
f 1553/3872/1819 1535/3874/1988 1992/3881/1991
f 1762/3882/1992 1763/3883/1673 1761/3884/1672
f 1501/3885/1993 1992/3881/1991 1737/3886/1994
f 1710/2935/1512 1452/2937/1514 1445/3160/1674
f 1737/3886/1994 1762/3882/1992 1501/3885/1993
f 1535/3874/1988 1737/3886/1994 1992/3881/1991
f 1539/3887/1432 1476/3888/1434 1554/3889/1790
f 1998/3890/1995 1485/3891/1579 1997/3892/1500
f 1937/3893/1871 1999/3894/1934 1936/3895/1502
f 1999/3894/1934 1998/3890/1995 1997/3892/1500
f 1936/3895/1502 1999/3894/1934 1997/3892/1500
f 1620/2922/1504 1833/3865/1986 1475/2923/1505
f 1556/3896/1985 1582/3897/1503 1475/3898/1505
f 1747/3181/1688 1652/3899/1535 1469/3746/1534
f 1568/3744/1949 1923/3900/1787 1886/2867/1453
f 1886/2867/1453 1747/3181/1688 1469/3746/1534
f 1469/3746/1534 1568/3744/1949 1886/2867/1453
f 1601/3901/1357 2037/3902/1996 1661/3903/1358
f 2037/3902/1996 2036/3904/1723 1661/3903/1358
f 1838/3316/1760 1589/2779/1368 1502/2778/1367
f 1838/3316/1760 1502/2778/1367 1617/3284/1747
f 1654/3905/1669 1810/3906/1668 1811/2981/1551
f 1456/3153/1356 1698/3907/1971 1404/3908/1997
f 1698/3907/1971 1778/3909/1973 1653/3910/1998
f 1778/3909/1973 1943/3911/1999 2020/3912/2000
f 1778/3909/1973 2020/3912/2000 1653/3910/1998
f 1811/2981/1551 1517/2980/1550 1654/3905/1669
f 1810/3906/1668 1471/3913/2001 1811/2981/1551
f 2020/3914/2000 1384/3915/1359 1574/3916/2002
f 1974/3917/2003 1574/3918/2002 1451/3919/2004
f 1995/3920/2005 2056/3921/2006 1974/3917/2003
f 1664/3922/2007 1884/3923/2008 1451/3924/2004
f 1661/2769/1358 1664/3925/2007 1574/3918/2002
f 1451/3919/2004 1995/3920/2005 1974/3917/2003
f 1664/3925/2007 1451/3919/2004 1574/3918/2002
f 1653/3910/1998 1404/3908/1997 1698/3907/1971
f 1943/3911/1999 1857/3001/1567 1665/2982/1552
f 1404/3908/1997 1810/3154/1668 1456/3153/1356
f 2020/3912/2000 1943/3911/1999 1601/3926/1357
f 1601/3926/1357 1943/3911/1999 1665/2982/1552
f 1942/3003/1569 1963/2983/1553 1665/2982/1552
f 1857/3001/1567 1942/3003/1569 1665/2982/1552
f 1601/3927/1357 1384/3915/1359 2020/3914/2000
f 1661/2769/1358 1574/3918/2002 1384/2770/1359
f 2020/3914/2000 1574/3916/2002 1653/3928/1998
f 1895/3929/2009 1478/3930/2010 1403/3931/1686
f 1633/3688/1525 1928/3932/1693 1934/3017/1580
f 1934/3017/1580 1485/3016/1579 1998/3933/1995
f 1998/3933/1995 1999/3686/1934 1934/3017/1580
f 1934/3017/1580 1999/3686/1934 1633/3688/1525
f 1518/3934/1798 1622/3935/1797 1364/3936/1886
f 1364/3936/1886 1365/3937/1884 1518/3934/1798
f 1795/2874/1459 1779/3726/1943 1783/2875/1460
f 1969/3427/1818 2017/2986/1555 1632/3425/1817
f 1632/3938/1817 1420/3025/1557 1966/3027/1588
f 1915/3939/1519 1416/3940/1518 1912/3941/1369
f 1914/2782/1371 1915/3942/1519 1912/2780/1369
f 1428/3317/1761 1474/3326/1765 1464/3943/2011
f 1474/3326/1765 1603/3944/2012 1464/3943/2011
f 1614/3321/1762 1619/3280/1743 1603/3944/2012
f 1619/3280/1743 1464/3943/2011 1603/3944/2012
f 1884/3945/2008 1663/3946/1549 1995/3947/2005
f 1995/3920/2005 1663/2979/1549 1811/2981/1551
f 2056/3948/2006 1811/3949/1551 1471/3950/2001
f 1811/2981/1551 2056/3921/2006 1995/3920/2005
f 1471/3913/2001 1974/3917/2003 2056/3921/2006
f 1665/3951/1552 2037/3902/1996 1601/3901/1357
f 1890/3297/1448 1559/3952/1450 1608/2887/1469
f 1559/3952/1450 1414/3057/1605 1991/2888/1470
f 2048/3265/1734 1527/3059/1607 1562/3062/1610
f 1414/3057/1605 2048/3265/1734 1333/2742/1333
f 1991/2888/1470 1414/3057/1605 1333/2742/1333
f 1855/2930/1393 1850/3756/1952 1567/2928/1509
f 1846/3206/1704 1406/3086/1625 1850/3756/1952
f 1406/3953/1625 1503/2752/1343 1850/3954/1952
f 1503/2752/1343 1848/3117/1648 1850/3954/1952
f 1348/3272/1737 1345/3271/1337 1330/3955/1334
f 1345/2746/1337 1356/2745/1336 1343/3363/1626
f 1356/2871/1336 1355/2873/1458 1334/3956/1627
f 1337/3269/1736 1605/3249/1724 1352/3257/1731
f 1352/3257/1731 1351/3291/1750 1337/3269/1736
f 1332/2872/1457 1337/3957/1736 1351/3958/1750
f 1355/2873/1458 1332/2872/1457 1351/3958/1750
f 1343/3363/1626 1335/3069/1615 1345/2746/1337
f 1334/3956/1627 1343/3959/1626 1356/2871/1336
f 1340/3960/1752 1581/3961/1468 1336/3962/1751
f 1581/3961/1468 1991/3963/1470 1336/3962/1751
f 1855/2930/1393 1846/3206/1704 1850/3756/1952
f 1846/3298/1704 1577/2806/1395 1474/3326/1765
f 1755/3964/1667 1447/3965/1573 1470/3966/1572
f 1755/3967/1667 1470/3307/1572 1603/3968/2012
f 1470/3307/1572 1602/3306/1755 1603/3968/2012
f 1614/3321/1762 1603/3944/2012 1602/3319/1755
f 1474/3326/1765 1502/2778/1367 1644/3969/1623
f 1754/3970/1621 1644/3969/1623 1502/2778/1367
f 1603/3968/2012 1474/3971/1765 1755/3967/1667
f 1755/3967/1667 1474/3971/1765 1577/3972/1395
f 1754/3080/1621 1502/3973/1367 2030/3767/1366
f 1474/3326/1765 1644/3969/1623 1846/3298/1704
f 1846/3206/1704 1644/3974/1623 1851/3083/1624
f 1644/3975/1623 1854/3763/1622 1996/3765/1341
f 1996/3765/1341 1851/3976/1624 1644/3975/1623
f 1333/2742/1333 1331/3250/1725 1342/3268/1735
f 1333/2742/1333 1342/3268/1735 1348/3274/1737
f 1333/3977/1333 1348/3272/1737 1330/3955/1334
f 1991/2888/1470 1608/2887/1469 1559/3952/1450
f 1876/3978/1666 1441/3979/2013 1387/3980/1348
f 1441/3979/2013 1645/3981/2014 1387/3980/1348
f 1449/3982/1675 1565/3983/1677 2041/3984/1587
f 1471/3985/2001 1810/3986/1668 1404/3987/1997
f 1574/3916/2002 1974/3988/2003 1653/3928/1998
f 1974/3988/2003 1471/3985/2001 1404/3987/1997
f 1653/3928/1998 1974/3988/2003 1404/3987/1997
f 1878/3989/1925 1405/3990/1930 1812/3991/1933
f 1812/3992/1933 1881/3820/1932 1560/3819/1924
f 1878/3993/1925 1812/3992/1933 1560/3819/1924
f 1430/3815/1969 1777/3802/1965 1954/3994/1974
f 1528/3814/1970 1877/3803/1966 1430/3815/1969
f 1532/3995/2015 1386/3816/1606 1430/3815/1969
f 1430/3815/1969 1954/3994/1974 1529/3996/1609
f 1954/3827/1974 1690/3824/1972 1530/3997/2016
f 1529/3998/1609 1954/3827/1974 1530/3997/2016
f 1529/3996/1609 1532/3995/2015 1430/3815/1969
f 1702/3825/1355 1530/3997/2016 1690/3824/1972
f 1480/3999/1427 1660/4000/2017 1694/4001/1376
f 1774/4002/1919 1405/4003/1930 1410/4004/1928
f 1878/3667/1925 1768/3735/1948 1410/3670/1928
f 1768/3735/1948 1766/3668/1926 1767/3669/1927
f 1410/3670/1928 1405/3672/1930 1878/3667/1925
f 1767/3669/1927 1410/3670/1928 1768/3735/1948
f 1766/4005/1926 1746/4006/1914 1776/4007/1917
f 1776/4007/1917 1767/4008/1927 1766/4005/1926
f 1858/3119/1650 1865/3120/1651 1391/4009/1566
f 1391/4009/1566 1505/3056/1496 1858/3119/1650
f 1505/3056/1496 1692/3122/1571 1858/3119/1650
f 1944/4010/1513 1515/4011/2018 1452/4012/1514
f 1764/4013/1671 1710/4014/1512 1445/4015/1674
f 1452/2937/1514 1515/4016/2018 1760/3156/1670
f 1382/3622/1545 1820/3621/1903 1486/3345/1777
f 2038/4017/1904 1382/4018/1545 1741/4019/1544
f 1667/3496/1846 1870/3493/1844 1673/3492/1843
f 1693/2826/1414 2003/2825/1413 1859/4020/1643
f 2002/3107/1641 1859/3109/1643 2003/3123/1413
f 1683/4021/1522 1917/4022/2019 1521/4023/1523
f 1918/4024/1520 1521/4023/1523 1917/4022/2019
f 1917/4025/2019 1416/2941/1518 1918/2943/1520
f 1436/3032/1589 1390/3031/1560 2027/4026/1437
f 1825/3420/1815 1436/4027/1589 2027/3421/1437
f 1892/3566/1890 1921/3565/1889 1928/3932/1693
f 1920/3018/1581 1630/4028/2020 1485/3016/1579
f 1937/3687/1871 1740/4029/1786 2001/3689/1526
f 1740/4029/1786 1484/4030/2021 1738/4031/2022
f 1738/4031/2022 1638/4032/2023 1740/4029/1786
f 1638/4032/2023 1891/4033/1524 2001/3689/1526
f 1891/4034/1524 1892/4035/1890 1633/4036/1525
f 1892/3566/1890 1928/3932/1693 1633/3688/1525
f 1740/4029/1786 1638/4032/2023 2001/3689/1526
f 1714/4037/1629 1506/3521/1346 1369/3523/1858
f 1714/4037/1629 1369/3523/1858 1711/3806/1968
f 1938/2832/1420 1713/2831/1419 1720/3095/1527
f 1714/3091/1629 1711/4038/1968 1719/3093/1528
f 1711/4038/1968 1938/2832/1420 1719/3093/1528
f 1762/3882/1992 1761/3884/1672 1501/3885/1993
f 1393/4039/1822 1658/4040/1828 1488/4041/1827
f 1488/4042/1827 1462/4043/1439 1578/3432/1441
f 1393/3431/1822 1488/4042/1827 1578/3432/1441
f 1797/3697/1418 1782/3696/1461 1586/4044/2024
f 1782/3696/1461 1796/4045/1935 1791/4046/2025
f 1586/4044/2024 1782/3696/1461 1791/4046/2025
f 1790/3337/1770 1797/3697/1418 1874/3338/1774
f 1586/4044/2024 1874/3338/1774 1797/3697/1418
f 1683/4047/1522 1791/4046/2025 1796/4045/1935
f 1979/4048/2026 1683/4047/1522 1796/4045/1935
f 1687/4049/2027 1743/4050/2028 1979/4048/2026
f 1422/2869/1455 1772/4051/1829 1522/2870/1456
f 1772/4051/1829 1517/4052/1550 1499/4053/2029
f 1796/4045/1935 1522/2870/1456 1687/4049/2027
f 1522/2870/1456 1772/4051/1829 1687/4049/2027
f 1772/4051/1829 1499/4053/2029 1687/4049/2027
f 1385/4054/1942 1799/3453/1836 1802/3452/1834
f 1783/4055/1460 1794/4056/1941 1385/4054/1942
f 1787/2868/1454 1783/4055/1460 1385/4054/1942
f 1385/4054/1942 1802/3452/1834 1793/3569/1891
f 1796/4045/1935 1687/4049/2027 1979/4048/2026
f 1796/4045/1935 1784/4057/1936 1522/2870/1456
f 1522/4058/1456 1784/3700/1936 1781/3723/1529
f 1385/4054/1942 1793/3569/1891 1787/2868/1454
f 1510/4059/1929 1774/4060/1919 1775/4061/1920
f 1775/4061/1920 1773/4062/1931 1510/4059/1929
f 1473/4063/1373 1845/4064/1979 1832/4065/1374
f 1945/4066/1647 1939/3218/1710 1401/3217/1403
f 1541/4067/2030 1442/4068/1691 1523/4069/2031
f 1388/3180/1687 1378/3772/1955 1652/3899/1535
f 1378/3772/1955 1514/3773/1956 1429/4070/1365
f 1429/4070/1365 1509/3747/1364 1378/3772/1955
f 1378/3772/1955 1509/3747/1364 1652/3899/1535
f 1984/4071/2032 1888/4072/2033 1929/4073/2034
f 1561/4074/1837 1800/4075/1939 1798/4076/1938
f 1808/4077/1937 1561/4078/1837 1798/4079/1938
f 1800/4080/1939 1801/4081/1772 1798/4082/1938
f 1583/4083/1575 1931/4084/2035 1959/4085/1684
f 1959/4086/1684 1437/4087/1838 1808/3703/1937
f 1437/3458/1838 1561/3457/1837 1808/4088/1937
f 1962/4089/1902 1821/4090/1901 1951/4091/1576
f 1821/4092/1901 1817/3012/1577 1951/3011/1576
f 1808/3703/1937 1962/3702/1902 1959/4086/1684
f 1962/4093/1902 1951/4094/1576 1959/4095/1684
f 2009/4096/1722 1872/2798/1387 2035/2800/1389
f 2035/2800/1389 2036/4097/1723 2009/4096/1722
f 2036/4097/1723 2037/4098/1996 1600/4099/1554
f 1600/4099/1554 2009/4096/1722 2036/4097/1723
f 1676/3809/1959 1682/4100/1848 1677/3810/1538
f 1682/4100/1848 1668/3499/1847 1681/3501/1536
f 1682/4100/1848 1681/3501/1536 1677/3810/1538
f 1978/3554/1885 1365/3553/1884 1364/3555/1886
f 1627/3039/1592 1417/4101/1428 1988/3040/1593
f 1575/2969/1542 1441/4102/2013 1756/2967/1350
f 1441/4102/2013 1876/4103/1666 1756/2967/1350
f 1538/4104/1612 1727/2900/1482 1433/2899/1481
f 1533/4105/1791 1459/4106/1598 1434/4107/1600
f 1538/4108/1612 1536/4109/1806 1533/4110/1791
f 1434/4111/1600 1538/4112/1612 1533/4113/1791
f 1538/4104/1612 1433/2899/1481 1537/3784/1433
f 1537/3784/1433 1536/4114/1806 1538/4104/1612
f 1375/4115/1685 1895/4116/2009 1403/4117/1686
f 1568/4118/1949 1642/3364/1784 1923/3368/1787
f 1886/2867/1453 1923/3900/1787 1659/2836/1424
f 1468/4119/1620 1828/4120/2036 1889/4121/1338
f 1440/4122/2037 1419/4123/1339 1889/4121/1338
f 1828/4120/2036 1440/4122/2037 1889/4121/1338
f 1547/3399/1803 2022/3398/1802 1555/2957/1533
f 1482/3176/1391 1483/4124/1390 1375/3177/1685
f 1660/4125/2017 1480/4126/1427 1666/4127/2038
f 1914/4128/1371 1916/4129/1375 1816/4130/1377
f 1913/2944/1521 1521/2946/1523 1918/4131/1520
f 1918/4131/1520 1915/4132/1519 1914/4133/1371
f 1918/4131/1520 1914/4133/1371 1816/4134/1377
f 1586/4135/2024 1791/4136/2025 1913/2944/1521
f 1913/2944/1521 1918/4131/1520 1816/4134/1377
f 1586/4135/2024 1913/2944/1521 1816/4134/1377
f 1874/4137/1774 1586/4138/2024 1645/4139/2014
f 1586/4135/2024 1816/4134/1377 1636/2760/1349
f 1816/4134/1377 1694/4140/1376 1487/3142/1664
f 1636/2760/1349 1816/4134/1377 1487/3142/1664
f 1875/4141/1769 1874/4137/1774 1441/4142/2013
f 1460/4143/1683 1524/3774/1370 1911/3776/1957
f 1455/4144/1611 1584/4145/1426 1460/4146/1683
f 1455/4147/1611 1460/4148/1683 1911/4149/1957
f 1666/4127/2038 1455/4147/1611 1911/4149/1957
f 1666/4127/2038 1911/4149/1957 1663/4150/1549
f 1911/3776/1957 1912/3775/1369 1663/4151/1549
f 1912/4152/1369 1416/4153/1518 1663/4154/1549
f 1683/4155/1522 1979/4156/2026 1917/4157/2019
f 1416/4158/1518 1917/4159/2019 1979/4160/2026
f 1979/4161/2026 1743/4162/2028 1416/4153/1518
f 1416/4153/1518 1743/4162/2028 1663/4154/1549
f 1743/4050/2028 1687/4049/2027 1499/4053/2029
f 1499/4053/2029 1663/4163/1549 1743/4050/2028
f 1663/4150/1549 1884/4164/2008 1662/4165/2039
f 1662/4166/2039 1884/4167/2008 1664/4168/2007
f 1663/4150/1549 1662/4165/2039 1666/4127/2038
f 1662/4165/2039 1664/4169/2007 1666/4127/2038
f 1664/4169/2007 1661/4170/1358 1660/4125/2017
f 1666/4127/2038 1664/4169/2007 1660/4125/2017
f 1873/3238/1721 1871/3240/1388 1705/4171/1720
f 1705/4171/1720 1487/4172/1664 1873/3238/1721
f 1487/3142/1664 1965/3141/1663 1636/2760/1349
f 1645/4139/2014 1441/4142/2013 1874/4137/1774
f 1636/4173/1349 1387/4174/1348 1645/4175/2014
f 1636/4173/1349 1645/4175/2014 1586/4176/2024
f 1873/3238/1721 1487/4172/1664 1694/4177/1376
f 1661/4170/1358 1873/4178/1721 1660/4125/2017
f 1660/4179/2017 1873/3238/1721 1694/4177/1376
f 1759/4180/2040 2031/4181/1775 1441/4142/2013
f 2031/4181/1775 1875/4141/1769 1441/4142/2013
f 1985/4182/1352 1988/4183/1593 2054/4184/1489
f 1419/4185/1339 1440/4186/2037 1497/4187/2041
f 1440/4188/2037 1828/4189/2036 1497/4190/2041
f 1419/4191/1339 1497/4192/2041 1599/4193/2042
f 1827/4194/1476 1419/4195/1339 2054/4196/1489
f 2054/4197/1489 1419/4191/1339 1599/4193/2042
f 1468/4198/1620 1759/4180/2040 1575/4199/1542
f 1759/4180/2040 1441/4142/2013 1575/4199/1542
f 1380/4200/1558 1828/4189/2036 1468/4201/1620
f 1985/4182/1352 2054/4184/1489 1929/4202/2034
f 2054/4184/1489 1599/4203/2042 1984/4204/2032
f 1929/4205/2034 1425/4206/1353 1985/4207/1352
f 1984/4204/2032 1929/4202/2034 2054/4184/1489
f 1828/4189/2036 1380/4200/1558 1497/4190/2041
f 1575/4208/1542 1380/4200/1558 1468/4201/1620
f 1989/4209/1511 1750/4210/2043 1444/4211/2044
f 1750/4212/2043 1402/4213/2045 1444/4214/2044
f 1599/4203/2042 1686/4215/2046 1402/4213/2045
f 1686/4215/2046 1444/4214/2044 1402/4213/2045
f 1900/4216/1665 1415/4217/2047 1380/4200/1558
f 1380/4200/1558 1415/4217/2047 1497/4190/2041
f 1599/4203/2042 1402/4213/2045 1984/4204/2032
f 1497/4190/2041 1415/4217/2047 1899/4218/2048
f 1497/4219/2041 1899/4220/2048 1599/4221/2042
f 1332/4222/1457 1356/2745/1336 1354/2744/1335
f 1913/2944/1521 1791/4136/2025 1683/2945/1522
f 1663/4163/1549 1499/4053/2029 1517/4052/1550
f 1691/4223/2049 2008/4224/1719 1963/4225/1553
f 2008/4224/1719 1600/4226/1554 1963/4225/1553
f 1665/4227/1552 1600/4099/1554 2037/4098/1996
f 1916/2786/1375 1460/4228/1683 1629/2985/1425
f 1420/2988/1557 1632/3425/1817 2017/2986/1555
f 1827/4229/1476 1844/4230/2050 1427/4231/2051
f 1844/4232/2050 1492/2992/1559 2026/2994/1561
f 1844/4232/2050 2026/2994/1561 1427/4233/2051
f 1479/4234/1477 1827/4229/1476 1427/4231/2051
f 1825/4235/1815 1479/4234/1477 1427/4231/2051
f 1427/4231/2051 1436/4236/1589 1825/4235/1815
f 1473/4063/1373 1639/4237/1438 1845/4064/1979
f 1639/4237/1438 1640/4238/1703 1845/4064/1979
f 1845/3850/1979 1640/3205/1703 1841/3204/1702
f 1640/3205/1703 1390/2993/1560 1492/2992/1559
f 1941/3533/1865 1571/3543/1874 1940/3542/1873
f 1940/4239/1873 1982/4240/1864 1941/4241/1865
f 1619/3280/1743 1839/3282/1745 1464/3943/2011
f 1944/4242/1513 1710/4243/1512 1515/4244/2018
f 1814/3139/1564 1631/3124/1415 1693/4245/1414
f 1693/4245/1414 1716/4246/1562 1814/3139/1564
f 1717/4247/1695 1723/3470/1840 1580/2813/1402
f 1717/4247/1695 1580/2813/1402 1695/2815/1381
f 1859/3216/1643 1700/3215/1709 1693/4248/1414
f 1700/3215/1709 1580/2813/1402 1723/3470/1840
f 1716/4249/1562 1693/4250/1414 1700/4251/1709
f 1483/4124/1390 1887/3185/1689 1563/2866/1452
f 1375/3177/1685 1483/4124/1390 1563/2866/1452
f 1886/4252/1453 1563/4253/1452 1887/4254/1689
f 1389/4255/2052 1563/2866/1452 2014/2924/1506
f 1389/4255/2052 2014/2924/1506 1435/2834/1422
f 1389/4255/2052 1435/2834/1422 1648/2891/1473
f 1891/4256/1524 1638/4257/2023 2057/4258/1707
f 2057/4258/1707 1638/4257/2023 2000/4259/2053
f 1738/4260/2022 1484/4261/2021 1511/4262/2054
f 1484/4261/2021 1757/3068/1614 1511/4262/2054
f 1757/3068/1614 2000/4259/2053 1511/4262/2054
f 1511/4262/2054 2000/4259/2053 1638/4257/2023
f 1638/4257/2023 1738/4260/2022 1511/4262/2054
f 1450/4263/1783 1892/4035/1890 1891/4034/1524
f 1450/4264/1783 1891/4256/1524 1394/4265/1977
f 1891/4256/1524 2057/4258/1707 1394/4265/1977
f 1375/3177/1685 1689/4266/2055 1895/4267/2009
f 1689/4266/2055 1375/3177/1685 1563/2866/1452
f 1689/4268/2055 1563/4269/1452 1389/4270/2052
f 1478/4271/2010 1895/4272/2009 1689/4273/2055
f 1478/4274/2010 1689/4266/2055 1541/4275/2030
f 1689/4268/2055 1389/4270/2052 1656/4276/1475
f 1541/4275/2030 1689/4266/2055 1656/2893/1475
f 1478/4274/2010 1541/4275/2030 1543/4277/2056
f 1656/2893/1475 1389/4255/2052 1648/2891/1473
f 1434/4278/1600 1542/4279/1599 1540/4280/1706
f 2058/4281/1705 1434/4282/1600 1540/4283/1706
f 1652/3899/1535 1747/3181/1688 1388/3180/1687
f 1989/2931/1511 1378/3772/1955 1750/4212/2043
f 1376/3745/1363 1514/3773/1956 1413/3748/1950
f 1388/3180/1687 1403/3178/1686 1860/4284/2057
f 1956/4285/1399 1446/2933/1401 2044/2932/1466
f 1388/3180/1687 1860/4284/2057 1425/4286/1353
f 1973/4287/1467 2044/4288/1466 2008/4289/1719
f 1490/4290/2058 1973/4291/1467 2008/4292/1719
f 1745/4293/1400 1490/4294/2058 1565/4295/1677
f 1964/4296/1585 1565/4295/1677 1490/4294/2058
f 2057/4258/1707 1540/4297/1706 1394/4265/1977
f 1450/4298/1783 1394/3837/1977 2034/3835/1976
f 1435/2834/1422 1450/3362/1783 2034/4299/1976
f 1435/2834/1422 2034/4299/1976 1459/4300/1598
f 1459/4300/1598 1533/3381/1791 1551/4301/2059
f 1533/3381/1791 1554/3380/1790 1551/4301/2059
f 1435/2834/1422 1459/4300/1598 1648/2891/1473
f 1554/4302/1790 1549/4303/1804 1550/4304/1805
f 1550/4304/1805 1551/4305/2059 1554/4302/1790
f 2041/4306/1587 2010/4307/1586 1514/4308/1956
f 1514/3773/1956 2010/4309/1586 1413/3748/1950
f 1514/4308/1956 2042/4310/1676 2041/4306/1587
f 2042/4310/1676 1449/4311/1675 2041/4306/1587
f 1429/2776/1365 1514/4312/1956 1376/2774/1363
f 1413/3748/1950 2010/4309/1586 1630/4313/2020
f 1922/4314/1785 1642/3743/1784 1413/3748/1950
f 1921/3565/1889 1922/3568/1785 1920/3018/1581
f 1920/3190/1581 1928/3189/1693 1921/4315/1889
f 1630/4313/2020 1920/4316/1581 1922/4314/1785
f 1922/4314/1785 1413/3748/1950 1630/4313/2020
f 1485/4317/1579 1630/4318/2020 1748/4319/1869
f 1630/4313/2020 2010/4309/1586 1748/4320/1869
f 1513/4321/2060 1424/4322/1961 1971/4323/1868
f 1963/4324/1553 1513/4325/2060 1691/4326/2049
f 1513/4321/2060 1971/4323/1868 1748/4327/1869
f 1513/4328/2060 1748/4320/1869 2010/4309/1586
f 2008/4224/1719 1691/4223/2049 1964/3022/1585
f 1691/4326/2049 1513/4325/2060 2010/4329/1586
f 1686/4330/2046 1599/4331/2042 1899/4218/2048
f 1989/2931/1511 1444/4214/2044 1686/4215/2046
f 1989/2931/1511 1686/4215/2046 2008/4332/1719
f 1686/4330/2046 1899/4218/2048 2008/4333/1719
f 1691/4223/2049 2010/3023/1586 1964/3022/1585
f 1989/2931/1511 2008/4332/1719 2044/2932/1466
f 2008/4334/1719 1964/4335/1585 1490/4336/2058
f 1984/4204/2032 1402/4213/2045 1750/4212/2043
f 1888/4337/2033 1984/4204/2032 1750/4212/2043
f 1888/4337/2033 1750/4212/2043 1388/3180/1687
f 1378/3772/1955 1388/3180/1687 1750/4212/2043
f 1446/2933/1401 1378/3772/1955 1989/2931/1511
f 1459/4300/1598 1551/4301/2059 1555/2957/1533
f 1550/3401/1805 1547/3399/1803 1555/2957/1533
f 2022/3398/1802 1655/2892/1474 1555/2957/1533
f 1450/3362/1783 1659/2836/1424 1923/3900/1787
f 1459/4300/1598 1555/2957/1533 1648/2891/1473
f 1551/4301/2059 1550/3401/1805 1555/2957/1533
f 1929/4073/2034 1888/4072/2033 1388/4338/1687
f 1929/4202/2034 1388/3180/1687 1425/4286/1353
f 1688/4339/1351 1860/4340/2057 1626/4341/1594
f 1860/4340/2057 1403/4342/1686 1626/4341/1594
f 1626/4343/1594 1988/4344/1593 1688/4345/1351
f 1417/2840/1428 1627/4346/1592 1593/2809/1398
f 1593/2809/1398 1627/4346/1592 1478/4274/2010
f 1627/4347/1592 1626/4341/1594 1403/4342/1686
f 1627/4347/1592 1403/4342/1686 1478/4348/2010
f 1593/2809/1398 1478/4274/2010 1491/4349/1701
f 1655/4350/1474 2022/4351/1802 1541/4352/2030
f 1541/4275/2030 2022/3398/1802 1496/3560/1692
f 1656/4353/1475 1655/4350/1474 1541/4352/2030
f 1478/4274/2010 1543/4277/2056 1491/4349/1701
f 1593/2809/1398 1491/4349/1701 1431/3200/1700
f 1593/2809/1398 1431/3200/1700 1843/4354/1983
f 1431/3200/1700 1545/3199/1699 1843/4354/1983
f 1545/3199/1699 1457/3198/1698 1442/4355/1691
f 1442/4355/1691 1925/4356/1690 1545/3199/1699
f 1925/4356/1690 1496/3560/1692 1546/3831/1493
f 1523/4357/2031 1442/4355/1691 1457/3198/1698
f 1925/4356/1690 1546/3831/1493 1544/4358/1984
f 1546/3831/1493 1472/4359/1492 1548/3429/1820
f 1472/4359/1492 1381/3397/1491 1476/2846/1434
f 1476/2846/1434 1537/2845/1433 2039/3430/1821
f 1537/2845/1433 1553/3428/1819 2039/3430/1821
f 1545/3199/1699 1925/4356/1690 1544/4358/1984
f 1546/3831/1493 1548/3429/1820 1544/4358/1984
f 2039/3430/1821 1548/3429/1820 1472/4359/1492
f 2039/3430/1821 1472/4359/1492 1476/2846/1434
f 1544/4358/1984 1843/4354/1983 1545/3199/1699
f 1843/3856/1983 1840/3854/1982 1842/3851/1980
f 1593/4360/1398 1843/4361/1983 1842/4362/1980
f 1590/4363/1396 1593/4360/1398 1842/4362/1980
f 1500/4364/1981 1492/4365/1559 1590/4366/1396
f 1492/4365/1559 1844/4367/2050 1590/4366/1396
f 1590/4368/1396 1842/4369/1980 1500/4370/1981
f 1987/4371/1488 1590/4366/1396 1844/4367/2050
f 1988/4372/1593 1986/2908/1490 2054/2907/1489
f 1987/4371/1488 1844/4367/2050 1827/4373/1476
f 1987/4374/1488 1827/4375/1476 2054/4376/1489
f 1654/3152/1669 1769/3049/1602 1498/3048/1601
f 1409/3801/1964 1432/3793/1960 1576/3805/1967
f 1777/4377/1965 1409/4378/1964 1778/3909/1973
f 1409/4378/1964 1576/4379/1967 1778/3909/1973
f 1576/4379/1967 1857/3001/1567 1943/3911/1999
f 1943/3911/1999 1778/3909/1973 1576/4379/1967
f 1598/3002/1568 1424/4380/1961 1942/3003/1569
f 1513/4381/2060 1963/2983/1553 1942/3003/1569
f 1424/4382/1961 1513/4383/2060 1942/4384/1569
f 1541/4385/2030 1523/4386/2031 1543/4387/2056
f 1861/3004/1570 1863/3128/1655 1692/3005/1571
f 1824/4388/1516 1994/4389/1515 1826/4390/1907
f 1994/4389/1515 1825/4391/1815 1826/4390/1907
f 1825/4391/1815 1822/4392/1436 1826/4390/1907
f 1639/4393/1438 1826/4390/1907 1822/4392/1436
f 1507/4394/1442 1894/4395/1714 1493/4396/1443
f 1443/4397/1532 1894/4398/1714 1453/4399/1716
f 1894/4400/1714 1443/3592/1532 1493/3591/1443
f 1742/4401/1530 1443/4397/1532 1453/4399/1716
f 1646/4402/1975 2055/4403/1897 2025/4404/1910
f 2025/4404/1910 2055/4403/1897 1823/4405/1597
f 1952/3642/1911 2024/3643/1411 1395/4406/1766
f 2025/3641/1910 1952/3642/1911 2018/3423/1816
f 1953/4407/1485 2025/4408/1910 2019/4409/1715
f 1952/4410/1911 1395/4411/1766 2018/4412/1816
f 1395/4411/1766 1930/4413/1410 1383/4414/1718
f 2025/3641/1910 2018/3423/1816 2019/3422/1715
f 2018/4412/1816 1395/4411/1766 1383/4414/1718
f 1950/4415/1899 1949/3447/1578 1931/4416/2035
f 1931/4416/2035 1949/3447/1578 1437/4417/1838
f 1583/4418/1575 1817/3613/1577 1950/4415/1899
f 1788/3448/1833 1949/3447/1578 1789/4419/1484
f 1949/3447/1578 1572/3446/1832 1437/4417/1838
f 1931/4416/2035 1583/4418/1575 1950/4415/1899
f 1383/4414/1718 1628/4420/1712 2018/4412/1816
f 1817/3613/1577 1948/3612/1898 1950/4415/1899
f 2041/3024/1587 1565/4421/1677 1964/3022/1585
f 1806/2926/1405 1570/4422/1591 1400/2927/1508
f 1967/3026/1556 1379/3406/1807 1831/3647/1912
f 1967/3026/1556 1831/3647/1912 1966/3027/1588
f 1968/4423/1892 1969/3427/1818 1966/3426/1588
f 1422/2869/1455 1793/3569/1891 1792/4424/1896
f 1602/3319/1755 1340/3293/1752 1338/3322/1763
f 1340/3293/1752 1347/3299/1753 1338/3322/1763
f 1512/4425/1539 1830/4426/1768 1566/4427/1540
f 1566/4428/1540 1830/4429/1768 1957/4430/1472
f 1958/2828/1416 1566/4431/1540 1960/2889/1471
f 1732/4432/1582 1733/4433/2061 1730/4434/1583
f 1436/4236/1589 1427/4231/2051 2026/4435/1561
f 1460/4436/1683 1584/4437/1426 1629/4438/1425
f 1339/4439/1616 1357/4440/1730 1346/4441/1617
f 1358/3072/1618 1330/2743/1334 1339/3070/1616
f 1339/4439/1616 1346/4441/1617 1358/4442/1618
f 1736/3549/1880 1731/2790/1379 1896/3539/1870
f 1896/3539/1870 2049/3557/1888 1736/3549/1880
f 2049/3557/1888 2050/4443/2062 1736/3549/1880
f 2050/4443/2062 2049/3557/1888 1371/3556/1887
f 1907/3547/1878 1736/3549/1880 2050/4443/2062
f 1907/3547/1878 2050/4443/2062 1927/2819/1407
f 1588/3544/1875 1371/3556/1887 2049/3557/1888
f 2050/4443/2062 1371/3556/1887 1927/2819/1407
f 1927/2819/1407 1909/2821/1409 1907/3547/1878
f 1907/3547/1878 1909/2821/1409 1908/3548/1879
f 1909/2821/1409 1623/3559/1793 1910/4444/1800
f 1623/3385/1793 1981/3388/1796 1910/3394/1800
f 1908/3548/1879 1909/2821/1409 1910/4444/1800
f 1484/4261/2021 1740/3367/1786 1739/3545/1876
f 1739/3545/1876 1908/3548/1879 1729/4445/1584
f 1908/3548/1879 1910/4444/1800 1710/4014/1512
f 1729/4445/1584 1908/3548/1879 1710/4014/1512
f 1730/4434/1583 1484/4261/2021 1739/3545/1876
f 1729/4445/1584 1730/4434/1583 1739/3545/1876
f 1710/4014/1512 1764/4013/1671 1733/4433/2061
f 1763/3883/1673 1762/3882/1992 1737/3886/1994
f 1764/4013/1671 1763/4446/1673 1733/4433/2061
f 1732/4447/1582 1729/4448/1584 1710/4449/1512
f 1737/4450/1994 1733/4433/2061 1763/4446/1673
f 1733/4433/2061 1732/4432/1582 1710/4014/1512
f 1770/3050/1603 1596/4451/1947 1498/3048/1601
f 2057/4258/1707 2000/4259/2053 2058/4452/1705
f 1757/3068/1614 1534/3067/1613 2000/4259/2053
f 1534/3067/1613 2058/4452/1705 2000/4259/2053
f 2008/4333/1719 1899/4218/2048 1705/4453/1720
f 1705/4453/1720 1899/4218/2048 1415/4217/2047
f 1415/4217/2047 1900/4216/1665 1705/4453/1720
f 1900/4454/1665 1487/4455/1664 1705/4456/1720
f 2048/3265/1734 1414/3057/1605 1527/3059/1607
f 1460/4228/1683 1916/2786/1375 1914/4457/1371
f 1758/4458/1951 1479/4234/1477 1825/4235/1815
f 1825/4459/1815 1994/4460/1515 1758/4461/1951
f 1744/4462/1517 1758/4461/1951 1994/4460/1515
f 1744/3627/1517 1579/3625/1905 1741/3624/1544
f 1741/3624/1544 1399/4463/1543 1744/3627/1517
f 1486/4464/1777 2032/3343/1776 1759/4465/2040
f 1759/4180/2040 1468/4198/1620 1486/4466/1777
f 1468/4198/1620 1382/4467/1545 1486/4466/1777
f 2032/3343/1776 2031/3342/1775 1759/4465/2040
f 1931/4468/2035 1437/4087/1838 1959/4086/1684
f 1769/4469/1602 1654/3905/1669 1517/2980/1550
f 1702/2766/1355 1562/3062/1610 1530/4470/2016
f 1562/3062/1610 1527/3059/1607 1531/3060/1608
f 1530/3997/2016 1562/4471/1610 1529/3998/1609
f 1531/3060/1608 1527/3059/1607 1386/3058/1606
f 1531/4472/1608 1386/4473/1606 1532/4474/2015
f 1532/4474/2015 1529/4475/1609 1531/4472/1608
f 1366/3169/1680 1367/3168/1679 1368/3515/1854
f 1564/4476/1883 2059/4477/1678 1885/4478/2063
f 1666/4479/2038 1480/4480/1427 1455/4481/1611
f 1396/4482/1866 1977/4483/1962 1972/4484/1963
f 1541/4067/2030 1496/4485/1692 1442/4068/1691
f 1865/4486/1651 1587/4487/1565 1391/4488/1566
f 1985/2763/1352 1688/2762/1351 1988/4489/1593
f 1860/4490/2057 1688/4491/1351 1425/4492/1353
f 2017/3561/1555 1930/2849/1410 2023/2848/1435
f 1870/3493/1844 1667/3496/1846 1852/3415/1812
f 1973/4493/1467 1490/4294/2058 1745/4293/1400
f 1884/3923/2008 1995/4494/2005 1451/3924/2004
f 1467/4495/1483 1727/4496/1482 1535/4497/1988
f 1737/4450/1994 1535/4497/1988 1727/4496/1482
f 1730/4434/1583 1733/4433/2061 1484/4261/2021
f 1733/4433/2061 1737/4450/1994 1484/4261/2021
f 1737/4450/1994 1727/4496/1482 1484/4261/2021
f 1538/4498/1612 1434/4499/1600 1534/4500/1613
f 1534/3067/1613 1434/4501/1600 2058/4452/1705
f 1727/2900/1482 1538/4104/1612 1757/4502/1614
f 1757/3068/1614 1484/4261/2021 1727/4496/1482
f 1949/3833/1578 1646/3832/1975 1953/4503/1485
f 1646/4504/1975 2025/4505/1910 1953/4506/1485
f 1543/4387/2056 1523/4386/2031 1457/3203/1698
f 1457/3203/1698 1491/3202/1701 1543/4387/2056
f 1639/3639/1438 1836/3638/1909 1826/4507/1907
f 1330/2743/1334 1345/2746/1337 1335/3069/1615
f 1508/4508/1801 1515/4244/2018 1710/4243/1512
f 1428/3317/1761 1464/3943/2011 1839/3282/1745
f 1504/4509/1922 1765/4510/1831 1771/4511/1830
o rock16hi
v -9.261417 0.198813 -4.284189
v -9.444679 0.248025 -4.608235
v -9.404682 0.052730 -4.562362
v -9.684607 0.208424 -5.183449
v -9.294379 0.393714 -4.354978
v -9.646091 0.104326 -4.683299
v -9.395661 -0.096069 -4.520324
v -9.760817 0.313313 -4.795743
v -9.737348 0.193777 -5.376902
v -9.786183 -0.098161 -4.919186
v -9.745817 -0.086540 -5.280076
v -9.803062 -0.104034 -5.126194
v -9.078763 -0.096046 -4.250377
v -9.406758 0.437242 -4.527576
v -6.251953 -0.065283 -7.068593
v -6.491797 -0.070431 -7.020689
v -6.735092 0.126482 -6.931063
v -6.823200 0.017729 -6.998884
v -6.884539 -0.076715 -6.978441
v -6.582015 0.220116 -6.872005
v -6.767240 -0.075439 -7.028240
v -7.206313 -0.083883 -6.763387
v -6.979338 1.050807 -7.047389
v -9.481730 0.745297 -6.194073
v -7.036194 3.742741 -5.739627
v -9.051000 1.648432 -5.169693
v -7.348742 -0.054234 -6.618880
v -8.372386 2.635153 -6.433599
v -6.361457 -0.118718 -3.650198
v -5.944104 1.228530 -5.635344
v -6.371386 1.054717 -6.979705
v -8.739162 1.296114 -6.584243
v -5.747466 0.426851 -6.368011
v -6.221471 1.456351 -6.453982
v -8.695653 2.441614 -6.413554
v -7.609901 3.253116 -6.039827
v -8.585673 1.059614 -4.752511
v -8.442380 0.656231 -4.543493
v -6.851607 0.612699 -4.149008
v -7.105396 2.528448 -6.107894
v -8.988094 2.297835 -6.200763
v -5.900900 0.876315 -5.975785
v -9.781606 0.407834 -5.991551
v -6.714193 1.552856 -6.797163
v -5.567362 0.899174 -5.922600
v -5.902798 1.381029 -5.887847
v -8.725624 2.189992 -6.411772
v -6.386400 1.871553 -5.052797
v -8.082588 3.295859 -6.280275
v -6.038601 0.999847 -5.158694
v -7.919056 2.525297 -6.179502
v -5.407616 0.682682 -5.518750
v -6.351681 0.887908 -6.781932
v -7.110817 2.155333 -6.173847
v -9.035412 0.639347 -6.505198
v -8.642353 3.134521 -5.974018
v -8.876303 1.126182 -6.487250
v -8.262663 3.280178 -6.281324
v -8.585886 3.360377 -4.647938
v -6.416190 0.795764 -7.107078
v -6.376513 3.226271 -5.568888
v -8.428638 2.882438 -6.178030
v -6.441082 2.936459 -5.362104
v -8.176588 2.414910 -6.262793
v -8.547916 3.387912 -4.843922
v -8.941343 0.166770 -6.482518
v -5.002288 -0.099975 -4.313722
v -8.917076 2.523111 -5.175793
v -8.591183 3.230992 -4.891041
v -8.167353 3.471450 -6.142612
v -9.026884 2.073531 -5.778798
v -8.312518 3.661758 -5.672771
v -5.646896 -0.115143 -6.515213
v -5.884300 1.029766 -5.287478
v -9.204226 1.457854 -5.398505
v -8.876456 2.742347 -5.459998
v -6.250242 2.156920 -5.763483
v -8.378382 3.004837 -4.409498
v -8.695776 2.720351 -4.746691
v -7.065568 2.311578 -4.349205
v -7.246078 3.590853 -5.856246
v -9.335060 0.693195 -4.974431
v -5.451831 0.979192 -5.746472
v -8.810616 2.715348 -5.083384
v -5.429615 0.486718 -4.295528
v -6.580917 3.207638 -5.175785
v -7.858611 1.571280 -6.538539
v -5.570560 -0.084787 -6.351164
v -7.046457 1.252851 -4.037850
v -5.487365 -0.113871 -6.253150
v -7.813654 3.401330 -6.059019
v -8.605449 2.753739 -6.217431
v -7.640004 1.083749 -4.129159
v -8.617463 3.598863 -5.010988
v -6.569624 1.502406 -4.539882
v -5.672241 0.873950 -6.060527
v -8.586847 3.264558 -5.898953
v -5.592303 0.670031 -5.924163
v -6.972363 3.240141 -5.691334
v -6.980809 3.007027 -4.696746
v -6.006445 0.386254 -6.700894
v -8.137523 3.876433 -6.162503
v -6.115155 0.324461 -4.303267
v -8.676903 3.422506 -5.456317
v -9.754255 0.863200 -5.403969
v -8.688681 3.279816 -5.069619
v -7.565614 3.613520 -4.929105
v -6.434000 1.259824 -6.643912
v -8.657933 3.172555 -5.517258
v -8.733221 1.012014 -6.598325
v -7.804559 3.766548 -5.954013
v -6.779254 2.222349 -4.615241
v -6.103842 0.747779 -6.429792
v -5.965484 0.809203 -4.819446
v -6.455336 2.525010 -5.650962
v -7.566696 2.586227 -6.120532
v -6.395272 1.825731 -6.010818
v -7.477369 1.162831 -6.754777
v -8.142650 2.729542 -4.282610
v -7.414247 3.615146 -5.052978
v -6.243126 1.973856 -5.852726
v -7.066631 0.282740 -4.156769
v -6.396731 2.355706 -5.606467
v -8.487060 3.577412 -4.853866
v -9.401192 0.682602 -4.813262
v -8.772468 2.575549 -6.283720
v -8.781330 2.840913 -5.095994
v -8.802400 1.036594 -4.770101
v -9.196619 1.857120 -5.878059
v -7.020441 0.438613 -6.950407
v -9.860514 -0.106726 -6.086515
v -7.350649 1.965380 -6.393976
v -5.661057 0.856085 -4.945414
v -6.339933 2.165673 -5.572237
v -6.874874 3.504368 -5.420925
v -4.974188 -0.100338 -4.543419
v -7.657694 1.630872 -6.512859
v -6.204211 1.650396 -6.258918
v -8.133748 3.616305 -4.830778
v -9.593027 1.055630 -5.498401
v -5.574212 0.235313 -6.008640
v -5.698865 1.110300 -5.851565
v -8.651124 1.324523 -4.695477
v -8.430615 3.683316 -5.520251
v -7.579408 3.489904 -6.022786
v -9.055581 1.233721 -6.362078
v -5.408928 0.752531 -4.836812
v -7.914370 -0.070966 -6.575143
v -8.006110 -0.010263 -6.558609
v -7.698057 -0.082450 -6.569284
v -5.242341 0.327353 -4.783761
v -6.125870 1.378447 -6.103860
v -8.682454 2.935056 -5.343204
v -5.694822 0.611012 -6.050096
v -9.868826 -0.095153 -5.463514
v -8.442428 3.390802 -4.768628
v -7.946481 3.598876 -4.798317
v -9.447079 1.030361 -5.151103
v -8.069377 1.297907 -4.267048
v -9.592985 0.701709 -5.120806
v -6.020387 0.654598 -6.436634
v -9.061210 1.947986 -6.208447
v -8.170322 2.443972 -4.210001
v -8.941687 0.406422 -4.534105
v -8.728802 0.840500 -6.673775
v -6.477122 1.403940 -6.943336
v -7.401648 0.143731 -4.095825
v -8.963937 1.741453 -6.271461
v -6.899485 3.695261 -5.467453
v -6.904548 1.701171 -4.215114
v -8.448249 3.104221 -4.571515
v -8.436732 0.647945 -6.651294
v -6.505206 0.098045 -4.041172
v -6.773315 3.064207 -5.066033
v -8.440363 0.791355 -4.462958
v -8.927936 0.429993 -6.530221
v -6.318078 2.202104 -5.457666
v -7.468174 2.289958 -6.139648
v -9.146396 1.765100 -6.159791
v -6.503505 3.350322 -5.448004
v -8.858547 0.938843 -4.810622
v -8.491107 2.829948 -4.466483
v -5.480339 0.065966 -4.092772
v -6.250498 0.158065 -6.908241
v -6.049787 0.312275 -6.770311
v -5.943544 0.085851 -6.890038
v -6.267992 0.587325 -6.857380
v -6.397211 0.570965 -7.121964
v -6.105286 0.448916 -6.819853
v -5.706660 0.271990 -6.514170
v -6.281657 0.715537 -6.979877
v -9.728428 0.462148 -5.677389
v -9.719660 0.479984 -5.071607
v -9.657614 0.511102 -5.382326
v -9.866027 0.070055 -5.434587
v -9.982292 0.195882 -5.722185
v -10.021200 -0.101479 -5.819659
v -5.724296 -0.079214 -3.543341
v -5.922407 -0.107884 -7.006324
v -6.592829 -0.067127 -6.957626
v -8.024823 1.118039 -4.150725
v -7.848773 0.109296 -4.233893
v -7.578370 -0.102506 -4.230937
v -8.035001 0.131022 -4.180648
v -8.079297 0.599112 -4.357676
v -8.054388 1.167404 -6.619176
v -8.221500 1.189843 -6.634280
v -7.495903 1.590105 -6.632968
v -8.633244 -0.102864 -4.093188
v -8.921402 0.396106 -4.407716
v -9.924514 -0.098045 -5.971815
v -9.857664 0.113326 -6.031721
v -9.608762 0.184710 -6.292557
v -8.692497 -0.117412 -6.633322
v -9.177009 0.389535 -6.472961
v -9.494460 -0.114395 -6.480570
v -9.325870 0.196789 -6.353106
v -9.326467 0.451839 -6.393925
v -7.348204 2.035018 -4.170655
v -7.718927 1.917360 -4.195727
v -8.598929 2.011802 -4.585774
v -8.156251 1.725537 -4.357585
v -8.067186 1.553742 -4.253920
v -9.400903 0.877621 -6.142135
v -8.989331 0.803873 -6.530889
v -9.189109 0.761738 -6.328996
v -9.614569 0.675302 -6.122419
v -8.790251 3.650992 -5.066077
v -8.773821 3.448903 -5.167776
v -8.844825 2.459814 -4.801700
v -8.639674 1.431854 -4.514522
v -8.389802 0.942836 -4.487889
v -6.601266 -0.113558 -3.718743
v -5.720882 -0.093323 -6.684713
v -7.347860 3.031460 -6.036670
v -6.245908 1.321010 -4.888242
v -8.984480 1.242087 -4.847229
v -5.507166 0.537929 -4.506067
v -5.320621 -0.093309 -3.840657
v -5.547669 0.169945 -3.794675
v -6.659309 1.205534 -7.080997
v -7.356050 0.472837 -6.699100
v -9.746221 0.500036 -5.988785
v -6.481088 0.322271 -4.230433
v -6.734842 0.583101 -4.097982
v -9.184081 1.544498 -5.997210
v -6.970484 -0.069513 -6.865623
v -9.133834 1.066467 -5.159357
v -7.698517 2.249927 -4.197690
v -6.031467 0.422805 -4.092151
v -8.325744 0.405939 -4.356722
v -6.440337 3.124222 -5.559762
v -8.298823 1.546836 -6.568086
v -6.531505 2.193747 -5.669988
v -9.683203 0.929287 -5.650509
v -6.364667 2.496601 -5.236475
v -7.588895 1.620782 -3.985263
v -8.501999 -0.117177 -6.712985
v -8.603116 0.125231 -3.998774
v -7.040932 1.525758 -6.805965
v -8.694634 0.509902 -6.551288
v -6.802023 0.671008 -7.004810
v -7.179749 0.810345 -4.007068
v -9.256535 -0.112487 -6.528139
v -9.083625 0.099862 -6.382264
v -9.171520 0.002420 -6.506945
v -8.916107 0.046921 -6.569301
v -8.269217 0.209531 -6.556323
v -9.012399 1.842815 -5.395460
v -8.790515 2.424484 -5.416265
v -8.819438 2.621539 -5.365974
v -6.548111 2.118229 -5.748688
v -6.222386 1.168154 -6.460440
v -6.280041 1.587082 -6.333060
v -6.194587 0.869105 -6.338744
v -6.008044 0.960749 -6.273777
v -9.293783 0.874994 -4.985800
v -8.312678 1.014380 -6.636380
v -5.673836 0.374610 -4.201149
v -5.266896 0.078095 -4.200302
v -7.934117 0.899627 -6.621063
v -7.226378 1.349467 -6.772028
v -5.593283 0.095782 -6.227621
v -7.699489 0.270806 -6.628953
v -5.323299 0.611371 -5.563036
v -6.230292 -0.106837 -3.415756
v -6.358924 -0.116142 -3.496434
v -9.724866 0.701750 -5.662099
v -9.706588 0.720401 -5.851231
v -8.785231 1.610400 -4.736611
v -8.267210 1.233590 -4.542982
v -6.485154 0.507817 -4.166189
v -8.465028 0.782051 -4.724105
v -5.355603 0.293410 -5.547256
v -8.160858 1.954112 -4.405443
v -9.815142 0.298986 -5.882020
v -8.965107 1.514677 -4.768785
v -8.863674 1.302777 -4.684183
v -6.138158 0.491525 -4.678343
v -9.381267 1.228808 -5.683318
v -6.317289 0.622392 -4.441670
v -5.700681 0.473065 -6.143573
v -6.682960 1.424000 -7.051893
v -8.615280 3.723862 -5.446826
v -7.215440 1.021752 -7.022288
v -8.758071 1.481379 -6.493357
v -9.125907 0.506535 -4.655572
v -9.369409 0.452032 -4.678781
v -6.519746 2.752576 -5.652211
v -6.897185 1.921925 -6.490606
v -7.242195 3.738976 -5.767648
v -6.259070 0.997107 -6.610128
v -7.509578 1.371645 -4.050815
v -8.619906 0.236771 -6.639449
v -6.162756 1.735241 -5.553084
v -6.202571 1.676188 -5.647269
v -9.023159 1.967447 -5.110815
v -7.041406 0.777626 -3.978804
v -6.799427 0.188190 -4.027387
v -7.154234 3.042955 -6.098992
v -5.417770 0.475116 -5.910561
v -8.029004 1.399041 -6.477800
v -7.692879 3.002866 -5.883335
v -6.527690 1.709943 -6.413818
v -8.697809 2.929389 -5.117629
v -7.714017 0.890779 -4.282891
v -6.153548 0.643685 -6.670617
v -6.956166 0.517806 -6.881932
v -9.589917 0.500037 -6.142559
v -6.062689 -0.093502 -3.380863
v -8.722754 2.905964 -5.843638
v -7.029930 2.412567 -5.788339
v -7.152418 3.607047 -5.146704
v -5.687421 0.887905 -5.307670
v -7.630360 3.766362 -5.921264
v -7.229229 1.618006 -4.034753
v -6.688461 3.499160 -5.508343
v -7.906184 2.705208 -5.989313
v -8.369081 2.555792 -4.481636
v -6.413697 0.953296 -4.397619
v -6.293936 1.181312 -4.780962
v -7.686001 1.322980 -3.975694
v -5.916073 1.166399 -5.726033
v -6.244356 0.433400 -6.994349
v -5.448955 0.645624 -5.159741
v -8.044211 0.926096 -4.291872
v -7.824396 1.265115 -4.208497
v -6.096029 0.757026 -4.784710
v -9.157492 1.021027 -4.956619
v -8.274101 3.792953 -5.870125
v -8.751177 1.712474 -6.387661
v -7.216851 1.088220 -3.950008
v -8.519718 3.273518 -6.079315
v -6.471995 1.211627 -7.057817
v -6.262209 0.853934 -4.703842
v -6.012219 1.489746 -5.571842
v -8.964553 1.940501 -4.957693
v -8.894994 0.834095 -6.559987
v -8.010346 3.847904 -6.018138
v -7.543833 3.780943 -5.952202
v -8.748548 3.741424 -5.367672
v -5.032943 -0.098417 -4.660293
v -5.139286 -0.097239 -4.970572
v -5.169849 -0.102788 -5.203174
v -5.242653 -0.107298 -5.914278
v -6.041599 -0.105898 -6.994543
v -8.397732 -0.111829 -6.630772
v -6.417637 -0.117327 -3.880314
v -6.574714 -0.079030 -3.852955
v -7.098811 -0.114724 -3.785104
v -8.213854 -0.106905 -4.120060
v -8.800947 -0.118747 -4.023784
v -9.669751 -0.097993 -4.716990
v -8.818654 -0.118695 -6.609111
vn -0.7991 0.0089 0.6011
vn -0.7187 0.0834 0.6903
vn -0.5447 0.4048 0.7345
vn 0.2761 0.1372 -0.9513
vn 0.3223 0.0632 -0.9445
vn 0.2233 0.2731 -0.9357
vn 0.0275 0.3616 -0.9319
vn -0.6670 0.1035 -0.7379
vn 0.1019 -0.5125 -0.8526
vn 0.5772 0.3149 -0.7534
vn 0.7363 0.5136 -0.4405
vn 0.9242 0.2755 -0.2645
vn -0.2375 0.6941 -0.6796
vn 0.2270 0.9547 0.1924
vn 0.2789 0.7805 -0.5595
vn 0.7625 0.2280 -0.6055
vn 0.7820 0.2048 -0.5886
vn 0.4765 0.3548 -0.8044
vn -0.1588 0.6891 0.7071
vn -0.5069 0.6991 0.5044
vn -0.4754 0.6169 0.6272
vn -0.9509 0.2850 0.1202
vn -0.5708 0.3705 0.7328
vn -0.4476 0.5999 0.6631
vn -0.2596 -0.3605 0.8959
vn -0.2928 -0.1948 0.9361
vn -0.2648 -0.1059 0.9585
vn 0.3914 0.1714 -0.9041
vn 0.9220 0.2046 -0.3288
vn 0.2619 -0.1864 -0.9469
vn -0.8590 0.0862 0.5046
vn -0.5016 0.0775 0.8616
vn -0.3003 -0.1834 0.9360
vn -0.5606 -0.3044 0.7701
vn -0.3607 -0.1261 0.9241
vn -0.4631 0.1927 -0.8651
vn -0.6257 0.5013 -0.5977
vn 0.3405 0.3708 -0.8641
vn 0.2660 0.2731 -0.9245
vn 0.4867 0.5075 -0.7111
vn -0.9184 0.3619 0.1600
vn -0.9955 0.0479 0.0818
vn -0.9045 0.2663 0.3332
vn -0.8380 0.5383 0.0895
vn -0.9839 0.1233 -0.1297
vn -0.8017 0.2011 0.5630
vn -0.4646 -0.3605 0.8088
vn -0.1902 -0.2952 0.9363
vn -0.3554 -0.2660 0.8961
vn 0.7910 0.3637 0.4919
vn 0.8358 0.2122 0.5063
vn 0.7308 0.2255 0.6442
vn -0.2845 0.4879 -0.8252
vn -0.2546 0.2000 -0.9461
vn -0.6670 0.4815 -0.5686
vn -0.6551 0.4412 0.6133
vn -0.5686 0.4515 0.6876
vn -0.6229 0.7159 -0.3154
vn -0.1602 0.2800 0.9465
vn -0.0097 0.1525 0.9882
vn 0.5495 0.4705 0.6904
vn -0.1568 0.1870 -0.9698
vn 0.8369 0.3587 -0.4135
vn 0.7305 -0.0398 -0.6818
vn 0.3361 0.6967 -0.6338
vn 0.2043 0.8526 -0.4811
vn 0.5260 0.7290 -0.4380
vn -0.3938 0.3380 -0.8548
vn -0.6460 0.2441 -0.7232
vn -0.5740 0.0851 -0.8144
vn 0.0499 0.3320 -0.9420
vn 0.4665 0.0291 -0.8840
vn 0.0088 0.1391 -0.9902
vn -0.8075 -0.0497 -0.5878
vn -0.9338 0.1797 -0.3094
vn -0.9354 0.3537 0.0040
vn -0.7391 0.0674 -0.6702
vn -0.0848 0.8699 -0.4859
vn -0.4391 0.8110 -0.3866
vn -0.9697 -0.1288 0.2078
vn -0.3937 0.4089 0.8233
vn 0.0610 0.7680 0.6375
vn -0.0899 -0.0521 -0.9946
vn 0.2948 -0.0933 -0.9510
vn -0.1017 -0.0276 -0.9944
vn 0.7487 0.4127 -0.5188
vn 0.6906 0.5268 -0.4955
vn -0.4471 0.0139 0.8944
vn -0.6701 -0.1976 0.7155
vn -0.9106 0.2672 0.3152
vn -0.8243 0.4393 0.3572
vn -0.3377 0.2339 0.9117
vn -0.3083 0.3213 0.8954
vn 0.5964 0.6503 0.4704
vn 0.1496 0.8794 0.4520
vn 0.5744 0.7181 0.3929
vn -0.9381 0.2829 -0.2000
vn 0.3398 0.5909 0.7317
vn 0.3903 0.5493 0.7389
vn 0.7787 0.1464 0.6100
vn -0.9899 0.1216 -0.0736
vn -0.9366 0.3388 -0.0891
vn -0.9768 0.1093 0.1842
vn 0.7452 0.2909 0.6001
vn 0.8382 0.2478 0.4859
vn 0.1566 0.9273 -0.3401
vn 0.0323 0.8172 -0.5755
vn -0.0522 0.8927 -0.4476
vn 0.4386 0.3506 -0.8274
vn 0.3110 0.2725 -0.9105
vn -0.2003 0.0026 -0.9797
vn -0.6567 0.7006 0.2792
vn -0.7086 0.1794 0.6825
vn 0.7068 0.6493 -0.2808
vn 0.4901 0.0707 -0.8688
vn 0.0339 0.5889 -0.8075
vn -0.1436 0.5846 0.7985
vn -0.2633 0.0911 0.9604
vn -0.5163 0.2805 0.8091
vn 0.4842 0.3228 -0.8132
vn 0.1510 0.2770 -0.9489
vn 0.6329 0.2807 -0.7216
vn -0.3971 0.3635 -0.8427
vn -0.7903 0.3082 -0.5296
vn -0.5192 0.3325 -0.7873
vn 0.2325 0.8880 0.3967
vn 0.3688 0.7718 0.5180
vn 0.9041 0.4273 0.0107
vn 0.6534 0.4519 -0.6073
vn 0.6473 0.4078 -0.6439
vn -0.9583 0.1991 0.2049
vn -0.8812 -0.0670 0.4679
vn -0.1887 0.5529 -0.8116
vn -0.3150 0.2041 -0.9269
vn -0.2814 0.3243 -0.9031
vn -0.4476 0.5999 0.6632
vn -0.9326 0.0922 0.3489
vn -0.0508 0.4638 0.8845
vn 0.0039 0.8092 0.5875
vn 0.2543 0.6910 0.6766
vn -0.2927 0.9477 0.1270
vn -0.3752 -0.0566 -0.9252
vn -0.4166 0.0654 -0.9067
vn -0.3197 0.2222 -0.9211
vn -0.1892 0.0276 -0.9816
vn -0.8230 0.5654 0.0542
vn -0.3243 0.9072 0.2679
vn 0.1086 0.1849 0.9767
vn -0.3036 -0.0903 0.9485
vn 0.0065 0.1366 0.9906
vn 0.3155 -0.3327 0.8887
vn 0.2125 0.2554 0.9432
vn 0.0755 0.2609 0.9624
vn -0.4746 -0.1980 0.8577
vn 0.3904 0.1878 0.9013
vn -0.0417 0.0550 0.9976
vn 0.2508 -0.1254 0.9599
vn 0.0404 0.4050 0.9134
vn 0.1686 0.0589 0.9839
vn -0.3477 0.1174 0.9302
vn -0.0277 0.2483 0.9683
vn -0.8107 0.2074 0.5476
vn -0.9250 0.3690 0.0906
vn -0.8029 0.2036 0.5603
vn -0.9514 0.2835 -0.1198
vn -0.9839 0.1528 0.0927
vn -0.9348 0.3545 -0.0245
vn -0.9400 0.2829 0.1906
vn -0.8152 0.5483 -0.1865
vn -0.9893 0.1217 0.0805
vn -0.9501 0.1939 0.2444
vn -0.8571 0.0818 0.5086
vn -0.8480 0.4324 0.3064
vn -0.8139 -0.0274 0.5804
vn -0.6092 0.5468 0.5744
vn -0.7081 0.4457 0.5476
vn -0.7321 0.1553 0.6633
vn -0.9248 0.3566 0.1322
vn -0.3354 0.1969 0.9213
vn -0.8704 0.3281 0.3672
vn -0.8798 0.4743 -0.0316
vn 0.1079 0.0444 -0.9932
vn 0.7613 0.5495 -0.3442
vn 0.6683 0.4718 -0.5751
vn 0.4722 0.6243 -0.6224
vn 0.8458 0.2798 -0.4543
vn 0.6468 0.1226 -0.7528
vn 0.3651 0.1478 -0.9192
vn 0.6750 0.2792 -0.6829
vn 0.6769 0.1800 -0.7138
vn 0.7189 0.6744 0.1687
vn 0.4890 0.7648 -0.4194
vn 0.7549 0.6499 0.0878
vn 0.3459 0.6343 -0.6914
vn -0.3081 0.6617 -0.6835
vn 0.1070 0.5794 -0.8080
vn 0.9218 0.2450 -0.3005
vn -0.7297 0.6783 -0.0865
vn -0.8795 0.0409 -0.4741
vn 0.8011 -0.1152 -0.5873
vn -0.0096 -0.0381 -0.9992
vn -0.3095 -0.2367 -0.9210
vn -0.6624 0.0160 0.7490
vn -0.6562 -0.2772 0.7018
vn -0.6605 -0.0225 0.7505
vn -0.2041 0.2969 -0.9328
vn -0.6272 0.1703 -0.7600
vn 0.8881 0.1741 -0.4253
vn -0.1999 -0.0770 -0.9768
vn -0.0117 0.0323 -0.9994
vn -0.1590 -0.1402 -0.9773
vn 0.8273 0.1738 -0.5342
vn 0.3216 0.1144 -0.9399
vn 0.5786 0.0515 -0.8140
vn 0.7878 0.1217 -0.6037
vn -0.5831 0.1539 0.7977
vn -0.5579 0.5333 0.6359
vn 0.1075 0.6200 0.7772
vn 0.3064 0.8903 0.3370
vn 0.5486 0.6537 0.5212
vn 0.5298 0.7706 0.3543
vn -0.4826 0.5556 0.6770
vn -0.7249 0.6854 0.0688
vn -0.9412 0.2561 0.2203
vn -0.7453 0.3778 0.5494
vn -0.8117 0.3612 0.4590
vn -0.9189 0.3811 0.1020
vn 0.8352 0.2527 -0.4885
vn 0.8394 0.1007 -0.5342
vn 0.7704 0.6350 0.0573
vn 0.8408 0.5309 -0.1059
vn 0.0068 0.9525 0.3044
vn -0.0860 0.8456 0.5268
vn 0.2283 0.1594 -0.9604
vn 0.3094 -0.3844 -0.8698
vn 0.4923 0.7125 0.4999
vn 0.6110 0.6799 0.4055
vn -0.7078 -0.0015 0.7064
vn -0.6447 -0.0904 0.7591
vn -0.4471 -0.0180 0.8943
vn -0.4110 0.0169 0.9115
vn -0.5670 0.0722 0.8205
vn 0.9666 0.2535 0.0372
vn 0.2358 0.9002 -0.3662
vn 0.2754 0.2582 -0.9260
vn -0.3845 0.1436 -0.9119
vn -0.4231 -0.1577 -0.8923
vn -0.0994 -0.0663 -0.9928
vn -0.4749 0.5720 -0.6688
vn -0.8946 0.3279 -0.3037
vn -0.8768 0.4080 -0.2546
vn -0.8266 0.5428 -0.1485
vn -0.8562 0.2791 -0.4348
vn 0.2581 0.3437 -0.9029
vn 0.6170 0.7652 0.1838
vn 0.8008 0.4176 -0.4294
vn -0.4679 0.0769 -0.8804
vn 0.0055 0.0469 -0.9989
vn 0.3173 0.7950 -0.5170
vn -0.2681 0.5278 -0.8059
vn -0.1438 0.1794 -0.9732
vn 0.0880 0.1554 -0.9839
vn -0.0059 0.2466 -0.9691
vn -0.8314 0.4937 -0.2549
vn -0.7890 0.5890 -0.1745
vn -0.6835 0.3841 -0.6207
vn -0.8755 0.4012 -0.2692
vn -0.5816 0.4389 -0.6849
vn -0.6708 0.4593 -0.5824
vn -0.2986 0.2613 -0.9179
vn -0.7878 0.2095 -0.5792
vn -0.4806 0.0713 -0.8740
vn -0.5038 0.0846 -0.8597
vn -0.9905 0.0571 0.1248
vn -0.2149 -0.0605 0.9748
vn -0.3225 -0.1445 0.9355
vn -0.7321 0.0109 0.6811
vn -0.6108 0.1807 0.7709
vn -0.6149 0.0161 0.7884
vn 0.9699 0.1874 -0.1553
vn 0.7854 0.6121 -0.0922
vn 0.6327 0.7505 0.1910
vn 0.9372 0.3232 -0.1308
vn 0.7975 0.4943 -0.3458
vn 0.7345 0.4345 -0.5212
vn 0.8542 0.3932 -0.3402
vn 0.9285 0.3132 -0.1996
vn 0.7990 0.5971 -0.0717
vn 0.2237 0.8372 0.4991
vn -0.0600 0.8007 0.5961
vn 0.1215 -0.1231 0.9849
vn 0.2920 0.9117 -0.2890
vn 0.5395 0.3598 0.7612
vn 0.7380 0.6093 0.2899
vn -0.5345 0.1026 -0.8389
vn 0.4607 0.4570 -0.7609
vn 0.8311 0.2375 -0.5028
vn 0.8648 0.2940 -0.4070
vn 0.9010 0.1402 -0.4106
vn 0.3420 0.5108 -0.7888
vn 0.1405 0.3352 0.9316
vn 0.4392 0.3524 0.8264
vn 0.2690 0.8687 0.4158
vn 0.5949 0.2367 0.7682
vn 0.2282 0.1849 0.9559
vn 0.3821 0.6642 0.6425
vn 0.6161 0.4133 0.6705
vn 0.0826 0.2427 -0.9666
vn -0.1687 0.1297 -0.9771
vn -0.1498 0.0345 -0.9881
vn 0.1354 0.0141 -0.9907
vn 0.1021 0.1033 -0.9894
vn -0.0774 0.2104 -0.9746
vn 0.9228 0.3808 -0.0581
vn -0.5746 0.7387 0.3524
vn -0.2028 0.1340 -0.9700
vn 0.0559 0.3404 -0.9386
vn 0.7973 0.2454 -0.5515
vn -0.5779 0.2439 -0.7788
vn -0.3071 0.2617 -0.9150
vn -0.0794 0.6272 -0.7748
vn 0.2326 0.7839 -0.5757
vn -0.2867 0.4558 -0.8426
vn 0.0168 0.2308 -0.9729
vn -0.2517 0.5023 -0.8273
vn 0.1696 0.5558 -0.8138
vn 0.8474 0.5198 -0.1084
vn 0.9341 0.3068 -0.1825
vn 0.6709 0.5927 0.4456
vn -0.9002 0.2943 -0.3210
vn -0.8246 0.3113 -0.4724
vn -0.8075 0.2136 -0.5499
vn -0.8189 0.1522 -0.5533
vn 0.0595 0.4447 0.8937
vn -0.1845 0.6276 0.7563
vn -0.9981 0.0609 0.0067
vn -0.8775 -0.1453 0.4571
vn 0.9280 -0.0568 -0.3683
vn -0.6269 0.4397 0.6432
vn 0.9903 0.1197 -0.0704
vn -0.1420 -0.1028 -0.9845
vn -0.4108 -0.1111 -0.9049
vn 0.8555 0.0488 -0.5156
vn 0.1297 0.4943 -0.8596
vn -0.2762 0.7944 0.5409
vn -0.2982 0.0650 -0.9523
vn -0.3473 0.3169 -0.8826
vn -0.1851 0.1254 -0.9747
vn -0.4623 0.0999 -0.8811
vn -0.0923 -0.1367 -0.9863
vn -0.4170 0.2063 -0.8852
vn -0.5191 0.1912 -0.8331
vn 0.9629 0.2489 0.1047
vn 0.4769 0.7434 -0.4691
vn 0.5525 0.7086 -0.4388
vn 0.7073 0.4790 -0.5198
vn 0.9458 0.1055 -0.3070
vn -0.9724 0.1377 0.1885
vn -0.1348 0.1908 0.9723
vn 0.6247 0.2546 0.7382
vn 0.6662 0.1852 0.7224
vn 0.1133 0.8148 0.5685
vn 0.1941 0.6564 0.7291
vn 0.9110 0.0738 0.4058
vn -0.3149 0.7834 0.5358
vn -0.3823 0.3595 -0.8513
vn 0.5985 0.7838 0.1657
vn 0.4233 0.8997 -0.1067
vn 0.9168 0.2039 0.3434
vn 0.9051 0.1794 0.3855
vn 0.8425 0.2669 0.4679
vn 0.7495 0.2713 0.6039
vn 0.6914 0.2638 -0.6726
vn -0.6047 -0.0689 -0.7935
vn -0.5288 -0.1092 -0.8417
vt 0.624334 0.365971
vt 0.617554 0.362271
vt 0.631879 0.354870
vt 0.967157 0.160043
vt 0.951573 0.156904
vt 0.967157 0.122895
vt 0.994952 0.237163
vt 0.994952 0.253148
vt 0.991779 0.246951
vt 0.553386 0.144719
vt 0.532719 0.150257
vt 0.530162 0.133993
vt 0.951573 0.230975
vt 0.959668 0.228104
vt 0.967041 0.230975
vt 0.580975 0.156877
vt 0.575989 0.168176
vt 0.567502 0.167833
vt 0.945703 0.045902
vt 0.954099 0.055993
vt 0.939972 0.064311
vt 0.512110 0.280165
vt 0.508386 0.287984
vt 0.503074 0.276350
vt 0.793324 0.495263
vt 0.796674 0.477600
vt 0.801604 0.495263
vt 0.511480 0.131944
vt 0.517522 0.139636
vt 0.506361 0.143185
vt 0.836926 0.447457
vt 0.841071 0.436450
vt 0.841071 0.460693
vt 0.639566 0.262081
vt 0.650391 0.269563
vt 0.639527 0.273449
vt 0.570312 0.448569
vt 0.568183 0.440094
vt 0.590565 0.444903
vt 0.581740 0.454473
vt 0.580709 0.468774
vt 0.568515 0.454831
vt 0.601892 0.263973
vt 0.574322 0.275640
vt 0.560898 0.263440
vt 0.858740 0.249053
vt 0.875029 0.243791
vt 0.864863 0.266124
vt 0.899300 0.357068
vt 0.890489 0.344661
vt 0.905540 0.344856
vt 0.633666 0.175490
vt 0.636168 0.157230
vt 0.649387 0.174796
vt 0.851082 0.382461
vt 0.860088 0.391854
vt 0.848165 0.404592
vt 0.988459 0.148618
vt 0.996039 0.142135
vt 0.996039 0.159470
vt 0.688335 0.164683
vt 0.709694 0.136192
vt 0.755835 0.179205
vt 0.801951 0.268030
vt 0.807322 0.256370
vt 0.806916 0.264725
vt 0.543756 0.117043
vt 0.553136 0.127090
vt 0.519561 0.468453
vt 0.531773 0.461127
vt 0.534524 0.472336
vt 0.722009 0.376579
vt 0.735685 0.394180
vt 0.709003 0.390243
vt 0.807325 0.331458
vt 0.808124 0.356424
vt 0.803954 0.336513
vt 0.627313 0.253357
vt 0.633623 0.264828
vt 0.615703 0.261286
vt 0.647351 0.460046
vt 0.643682 0.444004
vt 0.654315 0.441470
vt 0.506884 0.258159
vt 0.519082 0.259643
vt 0.506954 0.266086
vt 0.677990 0.182930
vt 0.707160 0.217673
vt 0.871601 0.400618
vt 0.866620 0.370727
vt 0.871601 0.367314
vt 0.559992 0.172986
vt 0.545907 0.155339
vt 0.574520 0.153909
vt 0.818432 0.449107
vt 0.814354 0.464138
vt 0.650068 0.481662
vt 0.654525 0.477242
vt 0.654525 0.495185
vt 0.886712 0.122895
vt 0.863250 0.133282
vt 0.877374 0.123755
vt 0.688677 0.107777
vt 0.707633 0.120597
vt 0.685597 0.119333
vt 0.950719 0.027186
vt 0.963134 0.003074
vt 0.963008 0.023765
vt 0.527515 0.250893
vt 0.540878 0.255358
vt 0.981561 0.102292
vt 0.992947 0.092521
vt 0.992947 0.108970
vt 0.857332 0.282625
vt 0.873136 0.282967
vt 0.871894 0.293463
vt 0.866833 0.461693
vt 0.846976 0.463176
vt 0.847788 0.453265
vt 0.890548 0.206585
vt 0.875761 0.201998
vt 0.874134 0.197321
vt 0.616383 0.092305
vt 0.604559 0.089441
vt 0.610173 0.087261
vt 0.674271 0.348238
vt 0.684259 0.375575
vt 0.660755 0.356332
vt 0.949019 0.062696
vt 0.957922 0.064311
vt 0.531370 0.103757
vt 0.521822 0.111362
vt 0.524316 0.098782
vt 0.839703 0.055840
vt 0.852338 0.046927
vt 0.853858 0.066938
vt 0.522068 0.166082
vt 0.510064 0.169397
vt 0.521826 0.157740
vt 0.806948 0.416586
vt 0.808449 0.441088
vt 0.791792 0.424934
vt 0.644648 0.202214
vt 0.654851 0.209470
vt 0.629222 0.210116
vt 0.940851 0.222363
vt 0.945604 0.204127
vt 0.945604 0.228978
vt 0.873339 0.276852
vt 0.873910 0.264893
vt 0.976629 0.243696
vt 0.985875 0.237163
vt 0.985875 0.247089
vt 0.995935 0.117622
vt 0.995935 0.136231
vt 0.988459 0.126204
vt 0.543635 0.403915
vt 0.544524 0.423961
vt 0.503074 0.421566
vt 0.796896 0.395939
vt 0.791328 0.409130
vt 0.780387 0.399594
vt 0.756316 0.383293
vt 0.746764 0.374128
vt 0.755545 0.373002
vt 0.943663 0.241673
vt 0.944316 0.277570
vt 0.930858 0.278864
vt 0.812675 0.039874
vt 0.826971 0.007663
vt 0.831569 0.025546
vt 0.804862 0.061352
vt 0.827785 0.035386
vt 0.812563 0.063991
vt 0.620140 0.343482
vt 0.632894 0.366124
vt 0.739815 0.079603
vt 0.729253 0.070909
vt 0.738055 0.055566
vt 0.776820 0.069742
vt 0.781521 0.054482
vt 0.755214 0.047010
vt 0.749651 0.050695
vt 0.718359 0.031618
vt 0.737325 0.037059
vt 0.541924 0.297819
vt 0.551768 0.281254
vt 0.556533 0.298613
vt 0.563911 0.279799
vt 0.589062 0.294262
vt 0.546000 0.278204
vt 0.547611 0.268068
vt 0.744278 0.465640
vt 0.750059 0.476266
vt 0.738236 0.467598
vt 0.880933 0.460847
vt 0.894926 0.466727
vt 0.883047 0.477817
vt 0.894926 0.478819
vt 0.605892 0.299439
vt 0.585935 0.302714
vt 0.621850 0.291171
vt 0.616170 0.324904
vt 0.944485 0.475590
vt 0.932284 0.458273
vt 0.942895 0.459900
vt 0.601062 0.321526
vt 0.602506 0.286076
vt 0.628878 0.337428
vt 0.622865 0.337953
vt 0.972222 0.359370
vt 0.956522 0.339329
vt 0.970122 0.338795
vt 0.858743 0.271920
vt 0.952531 0.132326
vt 0.547427 0.170673
vt 0.527457 0.164057
vt 0.547304 0.149984
vt 0.521142 0.148529
vt 0.589451 0.056791
vt 0.599861 0.030541
vt 0.603737 0.069333
vt 0.625958 0.029936
vt 0.645748 0.022585
vt 0.633133 0.003074
vt 0.647068 0.011851
vt 0.578534 0.074329
vt 0.985421 0.365275
vt 0.985421 0.387784
vt 0.980850 0.369464
vt 0.975468 0.380499
vt 0.559324 0.112678
vt 0.541851 0.132571
vt 0.925038 0.223689
vt 0.916898 0.215973
vt 0.934947 0.204127
vt 0.934947 0.227513
vt 0.772056 0.243571
vt 0.780707 0.237163
vt 0.792374 0.256764
vt 0.775384 0.276361
vt 0.745335 0.275213
vt 0.766575 0.266525
vt 0.864478 0.320026
vt 0.873103 0.343486
vt 0.856143 0.336894
vt 0.801131 0.399046
vt 0.807028 0.403341
vt 0.775782 0.425717
vt 0.853898 0.316511
vt 0.511442 0.153949
vt 0.523524 0.121686
vt 0.774362 0.372919
vt 0.747274 0.351310
vt 0.778336 0.385614
vt 0.945899 0.347284
vt 0.942200 0.366520
vt 0.919625 0.338285
vt 0.916291 0.382246
vt 0.945173 0.379072
vt 0.947383 0.388731
vt 0.940764 0.396611
vt 0.949593 0.399440
vt 0.649557 0.286277
vt 0.639829 0.287051
vt 0.944485 0.449424
vt 0.826943 0.163357
vt 0.844710 0.160062
vt 0.833807 0.180537
vt 0.844211 0.180476
vt 0.819096 0.163778
vt 0.934067 0.015026
vt 0.934067 0.039959
vt 0.915530 0.016326
vt 0.913952 0.003074
vt 0.830986 0.287193
vt 0.814354 0.288818
vt 0.822618 0.269176
vt 0.793324 0.465776
vt 0.806734 0.446993
vt 0.806734 0.471695
vt 0.973401 0.165947
vt 0.981846 0.183814
vt 0.970771 0.191759
vt 0.957367 0.478884
vt 0.967407 0.452875
vt 0.967407 0.483120
vt 0.563136 0.188695
vt 0.574455 0.179900
vt 0.572554 0.154582
vt 0.598252 0.176865
vt 0.592515 0.157223
vt 0.975656 0.063637
vt 0.972865 0.082063
vt 0.966302 0.082101
vt 0.822444 0.105147
vt 0.834177 0.087687
vt 0.838804 0.099250
vt 0.900151 0.428570
vt 0.906668 0.439508
vt 0.893105 0.439107
vt 0.910305 0.454943
vt 0.529787 0.439394
vt 0.544524 0.449143
vt 0.526127 0.330438
vt 0.517744 0.312193
vt 0.528153 0.311585
vt 0.540886 0.321130
vt 0.537862 0.340151
vt 0.566229 0.345088
vt 0.570665 0.325257
vt 0.594703 0.324846
vt 0.596447 0.342238
vt 0.814473 0.435038
vt 0.831244 0.427898
vt 0.665397 0.142435
vt 0.660755 0.113503
vt 0.617974 0.081543
vt 0.623038 0.092818
vt 0.635479 0.043235
vt 0.618616 0.071618
vt 0.973721 0.226580
vt 0.972945 0.212034
vt 0.985270 0.213221
vt 0.779067 0.278930
vt 0.796714 0.264175
vt 0.740208 0.305368
vt 0.778217 0.299966
vt 0.754402 0.331462
vt 0.956439 0.295280
vt 0.969786 0.280381
vt 0.969786 0.297950
vt 0.869122 0.033675
vt 0.865222 0.051255
vt 0.860715 0.421993
vt 0.843461 0.414178
vt 0.579551 0.432979
vt 0.573035 0.411724
vt 0.838321 0.408222
vt 0.957367 0.427857
vt 0.966642 0.405344
vt 0.968789 0.423821
vt 0.550429 0.441258
vt 0.578475 0.390201
vt 0.910305 0.416187
vt 0.909087 0.081458
vt 0.929231 0.084439
vt 0.912064 0.099151
vt 0.537424 0.176130
vt 0.746576 0.288085
vt 0.737409 0.257717
vt 0.759943 0.244665
vt 0.725726 0.259245
vt 0.737638 0.248068
vt 0.746886 0.243805
vt 0.563802 0.271864
vt 0.930675 0.438361
vt 0.918693 0.443519
vt 0.916291 0.433429
vt 0.935121 0.422530
vt 0.728133 0.338110
vt 0.737980 0.346414
vt 0.718934 0.351204
vt 0.904286 0.013001
vt 0.913044 0.033501
vt 0.877205 0.021464
vt 0.889991 0.012204
vt 0.877035 0.030520
vt 0.883381 0.035706
vt 0.906909 0.055587
vt 0.710232 0.377465
vt 0.698041 0.396122
vt 0.721078 0.405553
vt 0.708097 0.401357
vt 0.664155 0.379530
vt 0.670684 0.373843
vt 0.679303 0.392176
vt 0.864068 0.070840
vt 0.866548 0.094126
vt 0.958581 0.274477
vt 0.956439 0.258080
vt 0.970724 0.267150
vt 0.970724 0.237163
vt 0.869122 0.111261
vt 0.861285 0.115497
vt 0.812554 0.099604
vt 0.830475 0.086215
vt 0.990824 0.294176
vt 0.996196 0.280381
vt 0.996196 0.301999
vt 0.981846 0.205491
vt 0.846184 0.116991
vt 0.975656 0.110820
vt 0.766939 0.391545
vt 0.757951 0.388691
vt 0.764908 0.491745
vt 0.755964 0.491744
vt 0.761376 0.479033
vt 0.849224 0.299485
vt 0.841876 0.286803
vt 0.989128 0.343973
vt 0.978127 0.330969
vt 0.989128 0.326453
vt 0.875029 0.361409
vt 0.799307 0.069496
vt 0.701302 0.465673
vt 0.714419 0.446993
vt 0.714419 0.475320
vt 0.910386 0.365616
vt 0.910386 0.326453
vt 0.885637 0.377616
vt 0.909982 0.460847
vt 0.909982 0.484478
vt 0.900830 0.472487
vt 0.871641 0.306185
vt 0.872363 0.322521
vt 0.860704 0.308106
vt 0.874982 0.420168
vt 0.866619 0.413327
vt 0.874982 0.406522
vt 0.858949 0.487059
vt 0.846976 0.485037
vt 0.858949 0.469081
vt 0.832913 0.110707
vt 0.823282 0.384980
vt 0.589444 0.196459
vt 0.614929 0.185076
vt 0.633555 0.186109
vt 0.600358 0.224637
vt 0.564189 0.210856
vt 0.544756 0.202545
vt 0.549223 0.191453
vt 0.612339 0.229003
vt 0.628805 0.235873
vt 0.910994 0.162048
vt 0.898687 0.136328
vt 0.606423 0.337309
vt 0.705185 0.086484
vt 0.708705 0.078833
vt 0.715593 0.089319
vt 0.782087 0.221352
vt 0.783203 0.197989
vt 0.790843 0.211236
vt 0.777234 0.408517
vt 0.512581 0.176258
vt 0.521379 0.191232
vt 0.539640 0.198461
vt 0.530103 0.196203
vt 0.503074 0.184052
vt 0.729013 0.218698
vt 0.727463 0.122484
vt 0.745367 0.137932
vt 0.738506 0.220792
vt 0.750687 0.104274
vt 0.731071 0.098256
vt 0.770922 0.231258
vt 0.753520 0.220738
vt 0.771160 0.220821
vt 0.771277 0.189900
vt 0.771690 0.100677
vt 0.952308 0.213198
vt 0.679768 0.211097
vt 0.678890 0.222509
vt 0.670651 0.207662
vt 0.807075 0.271594
vt 0.796195 0.238726
vt 0.787419 0.473801
vt 0.775248 0.461621
vt 0.787419 0.446993
vt 0.788710 0.367945
vt 0.766752 0.357875
vt 0.791504 0.350409
vt 0.807628 0.360904
vt 0.739656 0.337746
vt 0.995977 0.230975
vt 0.991175 0.213798
vt 0.995977 0.210721
vt 0.595447 0.180423
vt 0.950535 0.237163
vt 0.900522 0.296340
vt 0.924778 0.300801
vt 0.905688 0.312521
vt 0.880933 0.289860
vt 0.974972 0.452875
vt 0.982735 0.466542
vt 0.973312 0.469885
vt 0.761188 0.401915
vt 0.755739 0.415511
vt 0.884778 0.063379
vt 0.900665 0.075554
vt 0.924953 0.320548
vt 0.911515 0.273384
vt 0.922609 0.272867
vt 0.915166 0.244579
vt 0.669473 0.493626
vt 0.660755 0.482519
vt 0.669473 0.478922
vt 0.955498 0.386470
vt 0.969563 0.365275
vt 0.969563 0.399240
vt 0.951462 0.405344
vt 0.951230 0.443519
vt 0.933548 0.141508
vt 0.945668 0.161073
vt 0.916898 0.135251
vt 0.718753 0.328201
vt 0.683396 0.312271
vt 0.716130 0.317837
vt 0.888297 0.419542
vt 0.891759 0.415844
vt 0.880933 0.424447
vt 0.732331 0.475965
vt 0.720323 0.463907
vt 0.732331 0.446993
vt 0.682649 0.465044
vt 0.695397 0.446993
vt 0.695397 0.478310
vt 0.860715 0.382779
vt 0.849048 0.367314
vt 0.891192 0.275029
vt 0.669414 0.335586
vt 0.937661 0.097993
vt 0.936207 0.110820
vt 0.848549 0.224222
vt 0.852516 0.209623
vt 0.959833 0.105600
vt 0.960397 0.110819
vt 0.943566 0.102283
vt 0.776501 0.435995
vt 0.766375 0.427203
vt 0.762378 0.419195
vt 0.955988 0.090133
vt 0.955498 0.327520
vt 0.972222 0.326453
vt 0.992349 0.480477
vt 0.988640 0.458998
vt 0.992349 0.452875
vt 0.864853 0.480902
vt 0.873050 0.469081
vt 0.873050 0.489365
vt 0.954557 0.077694
vt 0.960397 0.073540
vt 0.749837 0.027030
vt 0.951573 0.183641
vt 0.964866 0.173692
vt 0.964866 0.207293
vt 0.731090 0.058977
vt 0.901630 0.409940
vt 0.880933 0.362739
vt 0.889660 0.343728
vt 0.836821 0.003074
vt 0.881448 0.381121
vt 0.553709 0.479606
vt 0.550429 0.463679
vt 0.562610 0.478999
vt 0.842161 0.273142
vt 0.832822 0.257563
vt 0.820753 0.258813
vt 0.832883 0.248768
vt 0.995987 0.365275
vt 0.995987 0.380423
vt 0.991326 0.372059
vt 0.924745 0.122895
vt 0.945668 0.122898
vt 0.914381 0.237163
vt 0.924953 0.237704
vt 0.636032 0.446714
vt 0.524012 0.270192
vt 0.863819 0.219566
vt 0.863819 0.228746
vt 0.858420 0.226314
vt 0.697589 0.220869
vt 0.676392 0.192439
vt 0.983970 0.405344
vt 0.983970 0.430388
vt 0.974694 0.416222
vt 0.986935 0.017635
vt 0.993067 0.003074
vt 0.993067 0.029156
vt 0.608385 0.390201
vt 0.620748 0.416456
vt 0.596470 0.402632
vt 0.652911 0.233396
vt 0.837266 0.133182
vt 0.851268 0.122895
vt 0.852516 0.146761
vt 0.932774 0.326453
vt 0.616265 0.161699
vt 0.610363 0.116041
vt 0.995019 0.446249
vt 0.989875 0.437058
vt 0.995019 0.429773
vt 0.984920 0.303464
vt 0.975690 0.285464
vt 0.984920 0.280381
vt 0.788906 0.319197
vt 0.807328 0.300857
vt 0.576104 0.124066
vt 0.567405 0.107800
vt 0.560349 0.143060
vt 0.592679 0.143811
vt 0.581740 0.475565
vt 0.755964 0.453122
vt 0.766791 0.449711
vt 0.769343 0.463118
vt 0.782495 0.479705
vt 0.782495 0.494703
vt 0.775248 0.480877
vt 0.762337 0.470601
vt 0.769343 0.446993
vt 0.768309 0.473129
vt 0.540696 0.395685
vt 0.807779 0.372043
vt 0.798840 0.384662
vt 0.807745 0.379053
vt 0.792889 0.387063
vt 0.808449 0.320054
vt 0.717861 0.307720
vt 0.731461 0.374492
vt 0.741035 0.383101
vt 0.875027 0.047282
vt 0.602327 0.241778
vt 0.557366 0.395119
vt 0.562610 0.454473
vt 0.619493 0.248730
vt 0.968789 0.446971
vt 0.818608 0.414370
vt 0.814354 0.390252
vt 0.750059 0.446993
vt 0.605951 0.129486
vt 0.612020 0.159221
vt 0.598169 0.142113
vt 0.627733 0.176486
vt 0.610108 0.167845
vt 0.513656 0.455047
vt 0.513656 0.478924
vt 0.503074 0.465927
vt 0.589131 0.130074
vt 0.573138 0.106705
vt 0.604082 0.116882
vt 0.587117 0.100718
vt 0.917628 0.110820
vt 0.982735 0.482036
vt 0.978710 0.476501
vt 0.590565 0.427992
vt 0.654315 0.471338
vt 0.845814 0.257091
vt 0.952011 0.165947
vt 0.849968 0.240551
vt 0.878310 0.009061
vt 0.875820 0.005687
vt 0.568515 0.489611
vt 0.573426 0.481469
vt 0.573426 0.494291
vt 0.625850 0.482221
vt 0.615466 0.452958
vt 0.625850 0.451135
vt 0.618564 0.443439
vt 0.676744 0.446993
vt 0.676744 0.473017
vt 0.660755 0.468009
vt 0.544189 0.357466
vt 0.518666 0.109480
vt 0.633623 0.312921
vt 0.885787 0.329930
vt 0.711325 0.100013
vt 0.964214 0.317596
vt 0.686550 0.131422
vt 0.559996 0.365679
vt 0.769099 0.043212
vt 0.769518 0.036099
vt 0.947595 0.003391
vt 0.756030 0.003074
vt 0.765434 0.020742
vt 0.730237 0.008803
vt 0.973061 0.133444
vt 0.982555 0.117622
vt 0.982555 0.160043
vt 0.970167 0.017071
vt 0.972749 0.003074
vt 0.981030 0.006347
vt 0.809962 0.151169
vt 0.981030 0.043277
vt 0.793402 0.053049
vt 0.510430 0.244460
vt 0.630127 0.410806
vt 0.625138 0.437534
vt 0.608843 0.437534
vt 0.650676 0.241778
vt 0.650111 0.257530
vt 0.630489 0.321840
vt 0.650676 0.309899
vt 0.527672 0.496022
vt 0.519561 0.485264
vt 0.527672 0.478240
vt 0.811485 0.170636
vt 0.799307 0.156616
vt 0.730518 0.291733
vt 0.721134 0.281369
vt 0.636474 0.435565
vt 0.636032 0.399526
vt 0.653004 0.407116
vt 0.653004 0.390201
vt 0.521033 0.281228
vt 0.685216 0.149515
vt 0.609561 0.461384
vt 0.598609 0.477451
vt 0.596470 0.451743
vt 0.996926 0.423869
vt 0.989875 0.414865
vt 0.996926 0.405344
vt 0.964263 0.039998
vt 0.609561 0.443439
vt 0.939972 0.039998
vt 0.793402 0.164235
vt 0.792013 0.188927
vt 0.641480 0.056405
vt 0.644996 0.033330
vt 0.654851 0.044905
vt 0.788365 0.130071
vt 0.763420 0.138364
vt 0.653755 0.366940
vt 0.639527 0.357572
vt 0.653755 0.315803
vt 0.634157 0.148621
vt 0.903182 0.112512
vt 0.875027 0.110794
vt 0.903182 0.081458
vt 0.641439 0.191569
vt 0.635758 0.116443
vt 0.651912 0.142964
vt 0.866833 0.427898
vt 0.994866 0.035060
vt 0.994866 0.054170
vt 0.986935 0.040160
vt 0.946531 0.295405
vt 0.910506 0.172470
vt 0.904869 0.142255
vt 0.864891 0.150529
vt 0.858420 0.170645
vt 0.897625 0.213661
vt 0.910994 0.208564
vt 0.874982 0.444656
vt 0.874251 0.434003
vt 0.874982 0.426073
vt 0.987751 0.181292
vt 0.993804 0.165947
vt 0.993804 0.192038
vt 0.867881 0.191706
vt 0.599281 0.437290
vt 0.639551 0.081668
vt 0.949593 0.341925
vt 0.534524 0.455047
vt 0.599513 0.097633
vt 0.607598 0.090002
vt 0.517738 0.301212
vt 0.587478 0.146324
vt 0.845756 0.332338
vt 0.843527 0.321092
vt 0.855076 0.245227
vt 0.865571 0.237163
vt 0.644164 0.495610
vt 0.636032 0.495094
vt 0.644164 0.477242
vt 0.611257 0.379377
vt 0.628688 0.384296
vt 0.828331 0.484132
vt 0.814354 0.484132
vt 0.817368 0.470042
vt 0.539284 0.096761
vt 0.560188 0.082171
vt 0.563403 0.097767
vt 0.989149 0.086616
vt 0.981561 0.078043
vt 0.989149 0.063637
vt 0.977964 0.257733
vt 0.608293 0.333037
vt 0.938556 0.198222
vt 0.936745 0.166099
vt 0.840900 0.470042
vt 0.840900 0.491261
vt 0.834236 0.481076
vt 0.808248 0.291449
vt 0.807274 0.277606
vt 0.590524 0.491206
vt 0.587644 0.486614
vt 0.590524 0.479511
vt 0.932310 0.246266
vt 0.940714 0.314300
vt 0.800470 0.135576
vt 0.950535 0.310440
vt 0.508457 0.441159
vt 0.537095 0.390201
vt 0.544505 0.483504
vt 0.540429 0.460124
vt 0.544505 0.455047
vt 0.590105 0.454473
vt 0.590105 0.473606
vt 0.587644 0.467084
vt 0.706313 0.495951
vt 0.701302 0.486506
vt 0.706313 0.481225
vt 0.916291 0.469117
vt 0.926379 0.449424
vt 0.926379 0.480080
vt 0.985270 0.230975
s 1
usemtl material_atlas_00001_1
f 2236/4512/2064 2293/4513/2065 2354/4514/2066
f 2110/4515/2067 2152/4516/2068 2399/4517/2069
f 2261/4518/2070 2080/4519/2071 2082/4520/2072
f 2336/4521/2073 2388/4522/2074 2114/4523/2075
f 2163/4524/2076 2420/4525/2077 2172/4526/2078
f 2106/4527/2079 2159/4528/2080 2215/4529/2081
f 2368/4530/2082 2369/4531/2083 2066/4532/2084
f 2126/4533/2085 2120/4534/2086 2185/4535/2087
f 2407/4536/2088 2387/4537/2089 2262/4538/2090
f 2121/4539/2091 2252/4540/2092 2249/4541/2093
f 2220/4542/2094 2262/4543/2090 2284/4544/2095
f 2189/4545/2096 2204/4546/2097 2359/4547/2098
f 2096/4548/2099 2187/4549/2100 2089/4550/2101
f 2157/4551/2102 2215/4552/2081 2103/4553/2103
f 2132/4554/2104 2331/4555/2105 2137/4556/2106
f 2257/4557/2107 2258/4558/2108 2256/4559/2109
f 2154/4560/2110 2403/4561/2111 2408/4562/2112
f 2416/4563/2113 2402/4564/2114 2401/4565/2115
f 2131/4566/2116 2119/4567/2117 2414/4568/2118
f 2289/4569/2119 2155/4570/2120 2422/4571/2121
f 2180/4572/2122 2310/4573/2123 2161/4574/2124
f 2079/4575/2125 2261/4576/2070 2082/4577/2072
f 2336/4521/2073 2169/4578/2126 2334/4579/2127
f 2333/4580/2128 2195/4581/2129 2138/4582/2130
f 2367/4583/2131 2207/4584/2132 2229/4585/2133
f 2209/4586/2134 2428/4587/2135 2210/4588/2136
f 2240/4589/2137 2307/4590/2138 2190/4591/2139
f 2165/4592/2140 2365/4593/2141 2205/4594/2142
f 2289/4595/2119 2290/4596/2143 2155/4597/2120
f 2139/4598/2144 2180/4572/2122 2218/4599/2145
f 2084/4600/2146 2389/4601/2147 2191/4602/2148
f 2363/4603/2149 2222/4604/2150 2103/4605/2103
f 2352/4606/2151 2284/4544/2095 2292/4607/2152
f 2186/4608/2153 2143/4609/2154 2369/4610/2083
f 2185/4611/2087 2422/4612/2121 2155/4613/2120
f 2284/4614/2095 2281/4615/2155 2283/4616/2156
f 2341/4617/2157 2340/4618/2158 2244/4619/2159
f 2290/4596/2143 2165/4620/2140 2170/4621/2160
f 2360/4622/2161 2409/4623/2162 2362/4624/2163
f 2065/4625/2164 2073/4626/2165 2071/4627/2166
f 2156/4628/2167 2402/4629/2114 2297/4630/2168
f 2372/4631/2169 2421/4632/2170 2396/4633/2171
f 2195/4634/2129 2333/4635/2128 2315/4636/2172
f 2125/4637/2173 2108/4638/2174 2089/4639/2101
f 2075/4640/2175 2369/4531/2083 2063/4641/2176
f 2227/4642/2177 2415/4643/2178 2364/4644/2179
f 2312/4645/2180 2266/4646/2181 2099/4647/2182
f 2246/4648/2183 2245/4649/2184 2250/4650/2185
f 2277/4651/2186 2192/4652/2187 2274/4653/2188
f 2299/4654/2189 2146/4655/2190 2212/4656/2191
f 2095/4657/2192 2169/4658/2126 2335/4659/2193
f 2072/4660/2194 2256/4559/2109 2216/4661/2195
f 2327/4662/2196 2278/4663/2197 2326/4664/2198
f 2185/4665/2199 2130/4666/2200 2217/4667/2201
f 2391/4668/2202 2259/4669/2203 2311/4670/2204
f 2326/4671/2198 2278/4672/2197 2276/4673/2205
f 2419/4674/2206 2171/4675/2207 2226/4676/2208
f 2090/4677/2209 2311/4678/2204 2164/4679/2210
f 2432/4680/2211 2264/4681/2212 2263/4682/2213
f 2270/4683/2214 2432/4680/2211 2265/4684/2215
f 2432/4680/2211 2263/4682/2213 2265/4684/2215
f 2265/4684/2215 2320/4685/2216 2270/4683/2214
f 2293/4513/2065 2098/4686/2217 2354/4514/2066
f 2354/4514/2066 2099/4687/2182 2236/4512/2064
f 2150/4688/2218 2413/4689/2219 2379/4690/2220
f 2401/4691/2115 2150/4688/2218 2379/4690/2220
f 2362/4692/2163 2401/4691/2115 2306/4693/2221
f 2401/4691/2115 2379/4690/2220 2100/4694/2222
f 2100/4694/2222 2306/4693/2221 2401/4691/2115
f 2379/4690/2220 2228/4695/2223 2100/4694/2222
f 2228/4695/2223 2183/4696/2224 2100/4694/2222
f 2140/4697/2225 2145/4698/2226 2291/4699/2227
f 2291/4699/2227 2145/4698/2226 2129/4700/2228
f 2378/4701/2229 2291/4699/2227 2129/4700/2228
f 2145/4698/2226 2188/4702/2230 2214/4703/2231
f 2386/4704/2232 2214/4705/2231 2188/4706/2230
f 2214/4707/2231 2332/4708/2233 2145/4709/2226
f 2332/4708/2233 2129/4710/2228 2145/4709/2226
f 2378/4701/2229 2087/4711/2234 2418/4712/2235
f 2136/4713/2236 2298/4714/2237 2087/4711/2234
f 2298/4715/2237 2309/4716/2238 2410/4717/2239
f 2358/4718/2240 2418/4712/2235 2087/4711/2234
f 2358/4718/2240 2087/4711/2234 2298/4714/2237
f 2330/4719/2241 2331/4555/2105 2132/4554/2104
f 2298/4714/2237 2242/4720/2242 2189/4721/2096
f 2070/4722/2243 2357/4723/2244 2257/4724/2107
f 2070/4725/2243 2257/4557/2107 2256/4559/2109
f 2384/4726/2245 2399/4517/2069 2152/4516/2068
f 2363/4603/2149 2094/4727/2246 2222/4604/2150
f 2222/4604/2150 2094/4727/2246 2162/4728/2247
f 2388/4522/2074 2336/4521/2073 2174/4729/2248
f 2174/4729/2248 2222/4604/2150 2388/4522/2074
f 2222/4604/2150 2162/4728/2247 2388/4522/2074
f 2250/4650/2185 2248/4730/2249 2388/4522/2074
f 2162/4728/2247 2250/4650/2185 2388/4522/2074
f 2114/4523/2075 2388/4522/2074 2248/4730/2249
f 2101/4731/2250 2381/4732/2251 2393/4733/2252
f 2160/4734/2253 2393/4733/2252 2381/4732/2251
f 2196/4735/2254 2160/4734/2253 2086/4736/2255
f 2086/4736/2255 2230/4737/2256 2196/4735/2254
f 2381/4732/2251 2086/4736/2255 2160/4734/2253
f 2393/4733/2252 2115/4738/2257 2101/4731/2250
f 2261/4739/2070 2245/4740/2184 2077/4741/2258
f 2076/4742/2259 2077/4741/2258 2245/4740/2184
f 2169/4578/2126 2095/4743/2192 2334/4579/2127
f 2169/4578/2126 2373/4744/2260 2114/4523/2075
f 2411/4745/2261 2163/4746/2076 2131/4747/2116
f 2131/4747/2116 2133/4748/2262 2411/4745/2261
f 2249/4749/2093 2405/4750/2263 2081/4751/2264
f 2389/4752/2147 2084/4753/2146 2323/4754/2265
f 2081/4751/2264 2389/4752/2147 2249/4749/2093
f 2323/4754/2265 2249/4749/2093 2389/4752/2147
f 2064/4755/2266 2074/4756/2267 2062/4757/2268
f 2278/4672/2197 2327/4758/2196 2277/4651/2186
f 2327/4758/2196 2325/4759/2269 2277/4651/2186
f 2390/4760/2270 2278/4672/2197 2274/4653/2188
f 2274/4653/2188 2278/4672/2197 2277/4651/2186
f 2062/4757/2268 2063/4761/2176 2064/4755/2266
f 2114/4523/2075 2248/4730/2249 2252/4540/2092
f 2245/4649/2184 2405/4762/2263 2248/4730/2249
f 2121/4539/2091 2092/4763/2271 2114/4523/2075
f 2252/4540/2092 2121/4539/2091 2114/4523/2075
f 2092/4763/2271 2227/4642/2177 2169/4578/2126
f 2169/4578/2126 2114/4523/2075 2092/4763/2271
f 2373/4744/2260 2169/4578/2126 2336/4521/2073
f 2373/4744/2260 2336/4521/2073 2114/4523/2075
f 2322/4764/2272 2226/4676/2208 2339/4765/2273
f 2237/4766/2274 2226/4676/2208 2322/4764/2272
f 2313/4767/2275 2370/4768/2276 2160/4769/2253
f 2393/4770/2252 2160/4769/2253 2370/4768/2276
f 2370/4768/2276 2176/4771/2277 2393/4770/2252
f 2176/4771/2277 2184/4772/2278 2315/4773/2172
f 2393/4770/2252 2176/4771/2277 2315/4773/2172
f 2315/4773/2172 2184/4772/2278 2195/4774/2129
f 2351/4775/2279 2358/4776/2240 2359/4547/2098
f 2204/4546/2097 2351/4775/2279 2359/4547/2098
f 2309/4716/2238 2338/4777/2280 2410/4717/2239
f 2175/4778/2281 2194/4779/2282 2111/4780/2283
f 2194/4779/2282 2135/4781/2284 2111/4780/2283
f 2175/4778/2281 2111/4780/2283 2409/4782/2162
f 2291/4699/2227 2378/4701/2229 2418/4712/2235
f 2087/4711/2234 2330/4719/2241 2136/4713/2236
f 2132/4554/2104 2190/4591/2139 2330/4719/2241
f 2190/4591/2139 2136/4713/2236 2330/4719/2241
f 2219/4783/2285 2136/4784/2236 2201/4785/2286
f 2219/4783/2285 2201/4785/2286 2166/4786/2287
f 2221/4787/2288 2219/4788/2285 2166/4789/2287
f 2069/4790/2289 2369/4791/2083 2254/4792/2290
f 2369/4793/2083 2143/4794/2154 2221/4795/2288
f 2254/4796/2290 2369/4797/2083 2221/4798/2288
f 2202/4799/2291 2363/4603/2149 2382/4800/2292
f 2106/4527/2079 2215/4529/2081 2157/4801/2102
f 2215/4529/2081 2382/4800/2292 2363/4603/2149
f 2113/4802/2293 2159/4528/2080 2144/4803/2294
f 2106/4527/2079 2144/4803/2294 2159/4528/2080
f 2075/4640/2175 2066/4532/2084 2369/4531/2083
f 2066/4804/2084 2271/4805/2295 2225/4806/2296
f 2066/4807/2084 2225/4808/2296 2368/4809/2082
f 2206/4810/2297 2097/4811/2298 2152/4812/2068
f 2097/4811/2298 2384/4813/2245 2152/4812/2068
f 2301/4814/2299 2259/4669/2203 2300/4815/2300
f 2180/4816/2122 2139/4817/2144 2243/4818/2301
f 2180/4816/2122 2243/4818/2301 2400/4819/2302
f 2224/4820/2303 2180/4816/2122 2400/4819/2302
f 2224/4820/2303 2400/4819/2302 2356/4821/2304
f 2400/4819/2302 2243/4818/2301 2140/4697/2225
f 2291/4699/2227 2418/4712/2235 2282/4822/2305
f 2140/4697/2225 2291/4699/2227 2282/4822/2305
f 2400/4819/2302 2140/4697/2225 2282/4822/2305
f 2400/4819/2302 2282/4822/2305 2356/4821/2304
f 2351/4823/2279 2292/4824/2152 2282/4822/2305
f 2262/4543/2090 2293/4825/2065 2407/4826/2088
f 2284/4544/2095 2352/4606/2151 2220/4542/2094
f 2282/4827/2305 2292/4828/2152 2284/4614/2095
f 2195/4634/2129 2184/4829/2278 2238/4830/2306
f 2313/4831/2275 2238/4830/2306 2176/4832/2277
f 2238/4830/2306 2184/4829/2278 2176/4832/2277
f 2370/4768/2276 2313/4767/2275 2176/4771/2277
f 2203/4833/2307 2157/4834/2102 2103/4835/2103
f 2389/4752/2147 2081/4751/2264 2191/4836/2148
f 2081/4751/2264 2078/4837/2308 2191/4836/2148
f 2179/4838/2309 2303/4839/2310 2342/4840/2311
f 2339/4765/2273 2226/4676/2208 2171/4675/2207
f 2262/4841/2090 2387/4842/2089 2408/4843/2112
f 2266/4646/2181 2387/4844/2089 2407/4845/2088
f 2414/4568/2118 2153/4846/2312 2117/4847/2313
f 2153/4848/2312 2187/4549/2100 2392/4849/2314
f 2158/4850/2315 2414/4568/2118 2117/4847/2313
f 2117/4851/2313 2153/4852/2312 2392/4853/2314
f 2102/4854/2316 2170/4855/2160 2392/4849/2314
f 2102/4854/2316 2392/4849/2314 2187/4549/2100
f 2097/4811/2298 2206/4810/2297 2142/4856/2317
f 2113/4857/2293 2144/4858/2294 2395/4859/2318
f 2251/4860/2319 2162/4728/2247 2094/4727/2246
f 2084/4753/2146 2191/4836/2148 2366/4861/2320
f 2323/4754/2265 2084/4753/2146 2302/4862/2321
f 2121/4863/2091 2249/4749/2093 2323/4754/2265
f 2302/4862/2321 2364/4864/2179 2415/4865/2178
f 2302/4862/2321 2121/4863/2091 2323/4754/2265
f 2092/4866/2271 2302/4862/2321 2415/4865/2178
f 2332/4867/2233 2137/4556/2106 2331/4555/2105
f 2216/4661/2195 2256/4559/2109 2258/4558/2108
f 2105/4868/2322 2227/4869/2177 2364/4870/2179
f 2364/4870/2179 2321/4871/2323 2105/4868/2322
f 2383/4872/2324 2268/4873/2325 2314/4874/2326
f 2316/4875/2327 2166/4786/2287 2201/4785/2286
f 2316/4875/2327 2201/4785/2286 2361/4876/2328
f 2288/4877/2329 2350/4878/2330 2085/4879/2331
f 2350/4878/2330 2316/4875/2327 2285/4880/2332
f 2285/4880/2332 2316/4875/2327 2361/4876/2328
f 2285/4880/2332 2085/4879/2331 2350/4878/2330
f 2361/4876/2328 2307/4881/2138 2285/4880/2332
f 2108/4638/2174 2412/4882/2333 2223/4883/2334
f 2229/4585/2133 2307/4884/2138 2240/4885/2137
f 2223/4883/2334 2412/4882/2333 2229/4585/2133
f 2187/4886/2100 2096/4887/2099 2108/4638/2174
f 2108/4638/2174 2102/4888/2316 2187/4886/2100
f 2223/4883/2334 2102/4888/2316 2108/4638/2174
f 2354/4889/2066 2242/4890/2242 2099/4647/2182
f 2338/4891/2280 2309/4892/2238 2219/4893/2285
f 2309/4892/2238 2136/4894/2236 2219/4893/2285
f 2242/4890/2242 2410/4895/2239 2338/4896/2280
f 2312/4645/2180 2099/4647/2182 2225/4808/2296
f 2099/4647/2182 2242/4890/2242 2225/4808/2296
f 2265/4684/2215 2266/4646/2181 2312/4645/2180
f 2320/4685/2216 2265/4684/2215 2312/4645/2180
f 2062/4897/2268 2320/4685/2216 2066/4807/2084
f 2066/4807/2084 2320/4685/2216 2271/4898/2295
f 2338/4899/2280 2219/4900/2285 2143/4901/2154
f 2219/4902/2285 2221/4795/2288 2143/4794/2154
f 2338/4896/2280 2186/4903/2153 2242/4890/2242
f 2271/4898/2295 2320/4685/2216 2312/4645/2180
f 2242/4890/2242 2186/4903/2153 2368/4809/2082
f 2225/4808/2296 2242/4890/2242 2368/4809/2082
f 2225/4806/2296 2271/4805/2295 2312/4904/2180
f 2419/4674/2206 2116/4905/2335 2286/4906/2336
f 2286/4906/2336 2171/4675/2207 2419/4674/2206
f 2072/4907/2194 2073/4908/2165 2065/4909/2164
f 2071/4627/2166 2069/4910/2289 2254/4911/2290
f 2065/4625/2164 2071/4627/2166 2254/4911/2290
f 2255/4912/2337 2254/4913/2290 2221/4914/2288
f 2062/4757/2268 2074/4756/2267 2433/4915/2338
f 2320/4685/2216 2062/4897/2268 2433/4916/2338
f 2270/4683/2214 2320/4685/2216 2433/4916/2338
f 2352/4917/2151 2292/4918/2152 2293/4919/2065
f 2408/4562/2112 2387/4920/2089 2154/4560/2110
f 2403/4561/2111 2284/4921/2095 2408/4562/2112
f 2387/4920/2089 2324/4922/2339 2154/4560/2110
f 2105/4923/2322 2169/4924/2126 2227/4925/2177
f 2434/4926/2340 2068/4927/2341 2064/4755/2266
f 2434/4926/2340 2064/4755/2266 2067/4928/2342
f 2064/4929/2266 2063/4930/2176 2067/4931/2342
f 2067/4928/2342 2063/4761/2176 2069/4910/2289
f 2063/4932/2176 2369/4933/2083 2069/4934/2289
f 2368/4809/2082 2186/4903/2153 2369/4935/2083
f 2158/4850/2315 2133/4936/2262 2414/4568/2118
f 2414/4568/2118 2133/4936/2262 2131/4566/2116
f 2355/4937/2343 2406/4938/2344 2208/4939/2345
f 2355/4937/2343 2208/4939/2345 2425/4940/2346
f 2202/4799/2291 2355/4937/2343 2426/4941/2347
f 2425/4940/2346 2426/4941/2347 2355/4937/2343
f 2151/4942/2348 2344/4943/2349 2426/4941/2347
f 2344/4943/2349 2202/4799/2291 2426/4941/2347
f 2424/4944/2350 2425/4940/2346 2212/4656/2191
f 2212/4656/2191 2425/4940/2346 2208/4939/2345
f 2423/4945/2351 2424/4944/2350 2212/4656/2191
f 2146/4655/2190 2423/4945/2351 2212/4656/2191
f 2168/4946/2352 2396/4633/2171 2200/4947/2353
f 2293/4513/2065 2204/4948/2097 2098/4686/2217
f 2351/4823/2279 2204/4948/2097 2292/4824/2152
f 2204/4948/2097 2293/4513/2065 2292/4824/2152
f 2403/4949/2111 2154/4950/2110 2374/4951/2354
f 2398/4952/2355 2147/4953/2356 2241/4954/2357
f 2276/4673/2205 2278/4672/2197 2279/4955/2358
f 2278/4672/2197 2390/4760/2270 2279/4955/2358
f 2247/4956/2359 2251/4860/2319 2295/4957/2360
f 2149/4958/2361 2134/4959/2362 2251/4860/2319
f 2134/4959/2362 2295/4957/2360 2251/4860/2319
f 2295/4957/2360 2260/4960/2363 2247/4956/2359
f 2168/4961/2352 2218/4599/2145 2161/4574/2124
f 2310/4573/2123 2280/4962/2364 2141/4963/2365
f 2181/4964/2366 2168/4961/2352 2161/4574/2124
f 2231/4965/2367 2280/4962/2364 2397/4966/2368
f 2230/4967/2256 2394/4968/2369 2196/4969/2254
f 2231/4965/2367 2397/4966/2368 2150/4688/2218
f 2196/4969/2254 2394/4968/2369 2235/4970/2370
f 2394/4968/2369 2181/4964/2366 2235/4970/2370
f 2196/4969/2254 2235/4970/2370 2147/4953/2356
f 2398/4952/2355 2196/4969/2254 2147/4953/2356
f 2150/4688/2218 2401/4691/2115 2156/4971/2167
f 2235/4970/2370 2181/4964/2366 2161/4574/2124
f 2163/4524/2076 2411/4972/2261 2420/4525/2077
f 2217/4973/2201 2185/4974/2087 2120/4975/2086
f 2080/4976/2071 2079/4575/2125 2082/4577/2072
f 2227/4642/2177 2092/4763/2271 2415/4643/2178
f 2081/4751/2264 2405/4750/2263 2245/4977/2184
f 2261/4576/2070 2081/4751/2264 2245/4977/2184
f 2125/4978/2173 2089/4979/2101 2123/4980/2371
f 2375/4981/2372 2233/4982/2373 2329/4983/2374
f 2319/4984/2375 2375/4981/2372 2329/4983/2374
f 2329/4983/2374 2233/4982/2373 2342/4840/2311
f 2339/4765/2273 2267/4985/2376 2233/4982/2373
f 2210/4588/2136 2428/4587/2135 2329/4983/2374
f 2329/4986/2374 2428/4987/2135 2319/4988/2375
f 2346/4989/2377 2382/4800/2292 2159/4528/2080
f 2159/4528/2080 2382/4800/2292 2215/4529/2081
f 2159/4528/2080 2113/4802/2293 2346/4989/2377
f 2348/4990/2378 2311/4678/2204 2090/4677/2209
f 2177/4991/2379 2101/4992/2250 2239/4993/2380
f 2239/4993/2380 2399/4994/2069 2177/4991/2379
f 2334/4995/2127 2337/4996/2381 2336/4997/2073
f 2207/4584/2132 2286/4906/2336 2287/4998/2382
f 2207/4584/2132 2287/4998/2382 2285/4999/2332
f 2307/4881/2138 2207/5000/2132 2285/4880/2332
f 2307/4881/2138 2229/5001/2133 2207/5000/2132
f 2115/5002/2257 2239/4993/2380 2101/4992/2250
f 2296/5003/2383 2381/5004/2251 2101/4992/2250
f 2381/5004/2251 2296/5003/2383 2142/5005/2317
f 2418/4712/2235 2351/4823/2279 2282/4822/2305
f 2421/5006/2170 2372/5007/2169 2142/5008/2317
f 2193/5009/2384 2371/5010/2385 2269/5011/2386
f 2269/5012/2386 2371/5013/2385 2321/4871/2323
f 2371/5013/2385 2105/4868/2322 2321/4871/2323
f 2193/5014/2384 2269/5015/2386 2239/5016/2380
f 2148/5017/2387 2383/4872/2324 2314/4874/2326
f 2229/4585/2133 2412/4882/2333 2367/4583/2131
f 2314/4874/2326 2367/4583/2131 2412/4882/2333
f 2148/5017/2387 2314/4874/2326 2125/4637/2173
f 2314/4874/2326 2412/4882/2333 2125/4637/2173
f 2239/5018/2380 2198/5019/2388 2148/5017/2387
f 2396/5020/2171 2421/5021/2170 2206/4810/2297
f 2396/5020/2171 2206/4810/2297 2152/4812/2068
f 2172/5022/2078 2396/5020/2171 2152/4812/2068
f 2163/5023/2076 2172/5024/2078 2152/5025/2068
f 2131/5026/2116 2163/5027/2076 2152/5028/2068
f 2110/5029/2067 2119/4567/2117 2131/4566/2116
f 2152/5030/2068 2110/5029/2067 2131/4566/2116
f 2125/4637/2173 2412/4882/2333 2108/4638/2174
f 2239/5018/2380 2148/5017/2387 2125/4637/2173
f 2206/4810/2297 2421/5021/2170 2142/4856/2317
f 2399/4994/2069 2384/5031/2245 2177/4991/2379
f 2177/4991/2379 2384/5031/2245 2296/5003/2383
f 2384/5031/2245 2142/5005/2317 2296/5003/2383
f 2177/4991/2379 2296/5003/2383 2101/4992/2250
f 2096/4887/2099 2089/4639/2101 2108/4638/2174
f 2112/5032/2389 2239/5018/2380 2125/4637/2173
f 2395/4859/2318 2144/4858/2294 2203/5033/2307
f 2395/4859/2318 2203/5033/2307 2404/5034/2390
f 2377/5035/2391 2111/4780/2283 2135/4781/2284
f 2417/5036/2392 2377/5035/2391 2135/4781/2284
f 2382/4800/2292 2346/4989/2377 2355/4937/2343
f 2202/4799/2291 2382/4800/2292 2355/4937/2343
f 2104/5037/2393 2304/5038/2394 2274/5039/2188
f 2304/5040/2394 2288/5041/2329 2390/4760/2270
f 2288/5041/2329 2085/5042/2331 2390/4760/2270
f 2273/5043/2395 2104/5037/2393 2274/5039/2188
f 2257/4724/2107 2357/4723/2244 2273/5044/2395
f 2258/5045/2108 2257/4724/2107 2273/5044/2395
f 2274/5046/2188 2192/5047/2187 2272/5048/2396
f 2390/5049/2270 2274/5050/2188 2304/5051/2394
f 2274/5039/2188 2272/5052/2396 2273/5043/2395
f 2273/5043/2395 2272/5052/2396 2258/5053/2108
f 2183/4696/2224 2380/5054/2397 2100/4694/2222
f 2380/5054/2397 2306/4693/2221 2100/4694/2222
f 2228/5055/2223 2264/5056/2212 2431/5057/2398
f 2228/4695/2223 2379/4690/2220 2324/5058/2339
f 2387/4920/2089 2228/5059/2223 2324/4922/2339
f 2154/4560/2110 2324/4922/2339 2413/5060/2219
f 2374/5061/2354 2154/4560/2110 2413/5060/2219
f 2228/5062/2223 2387/4844/2089 2263/4682/2213
f 2379/5063/2220 2413/5060/2219 2324/4922/2339
f 2387/4844/2089 2266/4646/2181 2263/4682/2213
f 2240/5064/2137 2190/5065/2139 2223/5066/2334
f 2229/4585/2133 2240/4885/2137 2223/4883/2334
f 2332/4867/2233 2214/4703/2231 2137/4556/2106
f 2255/5067/2337 2166/4789/2287 2349/5068/2399
f 2166/4789/2287 2316/5069/2327 2349/5068/2399
f 2254/4911/2290 2255/5067/2337 2065/4625/2164
f 2316/5069/2327 2350/5070/2330 2349/5068/2399
f 2205/5071/2142 2411/5072/2261 2133/5073/2262
f 2193/5014/2384 2239/5016/2380 2115/5074/2257
f 2115/5074/2257 2371/5075/2385 2193/5014/2384
f 2372/5076/2169 2086/5077/2255 2142/5005/2317
f 2165/4592/2140 2422/5078/2121 2365/4593/2141
f 2290/4596/2143 2167/5079/2400 2155/4597/2120
f 2241/5080/2357 2313/5081/2275 2122/5082/2401
f 2218/4599/2145 2200/5083/2353 2217/4973/2201
f 2232/5084/2402 2139/4598/2144 2218/4599/2145
f 2185/4974/2087 2217/4973/2201 2200/5083/2353
f 2217/4973/2201 2120/4975/2086 2232/5084/2402
f 2399/5085/2069 2239/5086/2380 2112/5087/2389
f 2112/5088/2389 2125/5089/2173 2399/5090/2069
f 2125/5091/2173 2123/5092/2371 2399/5093/2069
f 2341/5094/2157 2423/4945/2351 2146/4655/2190
f 2299/5095/2189 2212/5096/2191 2208/5097/2345
f 2313/4767/2275 2160/4769/2253 2398/5098/2355
f 2111/5099/2283 2376/5100/2403 2238/4830/2306
f 2398/5101/2355 2241/5102/2357 2122/5103/2401
f 2160/5104/2253 2196/5105/2254 2398/5106/2355
f 2346/4989/2377 2406/4938/2344 2355/4937/2343
f 2345/5107/2404 2303/4839/2310 2088/5108/2405
f 2334/4579/2127 2095/4743/2192 2213/5109/2406
f 2095/4743/2192 2335/5110/2193 2213/5109/2406
f 2213/5109/2406 2337/5111/2381 2334/4579/2127
f 2337/5111/2381 2213/5109/2406 2103/4605/2103
f 2213/5109/2406 2404/5112/2390 2103/4605/2103
f 2222/4604/2150 2337/5111/2381 2103/4605/2103
f 2149/4958/2361 2251/4860/2319 2344/4943/2349
f 2251/4860/2319 2094/4727/2246 2344/4943/2349
f 2151/4942/2348 2149/4958/2361 2344/4943/2349
f 2363/4603/2149 2202/4799/2291 2344/4943/2349
f 2103/4553/2103 2215/4552/2081 2363/5113/2149
f 2363/4603/2149 2344/4943/2349 2094/4727/2246
f 2245/5114/2184 2246/5115/2183 2247/5116/2359
f 2076/5117/2259 2245/5118/2184 2427/5119/2407
f 2245/5114/2184 2247/5116/2359 2427/5120/2407
f 2246/5115/2183 2162/5121/2247 2247/5116/2359
f 2247/5116/2359 2260/5122/2363 2427/5120/2407
f 2162/4728/2247 2251/4860/2319 2247/4956/2359
f 2366/4861/2320 2364/4864/2179 2084/4753/2146
f 2084/4753/2146 2364/4864/2179 2302/4862/2321
f 2391/4668/2202 2311/4670/2204 2347/5123/2408
f 2275/5124/2409 2375/4981/2372 2319/4984/2375
f 2375/4981/2372 2275/5124/2409 2328/5125/2410
f 2275/5124/2409 2435/5126/2411 2328/5125/2410
f 2435/5126/2411 2325/4759/2269 2328/5125/2410
f 2325/4759/2269 2327/4758/2196 2328/5125/2410
f 2233/4982/2373 2375/4981/2372 2322/4764/2272
f 2328/5125/2410 2326/4671/2198 2127/5127/2412
f 2375/4981/2372 2328/5125/2410 2127/5127/2412
f 2233/4982/2373 2322/4764/2272 2339/4765/2273
f 2375/4981/2372 2127/5127/2412 2322/4764/2272
f 2233/4982/2373 2267/4985/2376 2342/4840/2311
f 2329/4983/2374 2342/4840/2311 2210/4588/2136
f 2210/4588/2136 2342/4840/2311 2345/5107/2404
f 2345/5107/2404 2211/5128/2413 2210/4588/2136
f 2237/4766/2274 2322/4764/2272 2127/5127/2412
f 2276/4673/2205 2237/4766/2274 2127/5127/2412
f 2345/5107/2404 2342/4840/2311 2303/4839/2310
f 2179/4838/2309 2342/4840/2311 2267/4985/2376
f 2339/4765/2273 2268/4873/2325 2267/4985/2376
f 2086/5077/2255 2381/5004/2251 2142/5005/2317
f 2267/4985/2376 2269/5129/2386 2179/4838/2309
f 2171/4675/2207 2093/5130/2414 2339/4765/2273
f 2118/5131/2415 2093/5130/2414 2171/4675/2207
f 2268/4873/2325 2339/4765/2273 2093/5130/2414
f 2367/4583/2131 2118/5131/2415 2207/4584/2132
f 2207/4584/2132 2118/5131/2415 2286/4906/2336
f 2285/4880/2332 2287/5132/2382 2085/4879/2331
f 2085/5042/2331 2287/4998/2382 2279/4955/2358
f 2390/4760/2270 2085/5042/2331 2279/4955/2358
f 2279/4955/2358 2287/4998/2382 2276/4673/2205
f 2287/4998/2382 2286/4906/2336 2116/4905/2335
f 2276/4673/2205 2287/4998/2382 2116/4905/2335
f 2226/4676/2208 2237/4766/2274 2419/4674/2206
f 2116/4905/2335 2419/4674/2206 2237/4766/2274
f 2171/4675/2207 2286/4906/2336 2118/5131/2415
f 2093/5130/2414 2367/4583/2131 2314/4874/2326
f 2314/4874/2326 2268/4873/2325 2093/5130/2414
f 2261/4576/2070 2079/4575/2125 2078/4837/2308
f 2079/4575/2125 2191/4836/2148 2078/4837/2308
f 2081/4751/2264 2261/4576/2070 2078/4837/2308
f 2132/4554/2104 2137/4556/2106 2102/5133/2316
f 2137/5134/2106 2170/4855/2160 2102/4854/2316
f 2137/4556/2106 2214/4703/2231 2170/4621/2160
f 2361/4876/2328 2201/4785/2286 2136/4784/2236
f 2361/4876/2328 2136/4784/2236 2307/4881/2138
f 2136/4713/2236 2190/4591/2139 2307/4590/2138
f 2190/5065/2139 2132/5135/2104 2223/5066/2334
f 2223/5136/2334 2132/4554/2104 2102/5133/2316
f 2117/4851/2313 2392/4853/2314 2170/5137/2160
f 2158/4850/2315 2117/4847/2313 2170/5138/2160
f 2133/4936/2262 2158/4850/2315 2170/5138/2160
f 2170/5138/2160 2205/5139/2142 2133/4936/2262
f 2188/4706/2230 2130/5140/2200 2386/4704/2232
f 2130/5140/2200 2214/4705/2231 2386/4704/2232
f 2417/5141/2392 2135/5142/2284 2091/5143/2416
f 2135/5142/2284 2194/5144/2282 2395/5145/2318
f 2194/5144/2282 2406/4938/2344 2395/5145/2318
f 2395/5145/2318 2406/4938/2344 2113/4802/2293
f 2385/5146/2417 2178/5147/2418 2199/5148/2419
f 2107/5149/2420 2199/5150/2419 2377/5151/2391
f 2377/5151/2391 2199/5150/2419 2178/5152/2418
f 2377/5151/2391 2417/5141/2392 2107/5149/2420
f 2091/5143/2416 2107/5149/2420 2417/5141/2392
f 2406/4938/2344 2346/4989/2377 2113/4802/2293
f 2395/4859/2318 2404/5034/2390 2135/5153/2284
f 2091/5143/2416 2135/5142/2284 2404/5112/2390
f 2337/4996/2381 2222/5154/2150 2174/5155/2248
f 2153/4848/2312 2089/4550/2101 2187/4549/2100
f 2089/4550/2101 2153/4848/2312 2123/5156/2371
f 2165/4592/2140 2205/4594/2142 2170/5157/2160
f 2253/5158/2421 2255/5067/2337 2349/5068/2399
f 2228/5055/2223 2263/5159/2213 2264/5056/2212
f 2074/4756/2267 2064/4755/2266 2068/4927/2341
f 2293/4825/2065 2262/4543/2090 2220/4542/2094
f 2352/4606/2151 2293/4825/2065 2220/4542/2094
f 2104/5160/2393 2349/5068/2399 2350/5070/2330
f 2288/4877/2329 2304/5161/2394 2350/4878/2330
f 2304/5161/2394 2104/5162/2393 2350/4878/2330
f 2143/5163/2154 2186/5164/2153 2338/5165/2280
f 2087/4711/2234 2378/4701/2229 2330/4719/2241
f 2378/5166/2229 2129/5167/2228 2331/5168/2105
f 2332/5169/2233 2331/5168/2105 2129/5167/2228
f 2331/5170/2105 2330/5171/2241 2378/5172/2229
f 2166/4789/2287 2255/5067/2337 2221/4787/2288
f 2118/5131/2415 2367/4583/2131 2093/5130/2414
f 2356/4821/2304 2310/5173/2123 2224/4820/2303
f 2266/4646/2181 2265/4684/2215 2263/4682/2213
f 2121/4539/2091 2302/5174/2321 2092/4763/2271
f 2136/4713/2236 2309/5175/2238 2298/4714/2237
f 2284/4921/2095 2403/4561/2111 2318/5176/2422
f 2284/4614/2095 2318/5177/2422 2281/4615/2155
f 2262/4841/2090 2408/4843/2112 2284/5178/2095
f 2282/4827/2305 2284/4614/2095 2283/4616/2156
f 2283/4616/2156 2356/5179/2304 2282/4827/2305
f 2310/5173/2123 2356/4821/2304 2281/5180/2155
f 2356/5179/2304 2283/4616/2156 2281/4615/2155
f 2107/5149/2420 2091/5143/2416 2404/5112/2390
f 2434/4926/2340 2067/4928/2342 2071/4627/2166
f 2067/4928/2342 2069/4910/2289 2071/4627/2166
f 2353/5181/2423 2380/5054/2397 2305/5182/2424
f 2341/4617/2157 2146/5183/2190 2340/4618/2158
f 2294/5184/2425 2234/5185/2426 2431/5186/2398
f 2164/5187/2210 2360/5188/2161 2234/5189/2426
f 2234/5190/2426 2430/5191/2427 2429/5192/2428
f 2360/5193/2161 2194/4779/2282 2175/4778/2281
f 2234/5190/2426 2429/5192/2428 2164/5194/2210
f 2360/5193/2161 2175/4778/2281 2409/4782/2162
f 2183/4696/2224 2228/4695/2223 2431/5186/2398
f 2380/5054/2397 2183/4696/2224 2431/5186/2398
f 2431/5186/2398 2234/5185/2426 2380/5054/2397
f 2305/5182/2424 2380/5054/2397 2234/5185/2426
f 2305/5182/2424 2234/5185/2426 2360/5195/2161
f 2422/5196/2121 2165/4620/2140 2290/4596/2143
f 2290/4596/2143 2289/4595/2119 2422/5196/2121
f 2214/4703/2231 2290/4596/2143 2170/4621/2160
f 2153/5197/2312 2414/5198/2118 2123/5092/2371
f 2414/5198/2118 2119/5199/2117 2123/5092/2371
f 2189/4721/2096 2242/4720/2242 2354/4514/2066
f 2189/4545/2096 2354/5200/2066 2098/5201/2217
f 2098/5201/2217 2204/4546/2097 2189/4545/2096
f 2410/5202/2239 2242/4720/2242 2298/4714/2237
f 2418/5203/2235 2358/4776/2240 2351/4775/2279
f 2362/5204/2163 2353/5205/2423 2305/5206/2424
f 2305/5182/2424 2360/5195/2161 2362/4692/2163
f 2409/4782/2162 2416/5207/2113 2362/5208/2163
f 2343/5209/2429 2321/5210/2323 2364/4864/2179
f 2364/5211/2179 2366/5212/2320 2343/5213/2429
f 2366/5212/2320 2179/5214/2309 2343/5213/2429
f 2214/4703/2231 2130/5215/2200 2167/5079/2400
f 2290/4596/2143 2214/4703/2231 2167/5079/2400
f 2161/4574/2124 2218/4599/2145 2180/4572/2122
f 2180/4572/2122 2224/5216/2303 2310/4573/2123
f 2141/4963/2365 2161/4574/2124 2310/4573/2123
f 2374/4951/2354 2413/4689/2219 2150/4688/2218
f 2403/4949/2111 2374/4951/2354 2318/5177/2422
f 2280/4962/2364 2318/5177/2422 2397/4966/2368
f 2397/4966/2368 2318/5177/2422 2374/4951/2354
f 2374/4951/2354 2150/4688/2218 2397/4966/2368
f 2310/4573/2123 2281/4615/2155 2280/4962/2364
f 2218/4599/2145 2217/4973/2201 2232/5084/2402
f 2249/4541/2093 2252/4540/2092 2248/4730/2249
f 2244/5217/2159 2340/5218/2158 2301/5219/2299
f 2341/5220/2157 2128/5221/2430 2197/5222/2431
f 2244/4619/2159 2300/5223/2300 2341/4617/2157
f 2301/5219/2299 2300/5224/2300 2244/5217/2159
f 2300/5223/2300 2128/5225/2430 2341/4617/2157
f 2409/4782/2162 2111/4780/2283 2416/5207/2113
f 2317/5226/2432 2124/5227/2433 2235/4970/2370
f 2124/5228/2433 2241/5229/2357 2147/5230/2356
f 2235/4970/2370 2124/5227/2433 2147/4953/2356
f 2109/5231/2434 2317/5226/2432 2173/5232/2435
f 2317/5226/2432 2235/4970/2370 2173/5232/2435
f 2235/5233/2370 2161/5234/2124 2173/5235/2435
f 2161/4574/2124 2141/4963/2365 2173/5232/2435
f 2111/5099/2283 2238/4830/2306 2297/5236/2168
f 2416/4563/2113 2111/5099/2283 2402/4564/2114
f 2109/5237/2434 2173/5238/2435 2156/5239/2167
f 2173/5232/2435 2141/4963/2365 2231/4965/2367
f 2231/4965/2367 2150/4688/2218 2156/4971/2167
f 2401/4565/2115 2362/5240/2163 2416/4563/2113
f 2173/5232/2435 2231/4965/2367 2156/4971/2167
f 2297/5236/2168 2402/4564/2114 2111/5099/2283
f 2297/5236/2168 2238/4830/2306 2109/5241/2434
f 2156/5242/2167 2401/4565/2115 2402/4564/2114
f 2109/5243/2434 2156/4628/2167 2297/4630/2168
f 2182/5244/2436 2333/5245/2128 2138/5246/2130
f 2340/5247/2158 2164/4679/2210 2311/4678/2204
f 2394/4968/2369 2230/4967/2256 2181/4964/2366
f 2168/4946/2352 2181/5248/2366 2396/4633/2171
f 2280/4962/2364 2231/4965/2367 2141/4963/2365
f 2200/4947/2353 2218/5249/2145 2168/4946/2352
f 2396/4633/2171 2181/5248/2366 2372/4631/2169
f 2185/4611/2087 2200/4947/2353 2422/4612/2121
f 2422/4612/2121 2200/4947/2353 2205/5250/2142
f 2200/4947/2353 2396/4633/2171 2411/5251/2261
f 2205/5250/2142 2200/4947/2353 2411/5251/2261
f 2086/5252/2255 2372/4631/2169 2230/5253/2256
f 2181/5248/2366 2230/5253/2256 2372/4631/2169
f 2205/5254/2142 2365/5255/2141 2422/5256/2121
f 2420/5257/2077 2411/5258/2261 2172/5259/2078
f 2172/5260/2078 2411/5251/2261 2396/4633/2171
f 2362/4692/2163 2306/4693/2221 2353/5181/2423
f 2119/5199/2117 2110/5261/2067 2399/5093/2069
f 2399/5093/2069 2123/5092/2371 2119/5199/2117
f 2317/5262/2432 2109/5241/2434 2238/4830/2306
f 2124/5228/2433 2317/5262/2432 2238/4830/2306
f 2241/5229/2357 2124/5228/2433 2313/4831/2275
f 2313/4767/2275 2398/5098/2355 2122/5263/2401
f 2238/4830/2306 2313/4831/2275 2124/5228/2433
f 2195/4581/2129 2238/5264/2306 2138/4582/2130
f 2376/5100/2403 2182/5265/2436 2138/5266/2130
f 2376/5100/2403 2138/5266/2130 2238/4830/2306
f 2111/5099/2283 2377/5151/2391 2376/5100/2403
f 2188/4702/2230 2145/4698/2226 2140/4697/2225
f 2130/5215/2200 2188/4702/2230 2140/4697/2225
f 2126/4533/2085 2167/5079/2400 2130/5215/2200
f 2155/4597/2120 2167/5079/2400 2185/4535/2087
f 2126/4533/2085 2185/4535/2087 2167/5079/2400
f 2232/5267/2402 2120/4534/2086 2130/5215/2200
f 2139/4817/2144 2232/5267/2402 2243/4818/2301
f 2243/4818/2301 2232/5267/2402 2130/5215/2200
f 2130/5215/2200 2140/4697/2225 2243/4818/2301
f 2144/4803/2294 2106/4527/2079 2203/5268/2307
f 2066/5269/2084 2075/5270/2175 2063/4761/2176
f 2066/5269/2084 2063/4761/2176 2062/4757/2268
f 2377/5151/2391 2178/5152/2418 2182/5265/2436
f 2377/5151/2391 2182/5265/2436 2376/5100/2403
f 2106/4527/2079 2157/4801/2102 2203/5268/2307
f 2253/5158/2421 2349/5068/2399 2104/5160/2393
f 2065/4625/2164 2255/5067/2337 2070/4725/2243
f 2255/5067/2337 2253/5158/2421 2070/4725/2243
f 2253/5158/2421 2104/5160/2393 2357/5271/2244
f 2072/4660/2194 2065/4625/2164 2070/4725/2243
f 2070/4725/2243 2253/5158/2421 2357/5271/2244
f 2104/5160/2393 2273/5272/2395 2357/5271/2244
f 2405/4762/2263 2249/4541/2093 2248/4730/2249
f 2293/5273/2065 2236/5274/2064 2407/5275/2088
f 2407/5276/2088 2236/4512/2064 2266/5277/2181
f 2236/4512/2064 2099/4687/2182 2266/5277/2181
f 2115/4738/2257 2393/4733/2252 2315/4636/2172
f 2115/4738/2257 2315/4636/2172 2333/4635/2128
f 2333/5278/2128 2182/5279/2436 2178/5280/2418
f 2105/5281/2322 2371/5282/2385 2385/5283/2417
f 2371/5282/2385 2115/4738/2257 2385/5283/2417
f 2115/4738/2257 2333/4635/2128 2178/5152/2418
f 2115/4738/2257 2178/5152/2418 2385/5283/2417
f 2248/5284/2249 2250/5285/2185 2245/5286/2184
f 2250/4650/2185 2162/4728/2247 2246/4648/2183
f 2336/4997/2073 2337/4996/2381 2174/5155/2248
f 2385/5283/2417 2199/5150/2419 2335/5110/2193
f 2199/5150/2419 2213/5109/2406 2335/5110/2193
f 2199/5150/2419 2107/5149/2420 2213/5109/2406
f 2105/5281/2322 2385/5283/2417 2335/5110/2193
f 2169/4578/2126 2105/5281/2322 2335/5110/2193
f 2194/5144/2282 2208/4939/2345 2406/4938/2344
f 2211/5128/2413 2209/4586/2134 2210/4588/2136
f 2380/5054/2397 2353/5181/2423 2306/4693/2221
f 2070/4725/2243 2256/4559/2109 2072/4660/2194
f 2326/4664/2198 2328/5287/2410 2327/4662/2196
f 2298/4714/2237 2189/4721/2096 2359/5288/2098
f 2359/5288/2098 2358/4718/2240 2298/4714/2237
f 2269/5129/2386 2321/5210/2323 2343/5209/2429
f 2343/5209/2429 2179/4838/2309 2269/5129/2386
f 2269/5015/2386 2267/5289/2376 2198/5290/2388
f 2267/4985/2376 2268/4873/2325 2383/4872/2324
f 2198/5290/2388 2239/5016/2380 2269/5015/2386
f 2198/5019/2388 2267/4985/2376 2148/5017/2387
f 2148/5291/2387 2267/5292/2376 2383/5293/2324
f 2088/5108/2405 2303/4839/2310 2191/4836/2148
f 2303/4839/2310 2179/4838/2309 2366/4861/2320
f 2191/4836/2148 2303/4839/2310 2366/4861/2320
f 2088/5108/2405 2191/4836/2148 2083/5294/2437
f 2191/4836/2148 2079/4575/2125 2308/5295/2438
f 2079/5296/2125 2080/5297/2071 2308/5298/2438
f 2083/5294/2437 2191/4836/2148 2308/5295/2438
f 2211/5128/2413 2345/5107/2404 2088/5108/2405
f 2107/5149/2420 2404/5112/2390 2213/5109/2406
f 2429/5299/2428 2090/4677/2209 2164/4679/2210
f 2164/4679/2210 2340/5247/2158 2299/5300/2189
f 2194/4779/2282 2360/5193/2161 2299/5095/2189
f 2360/5193/2161 2164/5301/2210 2299/5095/2189
f 2340/5247/2158 2146/5302/2190 2299/5300/2189
f 2299/5095/2189 2208/5097/2345 2194/4779/2282
f 2301/4814/2299 2340/5303/2158 2311/4670/2204
f 2259/4669/2203 2301/4814/2299 2311/4670/2204
f 2311/4670/2204 2348/5304/2378 2347/5123/2408
f 2341/5305/2157 2197/5306/2431 2423/5307/2351
f 2237/4766/2274 2276/4673/2205 2116/4905/2335
f 2127/5127/2412 2326/4671/2198 2276/4673/2205
f 2234/5308/2426 2294/5309/2425 2430/5310/2427
f 2318/5177/2422 2280/4962/2364 2281/4615/2155
f 2120/5311/2086 2126/5312/2085 2130/5313/2200
f 2097/5314/2298 2142/5315/2317 2384/5316/2245
f 2203/4833/2307 2103/4835/2103 2404/5317/2390
